latitude,longitude,brightness,confidence,acq_date,acq_time,frp,land_cover,vegetation_index,distance_to_industry_km,location_key,persistence_count,land_cover_code,source_class,classification_confidence,confidence_percent,risk_score,nearest_industry,industry_type
20.95611,72.65849,389.15,85,2026-09-07,59,49.91,agriculture,0.676,13.26656364993174,20.96_72.66,1,3,Agricultural Burning,0.6,60.0,35.69,Surat Industrial Site 0160,Industrial Estate
18.19879,74.03727,312.02,74,2026-09-06,1920,9.65,agriculture,0.676,18.734210127882086,18.2_74.04,1,3,Other Thermal Source,0.2,20.0,18.42,Pune Industrial Site 0824,Refinery
23.47648,77.29968,308.39,76,2026-07-15,572,17.3,agriculture,0.676,3.973751165900698,23.48_77.3,1,3,Agricultural Burning,0.55,55.0,30.45,Bhopal Industrial Site 1117,Paper Mill
23.08039,77.53501,343.47,69,2026-01-31,2368,15.1,agriculture,0.676,6.194408779221559,23.08_77.54,1,3,Agricultural Burning,0.35,35.0,27.13,Bhopal Industrial Site 0301,Power Plant
23.52334,86.42134,318.43,78,2026-08-15,2241,16.86,agriculture,0.278,1.8400910961416437,23.52_86.42,1,3,Agricultural Burning,0.55,55.0,31.9,Bokaro Industrial Site 0277,Paper Mill
22.60685,88.12504,403.34,100,2026-09-01,1619,52.48,agriculture,0.278,0.0492919993505575,22.61_88.13,1,3,Agricultural Burning,0.8,80.0,51.77,Kolkata Industrial Site 0147,Paper Mill
18.42394,73.69918,409.85,91,2026-05-20,485,72.81,agriculture,0.676,0.0945130943300923,18.42_73.7,4,3,Agricultural Burning,1.0,100.0,71.36,Pune Industrial Site 0008,Thermal Power Plant
23.03902,69.74454,330.31,84,2026-03-20,1257,16.88,agriculture,0.676,110.4730012930075,23.04_69.74,3,3,Agricultural Burning,0.7,70.0,37.49,Rajkot Industrial Site 0834,Refinery
18.42394,73.96697,403.55,96,2026-06-19,1618,25.85,agriculture,0.676,0.0424856034441334,18.42_73.97,2,3,Agricultural Burning,0.8,80.0,57.58,Pune Industrial Site 0248,Thermal Power Plant
17.69321,72.81842,338.87,89,2026-01-31,237,18.1,agriculture,0.676,107.06875467526535,17.69_72.82,3,3,Agricultural Burning,0.7,70.0,39.05,Pune Industrial Site 0488,Thermal Power Plant
23.91308,86.84683,388.22,88,2026-09-19,56,58.85,agriculture,0.278,3.477263110234874,23.91_86.85,1,3,Agricultural Burning,0.8,80.0,44.09,Asansol Industrial Site 1137,Paper Mill
21.55317,87.36812,321.61,90,2026-07-07,1363,24.95,agriculture,0.278,110.20170519747984,21.55_87.37,1,3,Agricultural Burning,0.6,60.0,23.15,Kolkata Industrial Site 0003,Cement Plant
19.88805,75.71487,408.74,99,2026-05-29,709,80.89,agriculture,0.676,0.0214376607869213,19.89_75.71,1,3,Agricultural Burning,0.8,80.0,66.59,Aurangabad Industrial Site 0380,Industrial Estate
28.46804,77.09321,400.94,93,2026-06-29,446,101.54,built_up,0.023,0.0207365112781195,28.47_77.09,2,1,Other Thermal Source,0.8,80.0,83.98,Faridabad Industrial Site 0230,Industrial Estate
21.15624,79.00005,406.0,98,2026-07-14,1866,56.68,agriculture,0.676,0.0261969406615057,21.16_79.0,2,3,Agricultural Burning,0.8,80.0,70.61,Nagpur Industrial Site 0351,Power Plant
20.24344,85.75641,313.6,70,2026-07-15,200,12.77,agriculture,0.607,0.9845199423572986,20.24_85.76,1,3,Agricultural Burning,0.55,55.0,29.1,Bhubaneswar Industrial Site 0405,Chemical Plant
21.53047,81.76163,364.39,88,2026-01-08,1091,23.7,agriculture,0.676,20.14801397699796,21.53_81.76,1,3,Agricultural Burning,0.6,60.0,26.45,Raipur Industrial Site 0031,Power Plant
18.42393,73.69913,374.67,93,2026-05-15,2026,103.87,agriculture,0.676,0.091101183306672,18.42_73.7,4,3,Agricultural Burning,1.0,100.0,79.6,Pune Industrial Site 0008,Thermal Power Plant
10.01416,76.17392,392.7,95,2026-01-10,1633,72.52,agriculture,0.676,0.0498882952209552,10.01_76.17,1,3,Agricultural Burning,0.8,80.0,57.57,Kochi Industrial Site 0217,Paper Mill
24.33419,74.98823,340.68,94,2026-06-18,1483,20.03,agriculture,0.676,105.60322655819972,24.33_74.99,3,3,Agricultural Burning,0.8,80.0,40.02,Kota Industrial Site 0329,Manufacturing Unit
28.65386,77.09682,406.41,92,2026-06-28,2090,95.86,built_up,0.023,0.0494542060913842,28.65_77.1,2,1,Other Thermal Source,0.8,80.0,75.7,Gurugram Industrial Site 0375,Chemical Plant
22.89709,88.35616,409.74,94,2026-02-05,982,82.99,agriculture,0.278,0.0169434146496402,22.9_88.36,3,3,Agricultural Burning,1.0,100.0,86.14,Kolkata Industrial Site 0051,Power Plant
23.53784,87.47296,392.79,95,2026-07-01,1814,86.93,agriculture,0.278,0.0510720637919912,23.54_87.47,2,3,Agricultural Burning,0.8,80.0,72.98,Durgapur Industrial Site 0080,Industrial Estate
26.21456,91.79768,387.8,92,2026-04-01,1071,72.66,built_up,0.161,5.691627366948872,26.21_91.8,1,1,Other Thermal Source,0.6,60.0,46.7,Guwahati Industrial Site 0218,Thermal Power Plant
21.48027,81.59218,309.75,43,2026-06-04,832,0.73,agriculture,0.676,9.749572827242476,21.48_81.59,1,3,Other Thermal Source,0.0,0.0,15.61,Raipur Industrial Site 1087,Paper Mill
25.86113,84.70085,376.08,93,2026-02-22,1267,62.76,built_up,0.023,0.0399754136939937,25.86_84.7,3,1,Other Thermal Source,1.0,100.0,75.92,Patna Industrial Site 0012,Steel Plant
22.41424,70.76595,383.97,97,2026-06-30,2238,59.91,agriculture,0.676,0.038531552005509,22.41_70.77,2,3,Agricultural Burning,0.8,80.0,68.54,Rajkot Industrial Site 0114,Refinery
12.95624,77.66708,382.13,92,2026-07-04,734,84.35,agriculture,0.676,0.0775571544085894,12.96_77.67,2,3,Agricultural Burning,0.8,80.0,66.49,Bengaluru Industrial Site 0149,Manufacturing Unit
28.87083,77.67118,390.24,91,2026-05-12,1109,58.22,built_up,0.023,0.027949085853618,28.87_77.67,2,1,Other Thermal Source,0.8,80.0,70.55,Delhi Industrial Site 0097,Paper Mill
25.19805,75.67012,396.78,92,2026-06-02,2056,33.37,industrial,0.012,0.015539999999806,25.2_75.67,2,0,Industrial Fire,0.8,80.0,65.31,Kota Industrial Site 0377,Paper Mill
14.12469,79.39929,331.85,91,2026-07-09,2269,19.21,agriculture,0.676,109.03112384871278,14.12_79.4,2,3,Agricultural Burning,0.5,50.0,33.0,Chennai Industrial Site 0484,Refinery
23.32108,85.83363,338.18,73,2026-07-20,1456,16.09,agriculture,0.278,20.71901942724394,23.32_85.83,1,3,Agricultural Burning,0.35,35.0,22.66,Bokaro Industrial Site 0325,Chemical Plant
23.72293,87.33486,378.5,98,2026-02-02,575,60.05,agriculture,0.278,0.0459545362293018,23.72_87.33,1,3,Agricultural Burning,0.8,80.0,54.75,Durgapur Industrial Site 0272,Steel Plant
17.31202,78.60723,408.83,92,2026-05-10,1178,58.53,agriculture,0.676,0.0440237810738267,17.31_78.61,2,3,Agricultural Burning,0.8,80.0,66.75,Hyderabad Industrial Site 0102,Steel Plant
23.45285,86.91402,372.81,98,2026-03-09,1597,64.21,agriculture,0.278,0.022227732677074,23.45_86.91,2,3,Agricultural Burning,0.8,80.0,73.75,Asansol Industrial Site 0177,Paper Mill
10.01227,76.11787,322.96,90,2026-01-14,2136,6.52,agriculture,0.676,6.272298952649359,10.01_76.12,3,3,Other Thermal Source,0.55,55.0,39.25,Kochi Industrial Site 0217,Paper Mill
18.39071,73.63707,338.76,89,2026-05-10,1629,3.9,agriculture,0.676,4.228876391727269,18.39_73.64,1,3,Other Thermal Source,0.55,55.0,21.06,Pune Industrial Site 0920,Industrial Estate
28.55865,77.04191,357.51,86,2026-06-03,87,42.64,built_up,0.023,1.2366256882345,28.56_77.04,1,1,Other Thermal Source,0.8,80.0,41.34,Gurugram Industrial Site 0519,Manufacturing Unit
22.40895,73.64615,407.66,95,2026-03-23,864,36.54,agriculture,0.676,0.035328703627839,22.41_73.65,4,3,Agricultural Burning,1.0,100.0,71.41,Vadodara Industrial Site 0065,Chemical Plant
23.72308,87.33501,382.98,98,2026-04-23,1491,114.91,agriculture,0.278,0.0693550171216471,23.72_87.34,2,3,Agricultural Burning,0.8,80.0,75.05,Durgapur Industrial Site 0272,Steel Plant
21.58882,74.77706,328.57,90,2026-09-01,1151,23.26,agriculture,0.676,134.69493778132644,21.59_74.78,1,3,Agricultural Burning,0.6,60.0,21.55,Indore Industrial Site 0014,Refinery
12.88697,77.69639,324.55,74,2026-03-01,1580,5.65,agriculture,0.676,3.5320419766764437,12.89_77.7,1,3,Other Thermal Source,0.4,40.0,22.79,Bengaluru Industrial Site 0821,Power Plant
20.99785,86.94389,333.76,89,2026-05-10,1817,17.86,agriculture,0.278,100.86129207865936,21.0_86.94,1,3,Agricultural Burning,0.5,50.0,21.12,Bhubaneswar Industrial Site 0837,Paper Mill
18.65314,73.87121,388.32,94,2026-05-06,712,47.9,agriculture,0.676,0.0099281418200759,18.65_73.87,1,3,Agricultural Burning,0.8,80.0,58.7,Pune Industrial Site 0056,Textile Industry
26.14675,80.6522,397.94,97,2026-03-21,1868,66.46,built_up,0.023,0.065949321450882,26.15_80.65,1,1,Other Thermal Source,0.8,80.0,51.8,Kanpur Industrial Site 0251,Power Plant
27.02236,75.56563,366.29,91,2026-07-31,753,78.52,built_up,0.023,5.159663040858283,27.02_75.57,1,1,Other Thermal Source,0.6,60.0,48.6,Jaipur Industrial Site 0297,Paper Mill
26.1374,80.09882,327.92,85,2026-08-24,1018,8.04,built_up,0.023,24.084889603170595,26.14_80.1,2,1,Other Thermal Source,0.35,35.0,28.43,Kanpur Industrial Site 0443,Cement Plant
17.61646,83.54923,317.13,66,2026-07-29,2186,2.6,agriculture,0.676,13.82846580243051,17.62_83.55,1,3,Other Thermal Source,0.2,20.0,14.55,Visakhapatnam Industrial Site 0358,Thermal Power Plant
23.46935,85.1675,327.51,86,2026-07-08,1439,7.76,mining,0.114,3.6224540059195744,23.47_85.17,2,4,Other Thermal Source,0.55,55.0,35.84,Ranchi Industrial Site 0835,Chemical Plant
19.80423,75.42511,393.05,100,2026-08-05,1767,84.36,agriculture,0.676,0.0301952645293513,19.8_75.43,1,3,Agricultural Burning,0.8,80.0,65.85,Aurangabad Industrial Site 0092,Steel Plant
24.73379,85.0091,406.06,99,2026-02-17,167,60.41,forest,0.71,0.0362920776475467,24.73_85.01,2,2,Wildfire,0.8,80.0,69.5,Gaya Industrial Site 0178,Thermal Power Plant
26.48785,80.34606,397.87,93,2026-03-18,171,86.03,built_up,0.023,0.0417837970989174,26.49_80.35,3,1,Other Thermal Source,1.0,100.0,81.74,Kanpur Industrial Site 0011,Power Plant
18.40419,74.08679,376.63,97,2026-04-22,1242,65.96,agriculture,0.676,0.0497027212533483,18.4_74.09,3,3,Agricultural Burning,1.0,100.0,73.99,Pune Industrial Site 0344,Refinery
19.57898,72.91782,403.35,99,2026-07-26,1164,32.06,agriculture,0.676,0.0397435806142843,19.58_72.92,2,3,Agricultural Burning,0.8,80.0,59.98,Thane Industrial Site 0045,Chemical Plant
19.97684,75.45161,377.68,90,2026-03-24,102,33.15,agriculture,0.676,6.128210680231431,19.98_75.45,1,3,Agricultural Burning,0.6,60.0,34.44,Aurangabad Industrial Site 0668,Thermal Power Plant
10.85414,77.11378,372.28,91,2026-07-24,1289,27.56,agriculture,0.676,0.0580817510059601,10.85_77.11,2,3,Agricultural Burning,0.8,80.0,53.64,Coimbatore Industrial Site 0072,Steel Plant
26.13764,80.09873,344.61,91,2026-08-12,1645,8.14,built_up,0.023,24.069846950012145,26.14_80.1,2,1,Other Thermal Source,0.35,35.0,28.55,Kanpur Industrial Site 0443,Cement Plant
17.74813,83.33992,398.95,98,2026-03-13,875,54.52,agriculture,0.676,0.0323617830164647,17.75_83.34,3,3,Agricultural Burning,1.0,100.0,75.0,Visakhapatnam Industrial Site 0022,Steel Plant
25.99922,81.76253,343.42,93,2026-01-10,1108,7.6,built_up,0.023,99.05186392790849,26.0_81.76,2,1,Other Thermal Source,0.35,35.0,25.79,Lucknow Industrial Site 0394,Refinery
31.3849,75.89753,339.18,59,2026-05-30,1759,11.52,built_up,0.023,11.22481922544869,31.38_75.9,1,1,Other Thermal Source,0.35,35.0,21.27,Jalandhar Industrial Site 0334,Refinery
21.36413,81.68782,399.08,100,2026-03-05,1983,25.73,agriculture,0.676,0.0549646177095488,21.36_81.69,3,3,Agricultural Burning,1.0,100.0,60.21,Raipur Industrial Site 0031,Power Plant
28.84806,77.07151,373.81,91,2026-03-14,1855,47.24,built_up,0.023,10.350132190677796,28.85_77.07,2,1,Other Thermal Source,0.6,60.0,48.11,Faridabad Industrial Site 0662,Steel Plant
22.87377,86.42424,409.96,92,2026-06-03,563,118.35,agriculture,0.278,0.0719790281952859,22.87_86.42,2,3,Agricultural Burning,0.8,80.0,75.25,Jamshedpur Industrial Site 0164,Refinery
21.32884,81.92592,312.52,60,2026-05-28,1043,0.8,agriculture,0.676,14.043729869977971,21.33_81.93,1,3,Other Thermal Source,0.2,20.0,13.78,Raipur Industrial Site 0271,Power Plant
16.51982,80.41125,387.89,96,2026-01-29,2171,85.38,agriculture,0.676,0.0129922169015187,16.52_80.41,2,3,Agricultural Burning,0.8,80.0,81.07,Vijayawada Industrial Site 0263,Cement Plant
23.39823,77.59262,381.91,89,2026-05-02,1694,62.49,agriculture,0.676,5.345625512220865,23.4_77.59,1,3,Agricultural Burning,0.6,60.0,44.25,Bhopal Industrial Site 0445,Chemical Plant
23.40006,87.59462,366.68,93,2026-01-02,1108,50.15,agriculture,0.278,14.73306851083676,23.4_87.59,1,3,Agricultural Burning,0.6,60.0,35.36,Durgapur Industrial Site 0032,Steel Plant
19.85485,73.7921,382.58,84,2026-02-28,603,17.7,agriculture,0.676,6.240461560694063,19.85_73.79,1,3,Agricultural Burning,0.5,50.0,28.96,Nashik Industrial Site 1051,Power Plant
31.17208,75.56439,378.06,84,2026-08-05,1085,22.36,built_up,0.023,6.656056482483693,31.17_75.56,1,1,Other Thermal Source,0.6,60.0,30.68,Jalandhar Industrial Site 0238,Thermal Power Plant
28.73394,77.49826,372.45,96,2026-03-14,851,40.43,built_up,0.023,10.895271932833928,28.73_77.5,1,1,Other Thermal Source,0.6,60.0,33.82,Delhi Industrial Site 0673,Cement Plant
29.49794,78.41955,334.09,81,2026-02-26,735,18.03,built_up,0.023,108.40197055111156,29.5_78.42,5,1,Other Thermal Source,0.7,70.0,42.48,Delhi Industrial Site 0097,Paper Mill
26.40095,72.81675,375.76,97,2026-07-27,1311,54.3,built_up,0.023,0.0704915548129477,26.4_72.82,2,1,Other Thermal Source,0.8,80.0,59.15,Jodhpur Industrial Site 0030,Industrial Estate
23.3431,85.39389,382.99,99,2026-06-10,1401,107.83,agriculture,0.607,0.0099281418197232,23.34_85.39,1,3,Agricultural Burning,0.8,80.0,74.75,Ranchi Industrial Site 0067,Paper Mill
23.43518,77.3749,384.32,98,2026-05-27,1916,40.47,agriculture,0.676,0.048688401082723,23.44_77.37,2,3,Agricultural Burning,0.8,80.0,60.35,Bhopal Industrial Site 0349,Manufacturing Unit
23.43397,85.27901,378.21,97,2026-02-25,113,93.47,agriculture,0.607,0.0249441476096352,23.43_85.28,2,3,Agricultural Burning,0.8,80.0,81.18,Ranchi Industrial Site 0163,Cement Plant
21.26748,86.55873,344.83,95,2026-08-24,1545,12.85,agriculture,0.278,101.5589201053991,21.27_86.56,1,3,Agricultural Burning,0.5,50.0,17.05,Bhubaneswar Industrial Site 0837,Paper Mill
26.02388,91.74912,408.14,94,2026-02-18,1026,41.28,built_up,0.161,0.0477429052317002,26.02_91.75,3,1,Other Thermal Source,1.0,100.0,67.2,Guwahati Industrial Site 0362,Steel Plant
30.11887,76.71539,344.56,95,2026-07-12,1324,23.54,built_up,0.023,57.56075682311701,30.12_76.72,3,1,Other Thermal Source,0.8,80.0,43.61,Panipat Industrial Site 0287,Paper Mill
28.49794,76.88213,392.04,94,2026-03-20,54,32.82,built_up,0.023,0.0455099999999025,28.5_76.88,2,1,Other Thermal Source,0.8,80.0,58.5,Gurugram Industrial Site 0279,Manufacturing Unit
28.45009,76.76115,407.81,97,2026-08-10,1268,99.25,built_up,0.023,0.0703603425234511,28.45_76.76,4,1,Other Thermal Source,1.0,100.0,80.5,Gurugram Industrial Site 0135,Chemical Plant
17.37881,78.70879,405.54,99,2026-03-23,2394,42.75,agriculture,0.676,0.0345350951943532,17.38_78.71,2,3,Agricultural Burning,0.8,80.0,64.9,Hyderabad Industrial Site 0150,Industrial Estate
9.58492,76.0908,327.4,72,2026-05-05,88,14.4,agriculture,0.676,18.65647388271626,9.58_76.09,1,3,Agricultural Burning,0.35,35.0,21.61,Kochi Industrial Site 0697,Paper Mill
21.00692,72.76705,388.52,100,2026-04-24,2387,33.96,agriculture,0.676,0.0526519230418055,21.01_72.77,3,3,Agricultural Burning,1.0,100.0,63.05,Surat Industrial Site 0160,Industrial Estate
23.40786,74.04713,320.69,93,2026-05-02,1911,15.69,agriculture,0.676,117.12646055694265,23.41_74.05,1,3,Agricultural Burning,0.5,50.0,18.28,Ahmedabad Industrial Site 0055,Chemical Plant
19.57925,72.91806,401.19,95,2026-02-15,2394,81.51,agriculture,0.676,0.0592057809674578,19.58_72.92,2,3,Agricultural Burning,0.8,80.0,69.14,Thane Industrial Site 0045,Chemical Plant
24.78309,84.6907,303.53,58,2026-05-21,1548,4.29,agriculture,0.676,3.1647982388767875,24.78_84.69,1,3,Other Thermal Source,0.4,40.0,22.3,Gaya Industrial Site 0082,Steel Plant
20.21314,82.57305,334.0,94,2026-08-08,642,5.88,agriculture,0.676,120.33010648342264,20.21_82.57,2,3,Other Thermal Source,0.35,35.0,23.25,Raipur Industrial Site 0991,Power Plant
28.32363,73.60315,335.94,65,2026-03-26,1922,11.48,built_up,0.023,16.194256849120755,28.32_73.6,1,1,Other Thermal Source,0.35,35.0,19.83,Bikaner Industrial Site 0605,Chemical Plant
21.84981,73.8877,327.65,91,2026-08-31,2191,16.63,agriculture,0.676,59.580195524308905,21.85_73.89,1,3,Agricultural Burning,0.5,50.0,21.89,Vadodara Industrial Site 0305,Chemical Plant
28.35824,77.3452,302.67,72,2026-07-01,1101,17.89,built_up,0.023,2.4437816568793598,28.36_77.35,1,1,Other Thermal Source,0.55,55.0,32.3,Noida Industrial Site 0520,Industrial Estate
12.97402,80.3608,383.69,99,2026-05-25,1090,99.15,agriculture,0.676,0.0696740554296514,12.97_80.36,1,3,Agricultural Burning,0.8,80.0,59.79,Chennai Industrial Site 0148,Thermal Power Plant
29.39302,76.93232,382.61,90,2026-07-10,571,44.97,built_up,0.023,6.914308679347673,29.39_76.93,1,1,Other Thermal Source,0.6,60.0,37.75,Panipat Industrial Site 0095,Chemical Plant
19.7441,73.80705,330.2,40,2026-02-28,322,1.94,agriculture,0.676,6.310008302094333,19.74_73.81,1,3,Other Thermal Source,0.0,0.0,18.01,Nashik Industrial Site 1051,Power Plant
22.38625,84.26821,343.11,84,2026-03-20,912,22.6,agriculture,0.676,123.96269526092004,22.39_84.27,1,3,Agricultural Burning,0.6,60.0,21.65,Ranchi Industrial Site 0739,Manufacturing Unit
31.81298,75.06697,362.29,88,2026-01-15,1722,15.94,built_up,0.023,9.71441281735478,31.81_75.07,1,1,Other Thermal Source,0.5,50.0,25.63,Amritsar Industrial Site 0220,Industrial Estate
10.09612,76.183,381.44,96,2026-05-01,2101,37.92,agriculture,0.676,0.0779612038128494,10.1_76.18,2,3,Agricultural Burning,0.8,80.0,52.55,Kochi Industrial Site 0169,Manufacturing Unit
31.83306,74.78482,399.49,98,2026-09-08,2250,42.96,built_up,0.023,0.0643895682552164,31.83_74.78,1,1,Other Thermal Source,0.8,80.0,45.14,Amritsar Industrial Site 0172,Steel Plant
21.13493,78.97685,375.87,100,2026-07-27,446,92.98,agriculture,0.676,0.0315521282958005,21.13_78.98,1,3,Agricultural Burning,0.8,80.0,67.9,Nagpur Industrial Site 0159,Manufacturing Unit
16.49215,80.72319,374.87,98,2026-04-02,1552,26.26,agriculture,0.676,0.0362411175322257,16.49_80.72,3,3,Agricultural Burning,1.0,100.0,65.76,Vijayawada Industrial Site 0167,Paper Mill
17.41473,79.83354,325.91,89,2026-06-30,527,8.75,agriculture,0.676,74.78204303521608,17.41_79.83,1,3,Other Thermal Source,0.35,35.0,15.74,Vijayawada Industrial Site 0839,Manufacturing Unit
19.55585,75.56988,402.07,97,2026-01-30,1297,36.75,agriculture,0.676,0.0468309513042182,19.56_75.57,1,3,Agricultural Burning,0.8,80.0,47.53,Aurangabad Industrial Site 0332,Steel Plant
21.07889,81.49292,374.55,99,2026-01-19,741,114.77,agriculture,0.676,0.0402212294687325,21.08_81.49,2,3,Agricultural Burning,0.8,80.0,82.52,Raipur Industrial Site 0319,Manufacturing Unit
9.19183,75.18709,326.34,94,2026-04-04,1082,7.45,agriculture,0.676,109.54412392374256,9.19_75.19,1,3,Other Thermal Source,0.35,35.0,12.93,Kochi Industrial Site 0553,Cement Plant
29.29502,77.16191,373.5,92,2026-01-28,2295,25.94,built_up,0.023,0.044621447757814,29.3_77.16,2,1,Other Thermal Source,0.8,80.0,57.09,Panipat Industrial Site 0047,Paper Mill
19.28434,74.44551,327.29,85,2026-03-16,2094,19.55,agriculture,0.676,55.92981909792257,19.28_74.45,2,3,Agricultural Burning,0.5,50.0,36.0,Nashik Industrial Site 0763,Cement Plant
21.15599,78.99999,381.16,98,2026-04-03,1957,25.61,agriculture,0.676,0.0189026188660184,21.16_79.0,2,3,Agricultural Burning,0.8,80.0,62.82,Nagpur Industrial Site 0351,Power Plant
23.18717,70.05843,341.63,90,2026-08-30,1699,23.06,agriculture,0.676,97.09565864857696,23.19_70.06,3,3,Agricultural Burning,0.8,80.0,41.59,Rajkot Industrial Site 0834,Refinery
25.26644,85.89682,358.79,95,2026-08-24,2041,27.02,agriculture,0.278,13.693838946741236,25.27_85.9,1,3,Agricultural Burning,0.6,60.0,28.7,Begusarai Industrial Site 0227,Paper Mill
20.61405,73.03199,408.97,94,2026-04-01,854,68.79,agriculture,0.676,0.0466860246753396,20.61_73.03,2,3,Agricultural Burning,0.8,80.0,69.29,Vapi Industrial Site 0096,Textile Industry
31.54106,74.8728,389.3,99,2026-01-02,1825,31.3,built_up,0.023,0.0218080398019087,31.54_74.87,3,1,Other Thermal Source,1.0,100.0,69.86,Amritsar Industrial Site 0124,Refinery
22.64717,88.38222,386.11,96,2026-07-08,2103,76.35,agriculture,0.278,0.0645329218315516,22.65_88.38,3,3,Agricultural Burning,1.0,100.0,72.8,Kolkata Industrial Site 0099,Manufacturing Unit
21.38987,73.03016,302.9,56,2026-04-05,1508,3.39,agriculture,0.676,8.231299657435548,21.39_73.03,1,3,Other Thermal Source,0.2,20.0,17.93,Surat Industrial Site 0928,Thermal Power Plant
28.63794,77.373,407.31,96,2026-06-13,1850,60.15,built_up,0.023,0.0337593320427198,28.64_77.37,3,1,Other Thermal Source,1.0,100.0,76.12,Noida Industrial Site 0280,Industrial Estate
29.50235,77.20186,384.15,92,2026-05-05,1433,24.56,built_up,0.023,11.22309604630133,29.5_77.2,1,1,Other Thermal Source,0.6,60.0,28.83,Panipat Industrial Site 0719,Manufacturing Unit
23.1206,72.59228,351.67,91,2026-04-18,136,20.19,agriculture,0.676,4.2598002462326106,23.12_72.59,1,3,Agricultural Burning,0.8,80.0,32.0,Ahmedabad Industrial Site 0151,Power Plant
28.01297,74.85706,335.67,89,2026-08-13,2020,5.5,built_up,0.023,117.47892371571696,28.01_74.86,2,1,Other Thermal Source,0.35,35.0,23.14,Jaipur Industrial Site 1161,Power Plant
20.2024,80.49069,343.83,92,2026-08-06,1105,17.78,agriculture,0.676,124.61455793038814,20.2_80.49,1,3,Agricultural Burning,0.5,50.0,19.58,Raipur Industrial Site 0223,Cement Plant
21.25289,73.00615,405.62,97,2026-04-16,411,80.72,agriculture,0.676,0.0747665546889901,21.25_73.01,1,3,Agricultural Burning,0.8,80.0,53.75,Surat Industrial Site 0064,Refinery
9.96366,76.6048,327.03,70,2026-04-12,321,9.02,agriculture,0.676,18.47594609882815,9.96_76.6,1,3,Other Thermal Source,0.2,20.0,17.85,Kochi Industrial Site 0409,Manufacturing Unit
19.71094,75.43713,380.13,98,2026-07-11,1326,88.43,agriculture,0.676,0.0507210488848939,19.71_75.44,1,3,Agricultural Burning,0.8,80.0,61.78,Aurangabad Industrial Site 0284,Refinery
25.1397,74.07172,327.68,93,2026-02-02,353,13.55,industrial,0.012,129.57395061999304,25.14_74.07,2,0,Other Thermal Source,0.5,50.0,27.91,Jodhpur Industrial Site 0174,Refinery
22.96353,70.11019,329.88,87,2026-06-23,1566,3.17,agriculture,0.676,74.12808859584722,22.96_70.11,2,3,Other Thermal Source,0.35,35.0,24.14,Rajkot Industrial Site 0834,Refinery
19.04572,76.30811,326.75,85,2026-08-07,1833,8.16,agriculture,0.676,99.5687339731954,19.05_76.31,1,3,Other Thermal Source,0.35,35.0,14.21,Aurangabad Industrial Site 0332,Steel Plant
19.2489,72.47902,378.95,97,2026-09-20,1715,35.76,agriculture,0.676,0.0481924112291438,19.25_72.48,2,3,Agricultural Burning,0.8,80.0,58.79,Mumbai Industrial Site 0050,Industrial Estate
31.24783,74.93011,397.64,94,2026-07-05,1436,86.36,built_up,0.023,0.0133661699822481,31.25_74.93,2,1,Other Thermal Source,0.8,80.0,81.36,Amritsar Industrial Site 0076,Textile Industry
19.19845,74.78922,332.07,86,2026-02-25,515,4.75,agriculture,0.676,58.91928542433804,19.2_74.79,4,3,Other Thermal Source,0.55,55.0,34.95,Aurangabad Industrial Site 0812,Steel Plant
22.29113,73.39943,344.1,86,2026-09-15,1562,12.92,agriculture,0.676,9.353607500986152,22.29_73.4,2,3,Agricultural Burning,0.5,50.0,35.35,Vadodara Industrial Site 0449,Manufacturing Unit
25.72404,86.09794,383.78,100,2026-01-31,1060,40.52,industrial,0.167,0.0140405128107407,25.72_86.1,1,0,Industrial Fire,0.8,80.0,56.01,Begusarai Industrial Site 0371,Power Plant
25.36216,76.00854,335.27,70,2026-03-10,378,4.75,industrial,0.012,8.834363365092715,25.36_76.01,1,0,Other Thermal Source,0.2,20.0,18.57,Kota Industrial Site 0953,Cement Plant
26.29898,80.64282,391.49,96,2026-01-21,2378,86.07,built_up,0.023,0.0464744155422251,26.3_80.64,4,1,Other Thermal Source,1.0,100.0,83.29,Kanpur Industrial Site 0347,Paper Mill
22.5805,85.30606,335.09,86,2026-06-12,1825,4.16,agriculture,0.607,58.93156163131098,22.58_85.31,2,3,Other Thermal Source,0.35,35.0,25.42,Ranchi Industrial Site 0019,Manufacturing Unit
23.43325,85.40392,389.01,95,2026-08-07,534,32.06,agriculture,0.607,0.0688557971414477,23.43_85.4,1,3,Agricultural Burning,0.8,80.0,40.63,Ranchi Industrial Site 0307,Paper Mill
27.03652,77.95732,381.68,97,2026-04-26,2354,44.29,built_up,0.023,2.74052975632455,27.04_77.96,1,1,Other Thermal Source,0.8,80.0,40.9,Agra Industrial Site 0906,Textile Industry
26.56995,80.23381,401.98,95,2026-06-23,1209,75.98,built_up,0.023,0.0551101306465469,26.57_80.23,1,1,Other Thermal Source,0.8,80.0,56.8,Kanpur Industrial Site 0203,Cement Plant
25.65315,85.38786,397.39,91,2026-08-15,2394,61.27,built_up,0.152,0.0552998390593177,25.65_85.39,3,1,Other Thermal Source,1.0,100.0,70.69,Patna Industrial Site 0204,Refinery
23.6987,87.29864,332.37,75,2026-09-10,188,10.45,agriculture,0.278,4.541591145898141,23.7_87.3,1,3,Agricultural Burning,0.55,55.0,25.12,Durgapur Industrial Site 0704,Refinery
22.71844,88.33954,385.23,85,2026-09-16,353,23.88,agriculture,0.278,8.39387174210462,22.72_88.34,1,3,Agricultural Burning,0.6,60.0,30.31,Kolkata Industrial Site 0387,Paper Mill
20.28707,73.73677,399.47,96,2026-01-03,2279,91.18,agriculture,0.676,0.0586096817935955,20.29_73.74,2,3,Agricultural Burning,0.8,80.0,71.94,Nashik Industrial Site 0379,Manufacturing Unit
27.22605,78.09781,404.46,91,2026-05-29,2175,27.59,built_up,0.023,0.0337593320432903,27.23_78.1,1,1,Other Thermal Source,0.8,80.0,48.5,Agra Industrial Site 0378,Thermal Power Plant
21.45704,72.71205,382.17,96,2026-07-31,1314,79.27,agriculture,0.676,0.0267323399650203,21.46_72.71,2,3,Agricultural Burning,0.8,80.0,77.08,Surat Industrial Site 0256,Textile Industry
27.07076,72.19019,332.96,83,2026-02-20,2105,23.03,built_up,0.023,86.86680475572747,27.07_72.19,1,1,Other Thermal Source,0.6,60.0,23.98,Jodhpur Industrial Site 0414,Refinery
22.09982,73.50894,338.44,59,2026-04-30,1768,1.44,agriculture,0.676,14.693739280291965,22.1_73.51,1,3,Other Thermal Source,0.2,20.0,13.85,Vadodara Industrial Site 0305,Chemical Plant
21.45705,72.71189,372.31,94,2026-07-22,1282,38.47,agriculture,0.676,0.0324188417438431,21.46_72.71,2,3,Agricultural Burning,0.8,80.0,63.62,Surat Industrial Site 0256,Textile Industry
30.82301,75.87478,384.35,98,2026-02-19,754,48.75,built_up,0.023,0.0428321946675694,30.82_75.87,1,1,Other Thermal Source,0.8,80.0,52.48,Ludhiana Industrial Site 0219,Manufacturing Unit
23.68282,84.30718,328.1,94,2026-03-08,58,8.45,agriculture,0.676,86.12322307395608,23.68_84.31,1,3,Other Thermal Source,0.35,35.0,15.13,Ranchi Industrial Site 0595,Chemical Plant
22.93477,77.49212,324.52,63,2026-08-17,1147,11.3,agriculture,0.676,4.920297589719442,22.93_77.49,1,3,Agricultural Burning,0.55,55.0,25.25,Bhopal Industrial Site 0973,Cement Plant
31.14801,75.51013,394.05,91,2026-07-23,1208,91.45,built_up,0.023,0.0700708106140352,31.15_75.51,2,1,Other Thermal Source,0.8,80.0,69.64,Jalandhar Industrial Site 0238,Thermal Power Plant
18.40407,74.0869,376.65,99,2026-04-26,2072,116.59,agriculture,0.676,0.0473281924443112,18.4_74.09,3,3,Agricultural Burning,1.0,100.0,87.16,Pune Industrial Site 0344,Refinery
23.59556,86.14667,326.72,76,2026-02-13,2031,11.98,agriculture,0.278,5.26310184185158,23.6_86.15,1,3,Agricultural Burning,0.35,35.0,25.47,Bokaro Industrial Site 0517,Paper Mill
19.90504,75.39555,327.05,49,2026-07-18,779,2.34,agriculture,0.676,3.1561375853558165,19.91_75.4,1,3,Other Thermal Source,0.2,20.0,20.96,Aurangabad Industrial Site 1100,Industrial Estate
22.35387,75.71919,384.75,99,2026-08-12,619,105.98,agriculture,0.676,0.0899716455334479,22.35_75.72,1,3,Agricultural Burning,0.8,80.0,58.98,Indore Industrial Site 0014,Refinery
18.91482,72.71114,387.47,96,2026-08-07,1648,36.06,agriculture,0.676,0.0527687975989722,18.91_72.71,1,3,Agricultural Burning,0.8,80.0,45.35,Thane Industrial Site 0093,Cement Plant
22.46801,76.03752,311.88,40,2026-08-21,673,8.02,agriculture,0.676,10.47144808263873,22.47_76.04,1,3,Other Thermal Source,0.0,0.0,19.37,Indore Industrial Site 0638,Thermal Power Plant
26.77928,75.66603,360.8,97,2026-01-30,256,64.27,built_up,0.023,5.330173537906725,26.78_75.67,1,1,Other Thermal Source,0.6,60.0,44.67,Jaipur Industrial Site 0057,Paper Mill
25.05324,76.06402,408.39,96,2026-01-26,1153,114.26,agriculture,0.676,0.0064723566028303,25.05_76.06,1,3,Agricultural Burning,0.8,80.0,76.48,Kota Industrial Site 0185,Chemical Plant
20.97006,79.3098,376.58,92,2026-02-08,188,87.19,agriculture,0.676,0.0472630648610266,20.97_79.31,2,3,Agricultural Burning,0.8,80.0,74.44,Nagpur Industrial Site 0255,Chemical Plant
17.4029,78.2812,347.88,64,2026-01-08,2369,1.99,agriculture,0.676,2.9273671635277703,17.4_78.28,1,3,Other Thermal Source,0.4,40.0,21.0,Hyderabad Industrial Site 0054,Refinery
20.45385,85.6002,387.19,99,2026-05-29,620,30.44,agriculture,0.607,0.0293888090947433,20.45_85.6,1,3,Agricultural Burning,0.8,80.0,50.0,Bhubaneswar Industrial Site 0357,Paper Mill
24.79769,86.07406,323.24,82,2026-06-05,2130,12.79,agriculture,0.278,42.67212339087214,24.8_86.07,2,3,Agricultural Burning,0.5,50.0,31.25,Begusarai Industrial Site 0227,Paper Mill
13.07391,77.75101,360.7,99,2026-05-25,1414,32.86,agriculture,0.676,11.113192834869606,13.07_77.75,1,3,Agricultural Burning,0.6,60.0,30.99,Bengaluru Industrial Site 1157,Paper Mill
27.0002,80.94378,405.09,98,2026-07-01,959,46.17,built_up,0.023,0.0769671150552147,27.0_80.94,5,1,Other Thermal Source,1.0,100.0,65.65,Lucknow Industrial Site 0346,Textile Industry
29.13887,77.01399,372.21,96,2026-07-17,370,105.0,built_up,0.023,0.0409347773907982,29.14_77.01,3,1,Other Thermal Source,1.0,100.0,86.51,Panipat Industrial Site 0143,Cement Plant
22.9475,86.46967,313.74,36,2026-05-03,759,2.86,agriculture,0.278,9.57515165043826,22.95_86.47,1,3,Other Thermal Source,0.0,0.0,16.71,Jamshedpur Industrial Site 0164,Refinery
21.22761,81.56994,365.2,87,2026-07-13,417,23.45,agriculture,0.676,6.048065282163092,21.23_81.57,1,3,Agricultural Burning,0.6,60.0,31.67,Raipur Industrial Site 0463,Cement Plant
28.82817,77.55182,378.05,98,2026-04-30,1003,60.8,built_up,0.023,0.0443999999990289,28.83_77.55,1,1,Other Thermal Source,0.8,80.0,55.63,Noida Industrial Site 0232,Steel Plant
22.69509,75.94917,381.72,91,2026-01-08,2174,78.8,agriculture,0.676,0.051108238083572,22.7_75.95,1,3,Agricultural Burning,0.8,80.0,58.68,Indore Industrial Site 0398,Thermal Power Plant
22.50009,88.47287,382.23,92,2026-05-26,327,74.24,agriculture,0.278,0.0542993121505087,22.5_88.47,3,3,Agricultural Burning,1.0,100.0,74.63,Kolkata Industrial Site 0291,Power Plant
23.03924,69.74467,338.02,83,2026-03-28,640,19.64,agriculture,0.676,110.47504122145484,23.04_69.74,3,3,Agricultural Burning,0.7,70.0,39.3,Rajkot Industrial Site 0834,Refinery
13.26302,80.5633,371.9,96,2026-04-22,1702,36.47,agriculture,0.676,10.247186465543203,13.26_80.56,1,3,Agricultural Burning,0.6,60.0,32.55,Chennai Industrial Site 1012,Steel Plant
21.17892,71.96109,326.25,87,2026-07-01,90,12.77,agriculture,0.676,62.24714465684218,21.18_71.96,1,3,Agricultural Burning,0.5,50.0,18.92,Surat Industrial Site 0016,Textile Industry
21.32538,71.7685,335.56,87,2026-03-29,2284,13.64,agriculture,0.676,84.57860325167645,21.33_71.77,1,3,Agricultural Burning,0.5,50.0,18.65,Surat Industrial Site 0544,Refinery
10.71876,77.00122,405.55,96,2026-02-28,662,56.1,agriculture,0.676,0.095130302742922,10.72_77.0,2,3,Agricultural Burning,0.8,80.0,57.41,Coimbatore Industrial Site 0120,Industrial Estate
19.41379,73.05583,397.38,96,2026-06-11,685,75.31,agriculture,0.676,0.0517431473718185,19.41_73.06,1,3,Agricultural Burning,0.8,80.0,57.55,Thane Industrial Site 0333,Cement Plant
16.92866,82.35721,333.42,89,2026-04-25,161,11.6,agriculture,0.676,105.90273983634728,16.93_82.36,2,3,Agricultural Burning,0.5,50.0,27.9,Visakhapatnam Industrial Site 1126,Textile Industry
23.31169,87.04792,333.76,65,2026-01-28,805,4.13,agriculture,0.278,6.361794934261774,23.31_87.05,1,3,Other Thermal Source,0.2,20.0,19.36,Durgapur Industrial Site 0656,Textile Industry
22.83921,86.09667,371.88,87,2026-07-03,2007,26.47,agriculture,0.278,1.4854209782073,22.84_86.1,1,3,Agricultural Burning,0.8,80.0,36.3,Jamshedpur Industrial Site 0932,Steel Plant
30.94326,75.81303,389.71,96,2026-01-09,1936,59.38,built_up,0.023,2.8430396001816307,30.94_75.81,1,1,Other Thermal Source,0.8,80.0,44.75,Ludhiana Industrial Site 0939,Manufacturing Unit
29.62912,76.75142,327.44,68,2026-08-05,403,17.61,built_up,0.023,7.056908958801156,29.63_76.75,1,1,Other Thermal Source,0.35,35.0,28.35,Panipat Industrial Site 0383,Cement Plant
22.5805,85.306,323.46,91,2026-07-06,1887,7.23,agriculture,0.607,58.93164868925529,22.58_85.31,2,3,Other Thermal Source,0.35,35.0,27.21,Ranchi Industrial Site 0019,Manufacturing Unit
10.22748,76.57806,328.51,59,2026-02-23,45,0.52,agriculture,0.676,18.50120219823713,10.23_76.58,1,3,Other Thermal Source,0.2,20.0,12.89,Kochi Industrial Site 1033,Cement Plant
19.32567,72.5824,383.49,83,2026-05-23,2292,54.61,agriculture,0.676,13.921803376243352,19.33_72.58,1,3,Agricultural Burning,0.6,60.0,37.03,Mumbai Industrial Site 0770,Industrial Estate
22.23199,73.5109,393.51,92,2026-09-13,1884,25.43,agriculture,0.676,0.0238327107139064,22.23_73.51,2,3,Agricultural Burning,0.8,80.0,61.76,Vadodara Industrial Site 0305,Chemical Plant
23.266,77.31992,395.37,91,2026-02-16,1815,29.63,agriculture,0.676,0.0481924112291801,23.27_77.32,2,3,Agricultural Burning,0.8,80.0,56.93,Bhopal Industrial Site 0157,Paper Mill
27.84795,73.23216,387.99,100,2026-01-22,730,92.03,built_up,0.023,0.020010809578855,27.85_73.23,3,1,Other Thermal Source,1.0,100.0,88.04,Bikaner Industrial Site 0173,Cement Plant
20.30557,73.44244,345.89,57,2026-05-21,1918,13.82,agriculture,0.676,19.671094582286752,20.31_73.44,1,3,Agricultural Burning,0.35,35.0,21.0,Nashik Industrial Site 0811,Power Plant
17.60494,78.54589,385.08,91,2026-08-26,74,118.08,agriculture,0.676,0.0239616067904322,17.6_78.55,2,3,Agricultural Burning,0.8,80.0,86.89,Hyderabad Industrial Site 0006,Textile Industry
9.64984,76.67385,401.95,95,2026-08-24,1880,65.33,agriculture,0.676,0.0509392049408742,9.65_76.67,2,3,Agricultural Burning,0.8,80.0,67.06,Kochi Industrial Site 0265,Chemical Plant
22.30061,70.77233,360.82,92,2026-08-08,1728,69.73,agriculture,0.676,3.361110975748178,22.3_70.77,1,3,Agricultural Burning,0.8,80.0,47.7,Rajkot Industrial Site 0210,Industrial Estate
23.05713,77.24118,406.26,100,2026-07-21,2208,95.6,agriculture,0.676,0.0189026188660184,23.06_77.24,3,3,Agricultural Burning,1.0,100.0,89.07,Bhopal Industrial Site 0205,Chemical Plant
28.28104,76.85492,406.4,99,2026-09-13,322,33.1,built_up,0.023,0.0530598577073999,28.28_76.85,3,1,Other Thermal Source,1.0,100.0,62.63,Gurugram Industrial Site 0231,Power Plant
20.16608,73.69401,402.36,93,2026-08-15,1877,112.17,agriculture,0.676,0.0502941477705949,20.17_73.69,1,3,Agricultural Burning,0.8,80.0,67.3,Nashik Industrial Site 0283,Cement Plant
29.51819,77.02304,370.85,86,2026-07-19,140,38.21,built_up,0.023,3.978380760623181,29.52_77.02,1,1,Other Thermal Source,0.8,80.0,37.62,Panipat Industrial Site 1151,Power Plant
29.45481,76.93405,387.2,95,2026-02-08,1529,98.45,built_up,0.023,0.0546611608001172,29.45_76.93,1,1,Other Thermal Source,0.8,80.0,62.79,Panipat Industrial Site 0095,Chemical Plant
25.42023,86.57944,365.71,82,2026-02-09,1677,72.25,agriculture,0.278,7.207554205706672,25.42_86.58,1,3,Agricultural Burning,0.6,60.0,45.48,Munger Industrial Site 0036,Textile Industry
21.35573,78.95226,357.56,96,2026-01-17,1718,52.54,agriculture,0.676,14.924493184239102,21.36_78.95,1,3,Agricultural Burning,0.6,60.0,35.95,Nagpur Industrial Site 0399,Manufacturing Unit
28.50224,77.15394,343.01,49,2026-07-04,2278,6.68,built_up,0.023,1.38844317942791,28.5_77.15,1,1,Other Thermal Source,0.2,20.0,25.19,Delhi Industrial Site 0433,Cement Plant
18.02939,72.19533,327.88,93,2026-08-15,1809,5.78,agriculture,0.676,101.91970020864164,18.03_72.2,1,3,Other Thermal Source,0.35,35.0,12.56,Mumbai Industrial Site 0722,Steel Plant
26.74394,75.59708,400.93,98,2026-04-14,178,37.94,built_up,0.023,0.0727198267332291,26.74_75.6,1,1,Other Thermal Source,0.8,80.0,41.5,Jaipur Industrial Site 0153,Cement Plant
20.07784,73.73656,370.51,95,2026-09-14,1362,42.32,agriculture,0.676,10.907781986269985,20.08_73.74,1,3,Agricultural Burning,0.6,60.0,34.36,Nashik Industrial Site 0283,Cement Plant
26.95778,80.83288,401.73,97,2026-09-15,1367,108.99,built_up,0.023,0.0781506218784273,26.96_80.83,2,1,Other Thermal Source,0.8,80.0,72.31,Lucknow Industrial Site 0154,Refinery
22.61522,75.8288,399.45,94,2026-02-13,2146,75.32,agriculture,0.676,0.0173387542801088,22.62_75.83,1,3,Agricultural Burning,0.8,80.0,65.78,Indore Industrial Site 0062,Steel Plant
19.23935,73.01093,343.59,95,2026-02-21,2387,12.53,agriculture,0.676,5.52875757067462,19.24_73.01,1,3,Agricultural Burning,0.5,50.0,25.57,Thane Industrial Site 1005,Chemical Plant
26.75084,75.62723,405.78,100,2026-04-05,946,57.2,built_up,0.023,0.0690166545114556,26.75_75.63,2,1,Other Thermal Source,0.8,80.0,60.15,Jaipur Industrial Site 0057,Paper Mill
18.42391,73.69897,403.88,91,2026-03-12,1621,64.22,agriculture,0.676,0.0808092197707929,18.42_73.7,4,3,Agricultural Burning,1.0,100.0,69.46,Pune Industrial Site 0008,Thermal Power Plant
20.51425,85.57818,386.52,99,2026-07-18,1996,71.5,agriculture,0.607,0.0474192207860556,20.51_85.58,5,3,Agricultural Burning,1.0,100.0,79.87,Bhubaneswar Industrial Site 0213,Cement Plant
22.04454,80.19017,326.94,83,2026-02-16,2,10.58,agriculture,0.676,126.14824499166156,22.04_80.19,3,3,Agricultural Burning,0.7,70.0,32.35,Nagpur Industrial Site 1071,Power Plant
11.27498,76.63431,321.26,47,2026-05-18,1533,0.52,agriculture,0.676,17.406330465554998,11.27_76.63,1,3,Other Thermal Source,0.0,0.0,13.06,Coimbatore Industrial Site 0264,Refinery
12.19344,78.51079,330.78,93,2026-08-29,276,24.16,agriculture,0.676,114.18741023099524,12.19_78.51,1,3,Agricultural Burning,0.6,60.0,22.66,Bengaluru Industrial Site 0341,Power Plant
20.51399,85.57794,394.98,94,2026-06-28,2,86.77,agriculture,0.607,0.0459947355678289,20.51_85.58,5,3,Agricultural Burning,1.0,100.0,84.57,Bhubaneswar Industrial Site 0213,Cement Plant
28.85559,77.37457,332.44,49,2026-01-31,643,6.42,built_up,0.023,5.614952307722825,28.86_77.37,1,1,Other Thermal Source,0.0,0.0,21.65,Delhi Industrial Site 0481,Power Plant
27.4451,77.9688,377.52,100,2026-03-03,2111,52.13,built_up,0.023,0.0498882952207095,27.45_77.97,1,1,Other Thermal Source,0.8,80.0,51.45,Agra Industrial Site 0186,Textile Industry
22.57242,72.84531,302.26,54,2026-09-19,581,13.85,agriculture,0.676,23.95217959208772,22.57_72.85,1,3,Agricultural Burning,0.35,35.0,20.63,Vadodara Industrial Site 1169,Manufacturing Unit
19.80899,71.75677,344.35,80,2026-06-27,1736,3.76,agriculture,0.676,101.40333973359662,19.81_71.76,1,3,Other Thermal Source,0.35,35.0,11.28,Mumbai Industrial Site 0050,Industrial Estate
25.16778,85.97103,400.96,93,2026-07-01,287,103.58,agriculture,0.278,0.0581029603376929,25.17_85.97,1,3,Agricultural Burning,0.8,80.0,63.2,Begusarai Industrial Site 0227,Paper Mill
19.11093,72.71367,382.29,82,2026-08-05,107,51.36,agriculture,0.676,5.533965308818046,19.11_72.71,1,3,Agricultural Burning,0.6,60.0,40.48,Mumbai Industrial Site 0914,Refinery
26.31393,91.7599,391.99,95,2026-05-06,932,54.52,built_up,0.161,0.0129922169007775,26.31_91.76,1,1,Other Thermal Source,0.8,80.0,60.43,Guwahati Industrial Site 0266,Textile Industry
10.73925,76.91617,344.98,44,2026-03-04,197,16.9,agriculture,0.676,9.62161657205922,10.74_76.92,1,3,Agricultural Burning,0.15,15.0,26.3,Coimbatore Industrial Site 0120,Industrial Estate
27.96025,76.89841,332.97,94,2026-08-17,864,20.75,built_up,0.023,34.7274450455448,27.96_76.9,1,1,Other Thermal Source,0.6,60.0,24.86,Gurugram Industrial Site 0711,Power Plant
23.88191,86.97582,382.97,97,2026-07-17,238,51.03,agriculture,0.278,0.0630456548864024,23.88_86.98,2,3,Agricultural Burning,0.8,80.0,59.6,Asansol Industrial Site 0033,Cement Plant
23.64682,87.1355,335.93,64,2026-06-14,177,15.63,agriculture,0.278,1.361901245208755,23.65_87.14,1,3,Agricultural Burning,0.55,55.0,31.25,Durgapur Industrial Site 0176,Textile Industry
22.63172,86.22925,325.48,87,2026-09-01,290,23.99,agriculture,0.278,9.464817499064656,22.63_86.23,2,3,Agricultural Burning,0.6,60.0,41.65,Jamshedpur Industrial Site 1124,Refinery
10.05613,76.30676,407.95,98,2026-02-10,1681,51.0,agriculture,0.676,0.0685329497402052,10.06_76.31,2,3,Agricultural Burning,0.8,80.0,58.57,Kochi Industrial Site 0313,Cement Plant
17.75144,83.1851,376.15,99,2026-08-31,1766,60.11,agriculture,0.676,4.249021135955558,17.75_83.19,1,3,Agricultural Burning,0.8,80.0,43.84,Visakhapatnam Industrial Site 0214,Refinery
20.16698,72.97379,404.55,100,2026-04-14,2008,34.16,agriculture,0.676,0.0449515739444307,20.17_72.97,1,3,Agricultural Burning,0.8,80.0,47.31,Vapi Industrial Site 0336,Textile Industry
19.24893,72.47897,377.04,91,2026-08-13,971,53.48,agriculture,0.676,0.0417247804073808,19.25_72.48,2,3,Agricultural Burning,0.8,80.0,66.39,Mumbai Industrial Site 0050,Industrial Estate
21.00701,72.76708,399.84,95,2026-08-09,2065,99.9,agriculture,0.676,0.053694636604766,21.01_72.77,3,3,Agricultural Burning,1.0,100.0,81.55,Surat Industrial Site 0160,Industrial Estate
22.96368,70.11005,338.97,89,2026-06-23,1855,23.83,agriculture,0.676,74.1508634539161,22.96_70.11,2,3,Agricultural Burning,0.6,60.0,36.78,Rajkot Industrial Site 0834,Refinery
17.37878,78.70905,377.05,96,2026-01-26,2016,81.46,agriculture,0.676,0.0215523015011877,17.38_78.71,2,3,Agricultural Burning,0.8,80.0,78.53,Hyderabad Industrial Site 0150,Industrial Estate
16.38505,80.61905,381.8,98,2026-09-16,2282,69.63,agriculture,0.676,0.0522172126801266,16.39_80.62,1,3,Agricultural Burning,0.8,80.0,55.79,Vijayawada Industrial Site 0119,Manufacturing Unit
23.59485,86.73924,374.82,95,2026-06-20,2083,61.53,agriculture,0.278,0.057986213016349,23.59_86.74,2,3,Agricultural Burning,0.8,80.0,63.93,Asansol Industrial Site 0369,Manufacturing Unit
30.26889,77.94547,320.18,93,2026-04-20,54,14.73,built_up,0.023,103.6965810078102,30.27_77.95,1,1,Other Thermal Source,0.5,50.0,18.54,Panipat Industrial Site 0239,Manufacturing Unit
18.39814,72.18936,331.51,80,2026-05-03,1178,9.02,agriculture,0.676,71.6518456409661,18.4_72.19,2,3,Other Thermal Source,0.35,35.0,27.95,Mumbai Industrial Site 0722,Steel Plant
23.42801,86.13614,384.68,95,2026-01-23,591,25.43,agriculture,0.278,0.0129447132069457,23.43_86.14,5,3,Agricultural Burning,1.0,100.0,73.44,Bokaro Industrial Site 0133,Cement Plant
31.65308,75.06825,330.98,80,2026-03-12,1250,17.93,built_up,0.023,12.477281352322064,31.65_75.07,2,1,Other Thermal Source,0.5,50.0,37.5,Amritsar Industrial Site 0940,Industrial Estate
28.49986,77.30691,387.68,93,2026-01-20,1648,46.61,built_up,0.023,0.0566099999992487,28.5_77.31,1,1,Other Thermal Source,0.8,80.0,47.97,Delhi Industrial Site 0337,Paper Mill
26.02387,91.74923,403.31,99,2026-01-01,492,118.98,built_up,0.161,0.037674649301866,26.02_91.75,3,1,Other Thermal Source,1.0,100.0,90.4,Guwahati Industrial Site 0362,Steel Plant
25.36201,86.29016,361.81,85,2026-02-13,760,44.68,agriculture,0.278,2.386041758331313,25.36_86.29,1,3,Agricultural Burning,0.8,80.0,41.32,Munger Industrial Site 1092,Steel Plant
26.86798,80.751,402.89,99,2026-04-15,543,110.82,built_up,0.023,0.0428465751254716,26.87_80.75,2,1,Other Thermal Source,0.8,80.0,81.0,Lucknow Industrial Site 0298,Thermal Power Plant
30.2859,76.47607,327.97,84,2026-08-21,2233,10.0,built_up,0.023,60.78992343797288,30.29_76.48,1,1,Other Thermal Source,0.5,50.0,17.45,Ludhiana Industrial Site 1083,Cement Plant
23.04024,77.57409,405.19,91,2026-07-08,1505,118.93,agriculture,0.676,0.0313955410850557,23.04_77.57,3,3,Agricultural Burning,1.0,100.0,91.77,Bhopal Industrial Site 0301,Power Plant
26.29923,80.64296,400.71,92,2026-07-09,2228,70.12,built_up,0.023,0.0461685282418454,26.3_80.64,4,1,Other Thermal Source,1.0,100.0,78.84,Kanpur Industrial Site 0347,Paper Mill
26.08903,91.64695,369.1,99,2026-06-15,2193,18.1,built_up,0.161,3.277335480813907,26.09_91.65,1,1,Other Thermal Source,0.7,70.0,31.95,Guwahati Industrial Site 0458,Thermal Power Plant
23.12802,72.27999,375.76,94,2026-08-12,1365,90.03,agriculture,0.676,0.0509271096761743,23.13_72.28,3,3,Agricultural Burning,1.0,100.0,80.2,Ahmedabad Industrial Site 0391,Power Plant
17.4762,73.02266,329.82,80,2026-07-08,311,3.2,agriculture,0.676,110.02584688477756,17.48_73.02,1,3,Other Thermal Source,0.35,35.0,10.17,Pune Industrial Site 0488,Thermal Power Plant
20.00604,73.65194,405.4,96,2026-08-13,1559,52.18,agriculture,0.676,0.0655276163152026,20.01_73.65,2,3,Agricultural Burning,0.8,80.0,59.3,Nashik Industrial Site 0235,Chemical Plant
27.18801,78.08379,385.45,92,2026-01-07,1239,116.58,built_up,0.023,0.036646814323262,27.19_78.08,1,1,Other Thermal Source,0.8,80.0,71.85,Agra Industrial Site 0282,Steel Plant
12.87822,77.55696,373.97,97,2026-07-16,1893,64.59,agriculture,0.676,0.0519925706231542,12.88_77.56,3,3,Agricultural Burning,1.0,100.0,72.64,Bengaluru Industrial Site 0005,Chemical Plant
21.28693,78.83702,390.96,95,2026-02-13,925,73.3,agriculture,0.676,0.0446214477580494,21.29_78.84,2,3,Agricultural Burning,0.8,80.0,71.15,Nagpur Industrial Site 0399,Manufacturing Unit
26.44859,79.05954,327.67,93,2026-06-03,1299,18.3,built_up,0.023,79.12957948365025,26.45_79.06,1,1,Other Thermal Source,0.5,50.0,22.68,Agra Industrial Site 1002,Steel Plant
19.75625,75.69388,395.93,98,2026-07-01,324,114.63,agriculture,0.676,0.0322664609151585,19.76_75.69,4,3,Agricultural Burning,1.0,100.0,93.29,Aurangabad Industrial Site 0236,Textile Industry
21.27976,81.80924,394.29,100,2026-04-20,316,110.26,agriculture,0.676,0.0315716470904266,21.28_81.81,1,3,Agricultural Burning,0.8,80.0,71.87,Raipur Industrial Site 0271,Power Plant
22.04454,80.19057,332.6,91,2026-08-06,1644,5.89,agriculture,0.676,126.18598481300624,22.04_80.19,3,3,Other Thermal Source,0.55,55.0,29.36,Nagpur Industrial Site 1071,Power Plant
22.67975,72.79807,314.65,39,2026-06-08,2256,3.64,agriculture,0.676,19.740309718162827,22.68_72.8,1,3,Other Thermal Source,0.0,0.0,14.37,Ahmedabad Industrial Site 0103,Cement Plant
25.24549,92.74798,324.67,95,2026-03-15,796,15.06,agriculture,0.278,96.97963935153103,25.25_92.75,2,3,Agricultural Burning,0.5,50.0,31.14,Guwahati Industrial Site 0890,Industrial Estate
16.39176,80.58987,391.44,97,2026-07-01,1378,58.5,agriculture,0.676,0.049141794838902,16.39_80.59,2,3,Agricultural Burning,0.8,80.0,65.26,Vijayawada Industrial Site 0071,Power Plant
28.45018,76.76101,382.63,91,2026-08-18,1254,69.74,built_up,0.023,0.0544352872683714,28.45_76.76,4,1,Other Thermal Source,1.0,100.0,76.21,Gurugram Industrial Site 0135,Chemical Plant
30.74918,75.82683,378.84,99,2026-03-13,1223,38.89,built_up,0.023,0.034570753535419,30.75_75.83,2,1,Other Thermal Source,0.8,80.0,63.57,Ludhiana Industrial Site 0123,Cement Plant
17.24606,81.34332,325.61,85,2026-02-26,478,5.84,agriculture,0.676,76.09168743165414,17.25_81.34,1,3,Other Thermal Source,0.35,35.0,14.0,Vijayawada Industrial Site 0599,Manufacturing Unit
23.42788,86.13606,373.73,94,2026-03-03,919,118.97,agriculture,0.278,0.0212065202241987,23.43_86.14,5,3,Agricultural Burning,1.0,100.0,97.64,Bokaro Industrial Site 0133,Cement Plant
20.21119,75.40664,331.59,70,2026-07-16,2359,4.13,agriculture,0.676,19.13671641820746,20.21_75.41,1,3,Other Thermal Source,0.2,20.0,14.69,Aurangabad Industrial Site 1004,Refinery
20.36847,85.77242,368.62,97,2026-02-20,1772,75.93,agriculture,0.607,5.039335453331627,20.37_85.77,1,3,Agricultural Burning,0.6,60.0,47.91,Bhubaneswar Industrial Site 0645,Chemical Plant
27.0002,80.94393,401.25,94,2026-05-05,1003,33.23,built_up,0.023,0.0692572400547545,27.0_80.94,5,1,Other Thermal Source,1.0,100.0,62.89,Lucknow Industrial Site 0346,Textile Industry
20.13635,75.09456,336.65,59,2026-07-01,1582,3.54,agriculture,0.676,14.98894959950133,20.14_75.09,1,3,Other Thermal Source,0.2,20.0,15.03,Aurangabad Industrial Site 0764,Refinery
25.67982,86.30616,395.36,95,2026-07-01,1959,65.97,industrial,0.167,0.0666924358540427,25.68_86.31,2,0,Industrial Fire,0.8,80.0,63.45,Begusarai Industrial Site 0035,Chemical Plant
27.33182,77.76214,383.8,92,2026-02-09,1546,45.27,built_up,0.023,0.0730326016240845,27.33_77.76,1,1,Other Thermal Source,0.8,80.0,44.17,Agra Industrial Site 0138,Thermal Power Plant
26.73904,80.94759,325.87,70,2026-05-03,1790,5.72,built_up,0.023,6.637730949473066,26.74_80.95,1,1,Other Thermal Source,0.2,20.0,20.4,Lucknow Industrial Site 0922,Steel Plant
24.63411,84.95693,399.26,95,2026-07-30,1308,102.15,forest,0.71,0.0651504758234556,24.63_84.96,3,2,Wildfire,1.0,100.0,79.35,Gaya Industrial Site 0130,Industrial Estate
17.49765,83.49411,363.69,85,2026-02-27,294,57.26,agriculture,0.676,19.362440162978285,17.5_83.49,1,3,Agricultural Burning,0.6,60.0,36.65,Visakhapatnam Industrial Site 1030,Industrial Estate
25.70574,85.98181,341.02,70,2026-06-19,25,2.2,industrial,0.167,10.958958439450305,25.71_85.98,1,0,Other Thermal Source,0.2,20.0,15.28,Begusarai Industrial Site 0275,Chemical Plant
21.42965,79.07714,379.14,96,2026-02-21,1549,48.83,agriculture,0.676,16.424745615154013,21.43_79.08,1,3,Agricultural Burning,0.6,60.0,34.59,Nagpur Industrial Site 1071,Power Plant
28.47899,77.36124,379.44,91,2026-07-24,2394,33.01,built_up,0.023,0.0135492767338237,28.48_77.36,1,1,Other Thermal Source,0.8,80.0,53.49,Noida Industrial Site 0088,Thermal Power Plant
29.36716,77.01918,379.9,91,2026-02-23,1991,99.68,built_up,0.023,0.0283647897929874,29.37_77.02,3,1,Other Thermal Source,1.0,100.0,88.27,Panipat Industrial Site 0335,Chemical Plant
26.27547,91.74879,360.2,86,2026-04-28,2000,23.39,built_up,0.161,4.4565738337202685,26.28_91.75,1,1,Other Thermal Source,0.8,80.0,32.74,Guwahati Industrial Site 0266,Textile Industry
20.16205,85.84312,406.64,96,2026-07-29,2221,87.51,agriculture,0.607,0.0243442005407501,20.16_85.84,3,3,Agricultural Burning,1.0,100.0,86.39,Bhubaneswar Industrial Site 0021,Power Plant
25.68003,86.30576,377.75,98,2026-01-04,1753,66.17,industrial,0.167,0.0482435166632602,25.68_86.31,2,0,Industrial Fire,0.8,80.0,68.21,Begusarai Industrial Site 0035,Chemical Plant
23.61876,87.25053,318.39,40,2026-01-27,1601,5.71,agriculture,0.278,5.761815089170796,23.62_87.25,1,3,Other Thermal Source,0.0,0.0,21.15,Durgapur Industrial Site 0944,Refinery
21.06447,81.42417,318.01,47,2026-03-09,314,4.8,agriculture,0.676,7.823125341830167,21.06_81.42,1,3,Other Thermal Source,0.0,0.0,19.33,Raipur Industrial Site 0319,Manufacturing Unit
22.85763,88.53279,368.63,96,2026-01-06,1581,65.04,agriculture,0.278,10.858424242628413,22.86_88.53,1,3,Agricultural Burning,0.6,60.0,41.36,Kolkata Industrial Site 0963,Cement Plant
11.9912,77.94699,340.38,92,2026-08-11,1076,12.48,agriculture,0.676,100.24046650014402,11.99_77.95,2,3,Agricultural Burning,0.5,50.0,28.78,Bengaluru Industrial Site 0821,Power Plant
10.74494,76.67104,334.24,52,2026-03-29,1629,7.46,agriculture,0.676,32.05709627408052,10.74_76.67,1,3,Other Thermal Source,0.2,20.0,16.09,Coimbatore Industrial Site 0504,Refinery
12.87787,77.55687,384.58,92,2026-07-21,1829,57.06,agriculture,0.676,0.080197019894799,12.88_77.56,3,3,Agricultural Burning,1.0,100.0,64.37,Bengaluru Industrial Site 0005,Chemical Plant
27.25863,77.88337,315.47,37,2026-09-11,1632,16.21,built_up,0.023,2.664855487638953,27.26_77.88,1,1,Other Thermal Source,0.35,35.0,30.95,Agra Industrial Site 0474,Refinery
19.19852,74.78905,324.88,91,2026-09-04,66,18.42,agriculture,0.676,58.92249249544714,19.2_74.79,4,3,Agricultural Burning,0.7,70.0,44.44,Aurangabad Industrial Site 0812,Steel Plant
12.84896,77.82969,315.02,63,2026-03-12,2268,5.92,agriculture,0.676,10.703775755891062,12.85_77.83,1,3,Other Thermal Source,0.2,20.0,18.2,Bengaluru Industrial Site 0341,Power Plant
28.91028,72.28113,332.53,88,2026-08-17,1655,3.06,built_up,0.023,120.95848082537827,28.91_72.28,1,1,Other Thermal Source,0.35,35.0,9.35,Bikaner Industrial Site 0557,Paper Mill
9.65005,76.67394,401.21,100,2026-03-01,1658,52.95,agriculture,0.676,0.0520162628416645,9.65_76.67,2,3,Agricultural Burning,0.8,80.0,62.83,Kochi Industrial Site 0265,Chemical Plant
11.18837,77.19543,356.79,93,2026-04-10,1021,40.1,agriculture,0.676,14.620673804107364,11.19_77.2,1,3,Agricultural Burning,0.6,60.0,32.5,Coimbatore Industrial Site 0840,Industrial Estate
24.33414,74.98837,331.36,82,2026-01-04,1329,5.93,agriculture,0.676,105.59643758889642,24.33_74.99,3,3,Other Thermal Source,0.55,55.0,30.68,Kota Industrial Site 0329,Manufacturing Unit
22.4088,73.64613,383.09,92,2026-02-02,500,78.95,agriculture,0.676,0.0245708974190769,22.41_73.65,4,3,Agricultural Burning,1.0,100.0,86.47,Vadodara Industrial Site 0065,Chemical Plant
23.01076,76.0252,378.23,91,2026-02-26,2083,72.91,agriculture,0.676,0.0294934331675319,23.01_76.03,3,3,Agricultural Burning,1.0,100.0,80.97,Indore Industrial Site 0254,Refinery
23.02845,76.14147,327.06,48,2026-08-06,1031,15.16,agriculture,0.676,13.048821217106148,23.03_76.14,1,3,Agricultural Burning,0.15,15.0,23.43,Indore Industrial Site 0254,Refinery
25.17582,86.34253,380.93,89,2026-07-22,2027,60.29,agriculture,0.278,3.403150663606155,25.18_86.34,1,3,Agricultural Burning,0.8,80.0,44.7,Munger Industrial Site 1140,Industrial Estate
22.47574,88.2302,369.13,93,2026-07-02,629,17.44,agriculture,0.278,9.647687458091024,22.48_88.23,1,3,Agricultural Burning,0.5,50.0,26.66,Kolkata Industrial Site 0867,Paper Mill
20.43202,85.93226,325.93,72,2026-01-18,2311,11.31,agriculture,0.278,2.959030163617599,20.43_85.93,1,3,Agricultural Burning,0.55,55.0,27.01,Bhubaneswar Industrial Site 0309,Manufacturing Unit
28.57757,77.05283,318.76,63,2026-01-17,915,9.56,built_up,0.023,2.1757132623579505,28.58_77.05,1,1,Other Thermal Source,0.4,40.0,26.56,Gurugram Industrial Site 0519,Manufacturing Unit
28.69821,77.00716,405.26,96,2026-02-07,1318,71.25,built_up,0.023,0.0625650197798912,28.7_77.01,2,1,Other Thermal Source,0.8,80.0,65.71,Delhi Industrial Site 0145,Chemical Plant
27.0002,80.94413,401.39,95,2026-08-29,1002,61.41,built_up,0.023,0.0644660631649503,27.0_80.94,5,1,Other Thermal Source,1.0,100.0,72.35,Lucknow Industrial Site 0346,Textile Industry
22.64021,75.77759,316.16,64,2026-01-14,704,10.7,agriculture,0.676,2.237370419957456,22.64_75.78,1,3,Agricultural Burning,0.55,55.0,27.18,Indore Industrial Site 0878,Thermal Power Plant
17.55876,83.45319,328.02,53,2026-05-07,749,17.56,agriculture,0.676,13.44832326709171,17.56_83.45,1,3,Agricultural Burning,0.35,35.0,24.96,Visakhapatnam Industrial Site 0358,Thermal Power Plant
17.60512,78.54595,384.3,100,2026-04-13,849,102.8,agriculture,0.676,0.022032870896946,17.61_78.55,1,3,Agricultural Burning,0.8,80.0,72.09,Hyderabad Industrial Site 0006,Textile Industry
23.53062,87.44346,333.52,36,2026-02-15,2326,9.46,agriculture,0.278,3.3288722340306616,23.53_87.44,1,3,Other Thermal Source,0.2,20.0,25.58,Durgapur Industrial Site 0080,Industrial Estate
21.96112,80.49433,324.28,86,2026-03-02,374,11.25,agriculture,0.676,113.64238767615146,21.96_80.49,2,3,Agricultural Burning,0.5,50.0,26.97,Raipur Industrial Site 0703,Cement Plant
27.84497,73.51129,359.92,82,2026-09-09,466,38.61,built_up,0.023,8.666961102976224,27.84_73.51,1,1,Other Thermal Source,0.6,60.0,34.6,Bikaner Industrial Site 0365,Chemical Plant
28.46781,77.09307,373.85,92,2026-08-08,1378,98.46,built_up,0.023,0.02180803980229,28.47_77.09,2,1,Other Thermal Source,0.8,80.0,82.99,Faridabad Industrial Site 0230,Industrial Estate
23.68493,86.95715,387.34,100,2026-02-16,326,55.3,agriculture,0.278,0.0378866269282315,23.68_86.96,1,3,Agricultural Burning,0.8,80.0,55.89,Asansol Industrial Site 0129,Manufacturing Unit
31.05695,75.77331,322.49,51,2026-01-27,43,4.62,built_up,0.023,4.895237049101933,31.06_75.77,1,1,Other Thermal Source,0.4,40.0,21.05,Ludhiana Industrial Site 0171,Power Plant
28.2114,73.04143,365.0,88,2026-07-11,860,75.65,built_up,0.023,12.706414407101636,28.21_73.04,1,1,Other Thermal Source,0.6,60.0,43.25,Bikaner Industrial Site 0221,Power Plant
24.80688,84.70714,409.21,92,2026-04-16,2132,86.33,agriculture,0.676,0.063347846845034,24.81_84.71,1,3,Agricultural Burning,0.8,80.0,57.84,Gaya Industrial Site 0082,Steel Plant
26.34805,80.42355,347.0,78,2026-06-19,2290,3.62,built_up,0.023,4.057755722478678,26.35_80.42,1,1,Other Thermal Source,0.4,40.0,21.09,Kanpur Industrial Site 1019,Manufacturing Unit
30.80897,75.95823,331.29,91,2026-08-11,230,20.13,built_up,0.023,1.997877896268587,30.81_75.96,5,1,Other Thermal Source,1.0,100.0,55.75,Ludhiana Industrial Site 0267,Paper Mill
19.29202,72.91394,401.02,100,2026-04-02,38,69.25,agriculture,0.676,0.0221999999999482,19.29_72.91,4,3,Agricultural Burning,1.0,100.0,84.1,Thane Industrial Site 0285,Chemical Plant
25.48105,86.60284,395.06,100,2026-06-09,1805,84.46,forest,0.596,0.0643608592236726,25.48_86.6,1,2,Wildfire,0.8,80.0,57.09,Munger Industrial Site 0036,Textile Industry
19.75608,75.69413,396.34,96,2026-01-03,2176,105.35,agriculture,0.676,0.0567838506977855,19.76_75.69,4,3,Agricultural Burning,1.0,100.0,84.68,Aurangabad Industrial Site 0236,Textile Industry
23.63924,87.14507,375.55,93,2026-04-11,2142,66.88,agriculture,0.278,0.0078488852704831,23.64_87.15,1,3,Agricultural Burning,0.8,80.0,64.45,Durgapur Industrial Site 0176,Textile Industry
21.36609,85.05026,332.51,80,2026-06-15,1910,22.2,forest,0.71,111.28661726614956,21.37_85.05,2,2,Wildfire,0.6,60.0,33.8,Bhubaneswar Industrial Site 0213,Cement Plant
12.93609,77.71486,374.51,92,2026-05-29,1476,34.42,agriculture,0.676,0.0740462355551462,12.94_77.71,1,3,Agricultural Burning,0.8,80.0,40.25,Bengaluru Industrial Site 0245,Chemical Plant
27.00757,81.06952,345.97,74,2026-09-06,142,15.18,built_up,0.023,7.960015171668773,27.01_81.07,1,1,Other Thermal Source,0.35,35.0,26.16,Lucknow Industrial Site 0538,Thermal Power Plant
20.06499,73.78375,331.25,86,2026-01-15,571,6.2,agriculture,0.676,9.546103255255035,20.06_73.78,2,3,Other Thermal Source,0.35,35.0,31.0,Nashik Industrial Site 1003,Cement Plant
29.49796,78.41934,332.0,82,2026-01-12,2339,3.32,built_up,0.023,108.3855288937496,29.5_78.42,5,1,Other Thermal Source,0.55,55.0,32.38,Delhi Industrial Site 0097,Paper Mill
16.83061,80.81408,328.48,76,2026-02-05,1407,13.38,agriculture,0.676,21.159690070244544,16.83_80.81,1,3,Agricultural Burning,0.35,35.0,20.43,Vijayawada Industrial Site 0887,Paper Mill
31.02025,76.00119,407.41,98,2026-08-16,1633,118.52,built_up,0.023,0.0154605109890709,31.02_76.0,1,1,Other Thermal Source,0.8,80.0,76.45,Ludhiana Industrial Site 0075,Chemical Plant
32.24416,76.31816,321.82,87,2026-01-29,358,20.9,built_up,0.023,82.60950580828155,32.24_76.32,2,1,Other Thermal Source,0.6,60.0,35.5,Jalandhar Industrial Site 0142,Steel Plant
28.26225,77.41001,378.87,93,2026-05-27,1042,41.96,built_up,0.023,0.086016047921411,28.26_77.41,2,1,Other Thermal Source,0.8,80.0,53.57,Faridabad Industrial Site 0134,Refinery
18.50579,73.79793,378.3,91,2026-09-10,1955,63.4,agriculture,0.676,0.0814622035053206,18.51_73.8,2,3,Agricultural Burning,0.8,80.0,60.22,Pune Industrial Site 0152,Steel Plant
22.85772,72.42022,383.73,91,2026-05-29,934,38.64,agriculture,0.676,5.486419200179478,22.86_72.42,1,3,Agricultural Burning,0.6,60.0,36.71,Ahmedabad Industrial Site 0823,Cement Plant
22.64686,88.38205,389.95,96,2026-08-17,2018,49.2,agriculture,0.278,0.0742456422970164,22.65_88.38,3,3,Agricultural Burning,1.0,100.0,62.9,Kolkata Industrial Site 0099,Manufacturing Unit
22.8971,88.35598,397.48,98,2026-07-06,1030,94.42,agriculture,0.278,0.0114281494562544,22.9_88.36,3,3,Agricultural Burning,1.0,100.0,89.58,Kolkata Industrial Site 0051,Power Plant
28.06907,73.34701,395.28,91,2026-02-24,348,88.6,built_up,0.023,0.0312578838054807,28.07_73.35,2,1,Other Thermal Source,0.8,80.0,78.99,Bikaner Industrial Site 0029,Manufacturing Unit
27.7974,77.76043,323.65,89,2026-05-24,2124,15.75,built_up,0.023,36.63658024577728,27.8_77.76,1,1,Other Thermal Source,0.5,50.0,21.88,Agra Industrial Site 0090,Industrial Estate
23.91591,71.6612,342.77,85,2026-03-22,1485,22.73,agriculture,0.676,94.5646485959652,23.92_71.66,1,3,Agricultural Burning,0.6,60.0,23.57,Ahmedabad Industrial Site 0583,Cement Plant
11.07007,75.24827,343.02,92,2026-03-08,2005,15.76,agriculture,0.676,136.81743805668364,11.07_75.25,1,3,Agricultural Burning,0.5,50.0,17.89,Kochi Industrial Site 0073,Cement Plant
22.19898,70.8141,369.07,98,2026-06-08,1498,64.7,agriculture,0.676,3.4548159332298147,22.2_70.81,1,3,Agricultural Burning,0.8,80.0,46.3,Rajkot Industrial Site 0018,Thermal Power Plant
31.14818,75.51017,397.34,93,2026-02-16,1745,31.79,built_up,0.023,0.0864660788986222,31.15_75.51,2,1,Other Thermal Source,0.8,80.0,50.01,Jalandhar Industrial Site 0238,Thermal Power Plant
30.55423,75.65726,305.36,70,2026-06-11,1593,2.68,built_up,0.023,23.40949615441226,30.55_75.66,1,1,Other Thermal Source,0.2,20.0,13.26,Ludhiana Industrial Site 0507,Paper Mill
25.32737,84.99529,321.13,36,2026-01-21,2236,3.03,forest,0.71,14.00964279376609,25.33_85.0,1,2,Other Thermal Source,0.0,0.0,14.74,Patna Industrial Site 0972,Steel Plant
22.24206,70.8241,398.81,92,2026-04-27,2017,109.74,agriculture,0.676,0.0624072760180224,22.24_70.82,1,3,Agricultural Burning,0.8,80.0,63.84,Rajkot Industrial Site 0162,Steel Plant
20.32303,85.62816,381.99,98,2026-05-04,1382,95.09,agriculture,0.607,0.0627910821686056,20.32_85.63,2,3,Agricultural Burning,0.8,80.0,71.97,Bhubaneswar Industrial Site 0069,Manufacturing Unit
28.88712,77.06366,362.21,86,2026-02-01,1249,52.64,built_up,0.023,14.142442350909226,28.89_77.06,1,1,Other Thermal Source,0.6,60.0,36.2,Delhi Industrial Site 0721,Power Plant
21.03182,72.50209,404.29,98,2026-05-08,601,61.96,agriculture,0.676,0.0829014704334891,21.03_72.5,2,3,Agricultural Burning,0.8,80.0,59.71,Surat Industrial Site 0016,Textile Industry
13.79696,78.48913,320.32,83,2026-04-07,1561,16.3,agriculture,0.676,101.33455237162934,13.8_78.49,2,3,Agricultural Burning,0.5,50.0,31.74,Bengaluru Industrial Site 0053,Cement Plant
25.48068,76.18184,343.37,67,2026-04-27,2245,1.19,industrial,0.012,13.560071525154116,25.48_76.18,1,0,Other Thermal Source,0.2,20.0,14.12,Kota Industrial Site 0521,Power Plant
18.80494,72.69121,391.37,91,2026-07-26,2318,115.59,agriculture,0.676,0.0502573875167197,18.8_72.69,1,3,Agricultural Burning,0.8,80.0,67.86,Mumbai Industrial Site 0098,Thermal Power Plant
26.38097,80.38785,376.15,94,2026-03-01,1784,42.53,built_up,0.023,0.0722268052728724,26.38_80.39,3,1,Other Thermal Source,1.0,100.0,61.55,Kanpur Industrial Site 0059,Manufacturing Unit
23.75397,87.24408,393.56,94,2026-01-06,2107,63.96,agriculture,0.278,0.0576345521370266,23.75_87.24,2,3,Agricultural Burning,0.8,80.0,64.8,Durgapur Industrial Site 0320,Industrial Estate
27.90712,73.13912,406.6,92,2026-06-09,2056,96.28,built_up,0.023,0.0317855627602617,27.91_73.14,3,1,Other Thermal Source,1.0,100.0,86.57,Bikaner Industrial Site 0077,Paper Mill
21.44321,79.24347,379.69,90,2026-02-10,2294,53.05,agriculture,0.676,2.1544616764282942,21.44_79.24,1,3,Agricultural Burning,0.8,80.0,43.82,Nagpur Industrial Site 1071,Power Plant
13.12208,77.87379,374.29,92,2026-02-10,1792,97.18,agriculture,0.676,0.0468441042182779,13.12_77.87,3,3,Agricultural Burning,1.0,100.0,83.04,Bengaluru Industrial Site 0053,Cement Plant
21.93998,76.53401,327.08,93,2026-05-18,1439,5.52,agriculture,0.676,86.95048219604547,21.94_76.53,1,3,Other Thermal Source,0.35,35.0,13.32,Indore Industrial Site 0494,Refinery
31.1031,75.53032,330.98,41,2026-02-26,2283,15.1,built_up,0.023,5.446356024619049,31.1_75.53,1,1,Other Thermal Source,0.15,15.0,27.78,Jalandhar Industrial Site 0238,Thermal Power Plant
27.0461,78.06794,380.15,94,2026-05-11,944,44.48,built_up,0.023,0.0565664538411974,27.05_78.07,1,1,Other Thermal Source,0.8,80.0,47.45,Agra Industrial Site 0330,Industrial Estate
21.00486,79.24424,393.08,91,2026-07-16,2229,58.27,agriculture,0.676,0.0078488852720447,21.0_79.24,1,3,Agricultural Burning,0.8,80.0,61.58,Nagpur Industrial Site 0015,Chemical Plant
22.30115,73.20007,315.05,58,2026-07-17,2010,14.07,agriculture,0.676,2.425109953795317,22.3_73.2,1,3,Agricultural Burning,0.55,55.0,29.35,Vadodara Industrial Site 0113,Cement Plant
12.95595,77.66691,380.42,95,2026-06-25,2267,98.56,agriculture,0.676,0.0448967214838451,12.96_77.67,2,3,Agricultural Burning,0.8,80.0,77.71,Bengaluru Industrial Site 0149,Manufacturing Unit
22.3658,73.14718,402.53,93,2026-02-17,1165,49.93,agriculture,0.676,0.0363599133666145,22.37_73.15,4,3,Agricultural Burning,1.0,100.0,75.5,Vadodara Industrial Site 0161,Power Plant
25.41038,76.00375,351.28,94,2026-01-01,15,49.05,industrial,0.012,6.31371005267043,25.41_76.0,1,0,Other Thermal Source,0.6,60.0,39.02,Kota Industrial Site 0953,Cement Plant
23.00701,86.28411,385.99,97,2026-03-04,733,38.74,agriculture,0.278,0.0418868762265012,23.01_86.28,2,3,Agricultural Burning,0.8,80.0,61.59,Jamshedpur Industrial Site 0116,Textile Industry
26.2183,73.17466,311.62,51,2026-09-08,1401,12.26,built_up,0.023,13.211917625253957,26.22_73.17,1,1,Other Thermal Source,0.35,35.0,21.07,Jodhpur Industrial Site 1038,Thermal Power Plant
16.3058,80.84345,368.25,89,2026-02-21,793,39.3,agriculture,0.676,3.269040457152265,16.31_80.84,1,3,Agricultural Burning,0.8,80.0,38.93,Vijayawada Industrial Site 0503,Cement Plant
28.26423,77.1691,380.13,94,2026-02-24,1570,78.89,built_up,0.023,0.0784574508888649,28.26_77.17,2,1,Other Thermal Source,0.8,80.0,64.78,Faridabad Industrial Site 0326,Textile Industry
22.77336,86.01176,388.13,99,2026-01-17,1025,31.23,agriculture,0.278,9.826870372672298,22.77_86.01,1,3,Agricultural Burning,0.6,60.0,31.3,Jamshedpur Industrial Site 1172,Steel Plant
22.90981,75.65517,380.62,96,2026-08-12,252,95.28,agriculture,0.676,0.0135037328167508,22.91_75.66,4,3,Agricultural Burning,1.0,100.0,92.35,Indore Industrial Site 0206,Textile Industry
10.88604,76.93905,373.67,95,2026-04-29,2081,88.49,agriculture,0.676,0.0306207135778042,10.89_76.94,3,3,Agricultural Burning,1.0,100.0,85.24,Coimbatore Industrial Site 0360,Industrial Estate
12.87778,77.55714,385.71,97,2026-07-08,2381,49.81,agriculture,0.676,0.0700092408186177,12.88_77.56,3,3,Agricultural Burning,1.0,100.0,64.08,Bengaluru Industrial Site 0005,Chemical Plant
25.66607,85.25776,395.56,91,2026-02-18,120,82.17,agriculture,0.6,0.0145997705460991,25.67_85.26,2,3,Agricultural Burning,0.8,80.0,79.84,Patna Industrial Site 0252,Steel Plant
11.36705,76.50676,389.44,98,2026-03-13,50,112.18,agriculture,0.676,0.0557326125350571,11.37_76.51,3,3,Agricultural Burning,1.0,100.0,83.94,Coimbatore Industrial Site 0264,Refinery
26.40119,72.8169,393.49,93,2026-02-11,276,42.43,built_up,0.023,0.0741958408530043,26.4_72.82,2,1,Other Thermal Source,0.8,80.0,54.78,Jodhpur Industrial Site 0030,Industrial Estate
23.08244,77.49084,365.45,97,2026-02-13,1875,62.4,agriculture,0.676,2.9214814112200758,23.08_77.49,1,3,Agricultural Burning,0.8,80.0,46.23,Bhopal Industrial Site 0877,Paper Mill
17.58884,78.47594,407.6,91,2026-05-31,892,44.79,agriculture,0.676,0.0346952691302058,17.59_78.48,2,3,Agricultural Burning,0.8,80.0,65.48,Hyderabad Industrial Site 0198,Thermal Power Plant
21.06906,79.29289,312.37,43,2026-09-06,2260,6.2,agriculture,0.676,8.024657080056743,21.07_79.29,1,3,Other Thermal Source,0.0,0.0,20.03,Nagpur Industrial Site 0783,Cement Plant
22.1119,72.88402,382.47,99,2026-09-19,411,66.48,agriculture,0.676,0.00647235660398,22.11_72.88,1,3,Agricultural Burning,0.8,80.0,64.55,Vadodara Industrial Site 0209,Manufacturing Unit
17.95262,83.10073,337.71,51,2026-01-03,893,17.74,agriculture,0.676,15.460195757392556,17.95_83.1,1,3,Agricultural Burning,0.35,35.0,24.6,Visakhapatnam Industrial Site 0502,Steel Plant
23.41147,85.50764,359.35,88,2026-05-21,1421,26.55,agriculture,0.607,11.706085260734676,23.41_85.51,1,3,Agricultural Burning,0.6,60.0,29.18,Ranchi Industrial Site 0307,Paper Mill
20.1158,73.90081,383.83,94,2026-03-25,83,32.54,agriculture,0.676,0.0268473183027254,20.12_73.9,1,3,Agricultural Burning,0.8,80.0,51.07,Nashik Industrial Site 0331,Power Plant
25.6658,85.25824,405.78,99,2026-06-09,2193,91.88,agriculture,0.6,0.0710746790356469,25.67_85.26,2,3,Agricultural Burning,0.8,80.0,69.6,Patna Industrial Site 0252,Steel Plant
11.88992,78.43601,327.28,80,2026-01-01,981,17.56,agriculture,0.676,133.6829911750404,11.89_78.44,1,3,Agricultural Burning,0.5,50.0,19.09,Bengaluru Industrial Site 0341,Power Plant
28.75382,77.31676,332.94,39,2026-07-20,524,3.1,built_up,0.023,3.166461340266497,28.75_77.32,1,1,Other Thermal Source,0.2,20.0,21.38,Noida Industrial Site 0760,Industrial Estate
23.42793,85.99263,358.21,82,2026-08-16,295,26.91,agriculture,0.278,5.8171117121816005,23.43_85.99,1,3,Agricultural Burning,0.6,60.0,33.0,Bokaro Industrial Site 0325,Chemical Plant
19.56119,73.05885,407.95,95,2026-08-23,2314,51.05,agriculture,0.676,0.0776999999992668,19.56_73.06,3,3,Agricultural Burning,1.0,100.0,63.21,Thane Industrial Site 0189,Manufacturing Unit
23.16491,72.11,407.72,98,2026-07-17,2192,45.48,agriculture,0.676,0.0597444030848517,23.16_72.11,2,3,Agricultural Burning,0.8,80.0,58.82,Ahmedabad Industrial Site 0247,Paper Mill
13.21981,77.39101,388.92,99,2026-07-02,387,53.09,agriculture,0.676,7.461828601577154,13.22_77.39,1,3,Agricultural Burning,0.6,60.0,39.83,Bengaluru Industrial Site 0293,Cement Plant
26.65662,80.25912,306.83,72,2026-09-07,1723,13.87,built_up,0.023,8.678111472527036,26.66_80.26,1,1,Other Thermal Source,0.35,35.0,24.61,Kanpur Industrial Site 0635,Chemical Plant
21.09904,72.78299,381.11,93,2026-03-22,448,25.52,agriculture,0.676,0.0455641141687499,21.1_72.78,1,3,Agricultural Burning,0.8,80.0,44.78,Surat Industrial Site 0112,Steel Plant
27.02027,75.89396,380.46,92,2026-03-29,86,71.87,built_up,0.023,9.865793147416069,27.02_75.89,1,1,Other Thermal Source,0.6,60.0,43.59,Jaipur Industrial Site 0825,Chemical Plant
26.00892,73.29212,380.62,100,2026-02-17,1006,25.07,built_up,0.023,0.0376909975994784,26.01_73.29,2,1,Other Thermal Source,0.8,80.0,58.69,Jodhpur Industrial Site 0174,Refinery
23.72281,87.33511,398.44,94,2026-08-02,1666,53.56,agriculture,0.278,0.0659773392915056,23.72_87.34,2,3,Agricultural Burning,0.8,80.0,59.95,Durgapur Industrial Site 0272,Steel Plant
27.24091,80.8569,374.49,95,2026-05-23,1386,41.87,built_up,0.023,0.0437430142995136,27.24_80.86,1,1,Other Thermal Source,0.8,80.0,50.32,Lucknow Industrial Site 0058,Thermal Power Plant
24.57593,84.96588,375.06,94,2026-01-19,358,96.85,forest,0.71,0.0488526120080879,24.58_84.97,1,2,Wildfire,0.8,80.0,64.27,Gaya Industrial Site 0322,Steel Plant
26.17812,91.76189,394.97,95,2026-01-23,2104,52.47,built_up,0.161,0.0685059771117208,26.18_91.76,2,1,Other Thermal Source,0.8,80.0,58.96,Guwahati Industrial Site 0218,Thermal Power Plant
23.19982,72.41807,408.97,91,2026-07-29,1439,55.22,agriculture,0.676,0.0769110661740851,23.2_72.42,2,3,Agricultural Burning,0.8,80.0,58.27,Ahmedabad Industrial Site 0295,Chemical Plant
9.21037,75.38171,343.82,87,2026-03-20,41,20.95,agriculture,0.676,91.24781025314208,9.21_75.38,2,3,Agricultural Burning,0.6,60.0,35.04,Kochi Industrial Site 0553,Cement Plant
31.83286,74.78511,383.94,92,2026-07-15,555,29.18,built_up,0.023,0.0631823076502663,31.83_74.79,2,1,Other Thermal Source,0.8,80.0,52.76,Amritsar Industrial Site 0172,Steel Plant
25.44611,86.20191,383.49,100,2026-02-18,250,108.65,agriculture,0.278,0.055031825338146,25.45_86.2,3,3,Agricultural Burning,1.0,100.0,83.15,Munger Industrial Site 0324,Refinery
23.77177,87.13296,407.51,100,2026-09-20,2131,60.34,agriculture,0.278,0.0516358828724292,23.77_87.13,1,3,Agricultural Burning,0.8,80.0,53.26,Asansol Industrial Site 0273,Cement Plant
27.19853,75.84203,313.64,67,2026-03-07,1217,1.58,built_up,0.023,10.891069760679477,27.2_75.84,1,1,Other Thermal Source,0.2,20.0,15.21,Jaipur Industrial Site 0249,Manufacturing Unit
18.4038,74.08679,398.59,97,2026-05-14,1883,97.87,agriculture,0.676,0.0244199999998642,18.4_74.09,3,3,Agricultural Burning,1.0,100.0,88.58,Pune Industrial Site 0344,Refinery
32.20845,76.37997,337.46,84,2026-07-02,323,4.7,built_up,0.023,84.2235976520239,32.21_76.38,2,1,Other Thermal Source,0.35,35.0,24.83,Jalandhar Industrial Site 0142,Steel Plant
19.56097,73.05909,380.19,100,2026-01-29,1243,95.45,agriculture,0.676,0.0418868762265012,19.56_73.06,3,3,Agricultural Burning,1.0,100.0,83.89,Thane Industrial Site 0189,Manufacturing Unit
19.23677,72.65508,306.99,57,2026-02-24,2311,10.87,agriculture,0.676,9.790721006545182,19.24_72.66,1,3,Agricultural Burning,0.35,35.0,21.76,Mumbai Industrial Site 0770,Industrial Estate
23.22654,84.99208,313.63,65,2026-09-10,1949,2.2,forest,0.71,1.82150323581964,23.23_84.99,1,2,Other Thermal Source,0.4,40.0,21.98,Ranchi Industrial Site 0739,Manufacturing Unit
18.91522,72.71104,405.63,94,2026-09-10,540,41.47,agriculture,0.676,0.0702025640559235,18.92_72.71,3,3,Agricultural Burning,1.0,100.0,61.67,Thane Industrial Site 0093,Cement Plant
19.91901,73.83508,378.22,95,2026-04-19,812,27.23,agriculture,0.676,0.0503308811773134,19.92_73.84,1,3,Agricultural Burning,0.8,80.0,43.82,Nashik Industrial Site 0043,Cement Plant
23.196,85.30514,402.32,99,2026-04-16,1940,37.84,agriculture,0.607,0.060359917991005,23.2_85.31,1,3,Agricultural Burning,0.8,80.0,43.88,Ranchi Industrial Site 0355,Chemical Plant
20.23282,85.97219,405.43,100,2026-04-06,2150,112.14,agriculture,0.278,0.0599502768968711,20.23_85.97,2,3,Agricultural Burning,0.8,80.0,76.44,Bhubaneswar Industrial Site 0261,Power Plant
26.5217,72.96162,366.81,82,2026-08-02,1165,72.26,built_up,0.023,18.78790459406228,26.52_72.96,1,1,Other Thermal Source,0.6,60.0,41.26,Jodhpur Industrial Site 0462,Steel Plant
23.03989,77.57424,400.53,94,2026-07-03,786,101.28,agriculture,0.676,0.0644373882158929,23.04_77.57,3,3,Agricultural Burning,1.0,100.0,79.35,Bhopal Industrial Site 0301,Power Plant
27.24541,79.21908,330.91,84,2026-03-27,987,18.32,built_up,0.023,92.31366452390824,27.25_79.22,2,1,Other Thermal Source,0.5,50.0,33.92,Agra Industrial Site 1002,Steel Plant
26.4881,80.34601,389.0,93,2026-06-11,493,85.23,built_up,0.023,0.0377563200020115,26.49_80.35,3,1,Other Thermal Source,1.0,100.0,82.51,Kanpur Industrial Site 0011,Power Plant
16.401,79.60586,339.28,88,2026-07-05,41,19.9,agriculture,0.676,80.05495182463285,16.4_79.61,1,3,Agricultural Burning,0.5,50.0,23.3,Vijayawada Industrial Site 0215,Chemical Plant
22.35756,71.10266,329.45,69,2026-08-18,397,17.0,agriculture,0.676,6.170518853143791,22.36_71.1,1,3,Agricultural Burning,0.35,35.0,28.46,Rajkot Industrial Site 1170,Industrial Estate
21.16619,72.58902,396.96,99,2026-03-06,552,70.23,agriculture,0.676,0.05063595659163,21.17_72.59,2,3,Agricultural Burning,0.8,80.0,68.45,Surat Industrial Site 0304,Refinery
19.19875,74.78922,333.28,92,2026-08-08,1640,11.73,agriculture,0.676,58.89086840995488,19.2_74.79,4,3,Agricultural Burning,0.7,70.0,39.38,Aurangabad Industrial Site 0812,Steel Plant
23.41049,72.43183,342.88,91,2026-09-13,48,4.71,agriculture,0.676,18.34683018160049,23.41_72.43,1,3,Other Thermal Source,0.35,35.0,15.31,Ahmedabad Industrial Site 1063,Cement Plant
22.28022,73.3461,389.92,89,2026-01-21,1399,53.48,agriculture,0.676,8.70589919445441,22.28_73.35,1,3,Agricultural Burning,0.6,60.0,39.29,Vadodara Industrial Site 0929,Manufacturing Unit
23.79599,86.2098,388.23,93,2026-06-15,361,88.53,agriculture,0.278,0.0186069906219726,23.8_86.21,2,3,Agricultural Burning,0.8,80.0,81.42,Bokaro Industrial Site 0181,Power Plant
19.02796,72.80924,409.04,98,2026-04-29,921,110.63,agriculture,0.676,0.0546047800102412,19.03_72.81,2,3,Agricultural Burning,0.8,80.0,77.51,Mumbai Industrial Site 0338,Thermal Power Plant
26.07478,91.56656,342.89,40,2026-09-12,1645,8.41,built_up,0.161,0.7072093897137864,26.07_91.57,1,1,Other Thermal Source,0.2,20.0,26.32,Guwahati Industrial Site 1034,Refinery
20.32294,85.6281,375.94,97,2026-08-11,1705,94.95,agriculture,0.607,0.0586201919139831,20.32_85.63,2,3,Agricultural Burning,0.8,80.0,72.78,Bhubaneswar Industrial Site 0069,Manufacturing Unit
20.00609,73.65183,373.05,92,2026-05-17,1013,36.64,agriculture,0.676,0.078934971336118,20.01_73.65,2,3,Agricultural Burning,0.8,80.0,52.0,Nashik Industrial Site 0235,Chemical Plant
22.69717,75.78882,408.05,95,2026-04-24,1483,88.2,agriculture,0.676,0.0367642992593338,22.7_75.79,1,3,Agricultural Burning,0.8,80.0,65.65,Indore Industrial Site 0110,Industrial Estate
27.92279,73.19185,326.64,67,2026-03-05,754,10.93,built_up,0.023,6.1085624642306895,27.92_73.19,1,1,Other Thermal Source,0.35,35.0,24.28,Bikaner Industrial Site 0077,Paper Mill
28.80138,77.07269,323.01,52,2026-06-28,1895,1.59,built_up,0.023,5.469732325598753,28.8_77.07,1,1,Other Thermal Source,0.2,20.0,18.77,Faridabad Industrial Site 0662,Steel Plant
29.28572,76.93865,336.24,49,2026-03-22,1410,17.44,built_up,0.023,2.8207893427182897,29.29_76.94,1,1,Other Thermal Source,0.35,35.0,31.59,Panipat Industrial Site 0767,Paper Mill
18.09568,73.82282,331.1,95,2026-04-12,2101,15.34,agriculture,0.676,27.111689489594724,18.1_73.82,1,3,Agricultural Burning,0.5,50.0,21.65,Pune Industrial Site 0824,Refinery
20.28706,73.73677,378.68,93,2026-03-29,153,43.08,agriculture,0.676,0.059080786216367,20.29_73.74,2,3,Agricultural Burning,0.8,80.0,58.3,Nashik Industrial Site 0379,Manufacturing Unit
26.38261,91.72736,357.35,84,2026-03-11,2135,39.06,built_up,0.161,8.129307250835575,26.38_91.73,1,1,Other Thermal Source,0.6,60.0,35.15,Guwahati Industrial Site 0506,Textile Industry
25.30485,86.14085,396.17,96,2026-06-21,2353,118.55,agriculture,0.278,0.0673450822264306,25.3_86.14,1,3,Agricultural Burning,0.8,80.0,64.46,Begusarai Industrial Site 0179,Manufacturing Unit
25.71677,85.30222,385.33,97,2026-04-22,775,115.81,industrial,0.028,0.0558981717050904,25.72_85.3,2,0,Industrial Fire,0.8,80.0,78.2,Patna Industrial Site 0060,Industrial Estate
31.73088,74.59679,360.24,92,2026-08-10,1349,46.95,built_up,0.023,12.376175258519885,31.73_74.6,1,1,Other Thermal Source,0.6,60.0,35.3,Amritsar Industrial Site 0844,Refinery
18.99685,73.00478,383.77,93,2026-04-16,1090,98.5,agriculture,0.676,0.033977605860771,19.0_73.0,1,3,Agricultural Burning,0.8,80.0,68.69,Thane Industrial Site 0141,Power Plant
25.15312,86.56184,406.92,96,2026-02-07,1802,85.31,agriculture,0.278,0.0486504275414794,25.15_86.56,1,3,Agricultural Burning,0.8,80.0,61.53,Munger Industrial Site 0132,Steel Plant
24.82226,84.94577,332.09,42,2026-09-13,1776,13.29,built_up,0.156,1.8424665945679797,24.82_84.95,1,1,Other Thermal Source,0.35,35.0,29.25,Gaya Industrial Site 0562,Steel Plant
25.38383,86.21323,401.51,92,2026-04-24,519,32.92,agriculture,0.278,0.0500854829264218,25.38_86.21,1,3,Agricultural Burning,0.8,80.0,45.45,Munger Industrial Site 0180,Industrial Estate
21.90148,73.70704,343.92,86,2026-03-02,1070,13.74,agriculture,0.676,42.67284837321799,21.9_73.71,1,3,Agricultural Burning,0.5,50.0,20.1,Vadodara Industrial Site 0305,Chemical Plant
23.12825,72.27999,394.86,98,2026-02-02,109,77.18,agriculture,0.676,0.0631042565916011,23.13_72.28,3,3,Agricultural Burning,1.0,100.0,73.5,Ahmedabad Industrial Site 0391,Power Plant
22.80879,86.19919,391.71,97,2026-09-14,1582,78.89,agriculture,0.278,0.0199800000000323,22.81_86.2,2,3,Agricultural Burning,0.8,80.0,78.24,Jamshedpur Industrial Site 0308,Thermal Power Plant
28.26377,77.16907,382.97,93,2026-08-07,1990,38.14,built_up,0.023,0.041724780405996,28.26_77.17,2,1,Other Thermal Source,0.8,80.0,61.35,Faridabad Industrial Site 0326,Textile Industry
19.85005,74.91702,376.06,98,2026-06-25,1577,80.17,agriculture,0.676,0.0398519372176851,19.85_74.92,2,3,Agricultural Burning,0.8,80.0,74.28,Aurangabad Industrial Site 0140,Industrial Estate
31.52898,75.73816,372.91,93,2026-02-12,1733,68.84,built_up,0.023,0.0593305123852426,31.53_75.74,1,1,Other Thermal Source,0.8,80.0,53.82,Jalandhar Industrial Site 0094,Refinery
18.48513,73.83624,322.84,88,2026-02-16,776,12.86,agriculture,0.676,4.308090753744631,18.49_73.84,1,3,Agricultural Burning,0.7,70.0,26.74,Pune Industrial Site 0776,Textile Industry
20.12377,71.84276,337.52,94,2026-03-10,2383,24.31,agriculture,0.676,94.94591220797766,20.12_71.84,2,3,Agricultural Burning,0.6,60.0,36.04,Vapi Industrial Site 0960,Industrial Estate
28.50825,77.03194,405.49,92,2026-04-25,1895,42.55,built_up,0.023,0.0228832362229376,28.51_77.03,2,1,Other Thermal Source,0.8,80.0,67.2,Gurugram Industrial Site 0087,Paper Mill
20.288,85.7322,401.52,92,2026-09-15,1575,27.09,agriculture,0.607,0.0462618384846777,20.29_85.73,1,3,Agricultural Burning,0.8,80.0,45.14,Bhubaneswar Industrial Site 0165,Chemical Plant
24.56802,84.81313,391.88,94,2026-07-30,459,109.54,agriculture,0.676,0.0483583064213584,24.57_84.81,1,3,Agricultural Burning,0.8,80.0,67.44,Gaya Industrial Site 0370,Industrial Estate
23.70445,86.6548,308.16,68,2026-04-08,1806,14.76,agriculture,0.278,3.8247101697255768,23.7_86.65,1,3,Agricultural Burning,0.55,55.0,28.73,Asansol Industrial Site 0417,Paper Mill
22.6415,86.46046,339.87,75,2026-01-27,1056,11.12,agriculture,0.278,7.577235140141342,22.64_86.46,1,3,Agricultural Burning,0.35,35.0,23.3,Jamshedpur Industrial Site 0596,Textile Industry
28.87121,77.67112,407.36,97,2026-07-25,1894,40.8,built_up,0.023,0.0501592284633533,28.87_77.67,2,1,Other Thermal Source,0.8,80.0,60.03,Delhi Industrial Site 0097,Paper Mill
25.46162,84.93217,318.99,65,2026-03-22,1827,17.59,agriculture,0.329,2.04428040339354,25.46_84.93,1,3,Agricultural Burning,0.55,55.0,32.24,Patna Industrial Site 1020,Industrial Estate
23.11081,85.31294,390.78,93,2026-08-19,1906,92.5,agriculture,0.607,0.0622491325241455,23.11_85.31,1,3,Agricultural Burning,0.8,80.0,59.79,Ranchi Industrial Site 0019,Manufacturing Unit
16.31488,80.57284,392.35,91,2026-08-26,1108,43.09,agriculture,0.676,0.0431046030022535,16.31_80.57,1,3,Agricultural Burning,0.8,80.0,50.93,Vijayawada Industrial Site 0023,Cement Plant
17.51112,83.19596,391.46,92,2026-05-30,1870,91.2,agriculture,0.676,0.056599116601212,17.51_83.2,3,3,Agricultural Burning,1.0,100.0,78.72,Visakhapatnam Industrial Site 0310,Industrial Estate
28.68613,77.27695,384.29,94,2026-07-12,1528,106.83,built_up,0.023,0.0490665201535685,28.69_77.28,2,1,Other Thermal Source,0.8,80.0,78.39,Delhi Industrial Site 0193,Cement Plant
23.53797,87.47318,390.52,96,2026-07-05,677,119.62,agriculture,0.278,0.078630005722813,23.54_87.47,2,3,Agricultural Burning,0.8,80.0,74.48,Durgapur Industrial Site 0080,Industrial Estate
16.49212,80.72282,374.16,96,2026-04-28,1566,112.28,agriculture,0.676,0.0714895153151232,16.49_80.72,3,3,Agricultural Burning,1.0,100.0,80.56,Vijayawada Industrial Site 0167,Paper Mill
27.86163,73.01317,374.59,91,2026-03-15,712,26.13,built_up,0.023,11.966545108062034,27.86_73.01,1,1,Other Thermal Source,0.6,60.0,28.98,Bikaner Industrial Site 0941,Power Plant
25.86085,84.70076,396.7,99,2026-01-21,1167,52.97,built_up,0.023,0.0719019582488424,25.86_84.7,3,1,Other Thermal Source,1.0,100.0,64.69,Patna Industrial Site 0012,Steel Plant
21.25588,72.68787,380.7,100,2026-04-07,2078,50.44,agriculture,0.676,0.0362411175326605,21.26_72.69,3,3,Agricultural Burning,1.0,100.0,72.9,Surat Industrial Site 0208,Thermal Power Plant
13.79675,78.48895,337.97,94,2026-07-17,1153,18.54,agriculture,0.676,101.30386592887346,13.8_78.49,2,3,Agricultural Burning,0.5,50.0,33.53,Bengaluru Industrial Site 0053,Cement Plant
28.16387,77.4089,353.79,82,2026-01-22,1121,15.4,built_up,0.023,6.692484477681023,28.16_77.41,1,1,Other Thermal Source,0.5,50.0,26.89,Faridabad Industrial Site 0902,Steel Plant
23.79589,86.20994,389.06,94,2026-01-30,2254,115.23,agriculture,0.278,0.0357447576578922,23.8_86.21,2,3,Agricultural Burning,0.8,80.0,83.71,Bokaro Industrial Site 0181,Power Plant
26.38875,80.42742,351.0,94,2026-05-26,1268,30.02,built_up,0.023,4.435200679890916,26.39_80.43,1,1,Other Thermal Source,0.8,80.0,34.73,Kanpur Industrial Site 0059,Manufacturing Unit
25.3279,86.47895,388.94,93,2026-06-10,300,106.33,agriculture,0.278,0.0366972110659256,25.33_86.48,1,3,Agricultural Burning,0.8,80.0,69.74,Munger Industrial Site 0372,Steel Plant
27.86295,73.43511,402.05,93,2026-05-27,1703,83.2,built_up,0.023,0.0222277326786298,27.86_73.44,1,1,Other Thermal Source,0.8,80.0,67.25,Bikaner Industrial Site 0365,Chemical Plant
22.86483,72.62884,406.66,96,2026-05-08,346,85.16,agriculture,0.676,0.0632797360925779,22.86_72.63,1,3,Agricultural Burning,0.8,80.0,57.45,Ahmedabad Industrial Site 0007,Paper Mill
18.03017,83.27407,310.47,54,2026-05-30,901,7.35,agriculture,0.676,20.292024150983337,18.03_83.27,1,3,Other Thermal Source,0.2,20.0,16.56,Visakhapatnam Industrial Site 0886,Textile Industry
26.71914,75.75409,394.02,93,2026-03-22,2245,40.87,built_up,0.023,0.047665421428217,26.72_75.75,1,1,Other Thermal Source,0.8,80.0,49.09,Jaipur Industrial Site 0105,Chemical Plant
27.0407,75.91028,367.98,87,2026-07-02,1257,20.96,built_up,0.023,11.904740116079736,27.04_75.91,1,1,Other Thermal Source,0.6,60.0,27.3,Jaipur Industrial Site 0921,Power Plant
27.04279,75.60697,378.66,99,2026-03-20,1345,65.03,built_up,0.023,0.0526402213139194,27.04_75.61,2,1,Other Thermal Source,0.8,80.0,66.43,Jaipur Industrial Site 0297,Paper Mill
22.67416,88.27824,407.97,100,2026-07-07,100,109.03,agriculture,0.278,0.0246459996753409,22.67_88.28,1,3,Agricultural Burning,0.8,80.0,72.99,Kolkata Industrial Site 0387,Paper Mill
19.19856,74.78948,328.02,82,2026-06-12,1643,7.44,agriculture,0.676,58.89382620032544,19.2_74.79,4,3,Other Thermal Source,0.55,55.0,36.52,Aurangabad Industrial Site 0812,Steel Plant
29.36691,77.01916,376.45,98,2026-01-29,1631,78.62,built_up,0.023,0.0498882952207095,29.37_77.02,3,1,Other Thermal Source,1.0,100.0,77.29,Panipat Industrial Site 0335,Chemical Plant
23.86021,73.30463,328.15,84,2026-03-03,67,4.32,agriculture,0.676,88.44754092477281,23.86_73.3,1,3,Other Thermal Source,0.35,35.0,12.41,Ahmedabad Industrial Site 0631,Power Plant
28.26273,77.03243,362.74,99,2026-09-04,2222,70.38,built_up,0.023,4.223987559463494,28.26_77.03,1,1,Other Thermal Source,0.8,80.0,47.2,Gurugram Industrial Site 0711,Power Plant
24.05511,86.23213,327.04,91,2026-05-27,2094,13.11,agriculture,0.278,24.778709504792573,24.06_86.23,1,3,Agricultural Burning,0.5,50.0,19.99,Bokaro Industrial Site 0805,Chemical Plant
25.16695,75.7016,308.11,76,2026-03-21,614,13.1,industrial,0.012,4.901013910610922,25.17_75.7,1,0,Industrial Fire,0.55,55.0,26.5,Kota Industrial Site 0377,Paper Mill
26.18327,73.01093,336.84,66,2026-05-20,2197,12.68,built_up,0.023,1.786575948008042,26.18_73.01,1,1,Other Thermal Source,0.55,55.0,28.79,Jodhpur Industrial Site 0606,Textile Industry
27.79018,76.35779,331.96,86,2026-05-29,2061,5.32,built_up,0.023,72.89066357883281,27.79_76.36,2,1,Other Thermal Source,0.35,35.0,25.73,Gurugram Industrial Site 1191,Power Plant
18.24895,73.9374,321.29,38,2026-05-28,1857,11.87,agriculture,0.676,8.115473869325264,18.25_73.94,1,3,Agricultural Burning,0.15,15.0,23.47,Pune Industrial Site 0824,Refinery
25.11551,86.03828,301.32,75,2026-04-14,1867,13.28,agriculture,0.278,9.448893891170602,25.12_86.04,1,3,Agricultural Burning,0.35,35.0,23.69,Begusarai Industrial Site 0227,Paper Mill
28.50818,77.03204,376.93,97,2026-04-14,51,100.77,built_up,0.023,0.0333739179595113,28.51_77.03,2,1,Other Thermal Source,0.8,80.0,81.2,Gurugram Industrial Site 0087,Paper Mill
9.75051,76.03199,385.4,89,2026-01-24,922,19.41,agriculture,0.676,3.83614281680042,9.75_76.03,1,3,Agricultural Burning,0.7,70.0,31.87,Kochi Industrial Site 0553,Cement Plant
23.3788,86.01089,400.68,97,2026-08-28,1259,33.09,agriculture,0.278,0.0263843987991709,23.38_86.01,2,3,Agricultural Burning,0.8,80.0,63.27,Bokaro Industrial Site 0325,Chemical Plant
26.82708,75.66419,406.5,93,2026-01-01,228,52.64,built_up,0.023,0.0536142639612225,26.83_75.66,2,1,Other Thermal Source,0.8,80.0,62.3,Jaipur Industrial Site 0009,Manufacturing Unit
22.80877,86.1992,391.47,97,2026-03-20,2074,63.64,agriculture,0.278,0.0222277326778617,22.81_86.2,2,3,Agricultural Burning,0.8,80.0,73.66,Jamshedpur Industrial Site 0308,Thermal Power Plant
10.09058,75.98557,381.39,95,2026-04-12,2340,26.82,agriculture,0.676,11.7250469051267,10.09_75.99,1,3,Agricultural Burning,0.6,60.0,29.19,Kochi Industrial Site 0073,Cement Plant
20.62007,72.886,355.19,94,2026-01-01,2141,35.42,agriculture,0.676,10.176111022433032,20.62_72.89,1,3,Agricultural Burning,0.6,60.0,32.2,Vapi Industrial Site 0432,Steel Plant
23.12784,72.28018,382.46,92,2026-07-09,1442,75.36,agriculture,0.676,0.0701498923735301,23.13_72.28,3,3,Agricultural Burning,1.0,100.0,71.46,Ahmedabad Industrial Site 0391,Power Plant
11.36708,76.5071,379.82,97,2026-06-25,1983,70.64,agriculture,0.676,0.0433042284308987,11.37_76.51,3,3,Agricultural Burning,1.0,100.0,77.01,Coimbatore Industrial Site 0264,Refinery
12.93714,77.78485,397.89,99,2026-04-01,2110,103.22,agriculture,0.676,0.0710486713451341,12.94_77.78,1,3,Agricultural Burning,0.8,80.0,60.41,Bengaluru Industrial Site 0101,Power Plant
17.66061,78.31436,381.15,93,2026-07-22,641,19.71,agriculture,0.676,7.00342429228797,17.66_78.31,1,3,Agricultural Burning,0.5,50.0,29.66,Hyderabad Industrial Site 0774,Refinery
10.01211,76.11789,330.14,92,2026-08-23,631,17.43,agriculture,0.676,6.270750066666456,10.01_76.12,3,3,Agricultural Burning,0.7,70.0,46.74,Kochi Industrial Site 0217,Paper Mill
26.02406,91.7492,406.83,92,2026-07-01,928,84.5,built_up,0.161,0.0563591500998816,26.02_91.75,3,1,Other Thermal Source,1.0,100.0,77.12,Guwahati Industrial Site 0362,Steel Plant
18.77095,73.54616,400.98,91,2026-07-25,1288,38.12,agriculture,0.676,0.0158927813804889,18.77_73.55,2,3,Agricultural Burning,0.8,80.0,66.55,Pune Industrial Site 0392,Steel Plant
17.50082,78.55792,385.96,92,2026-03-01,183,38.17,agriculture,0.676,0.0645806356426251,17.5_78.56,1,3,Agricultural Burning,0.8,80.0,43.2,Hyderabad Industrial Site 0294,Refinery
19.92962,75.10568,389.7,84,2026-05-01,1841,46.37,agriculture,0.676,9.287469829152135,19.93_75.11,1,3,Agricultural Burning,0.6,60.0,36.81,Aurangabad Industrial Site 0188,Thermal Power Plant
31.78495,74.93181,308.66,41,2026-03-15,2378,9.27,built_up,0.023,2.837728405503989,31.78_74.93,1,1,Other Thermal Source,0.2,20.0,25.78,Amritsar Industrial Site 0364,Refinery
22.87401,86.42425,385.48,98,2026-07-28,1224,86.48,agriculture,0.278,0.0503308811762697,22.87_86.42,2,3,Agricultural Burning,0.8,80.0,73.16,Jamshedpur Industrial Site 0164,Refinery
25.13979,74.07147,325.74,91,2026-01-18,883,24.85,industrial,0.012,129.54798838650837,25.14_74.07,2,0,Other Thermal Source,0.6,60.0,34.14,Jodhpur Industrial Site 0174,Refinery
31.56978,75.70681,365.67,95,2026-05-08,802,22.62,built_up,0.023,3.3302295770861217,31.57_75.71,1,1,Other Thermal Source,0.8,80.0,33.59,Jalandhar Industrial Site 0430,Industrial Estate
18.80521,72.6912,407.56,92,2026-08-18,1947,56.07,agriculture,0.676,0.0779533014055749,18.81_72.69,1,3,Agricultural Burning,0.8,80.0,46.55,Mumbai Industrial Site 0098,Thermal Power Plant
12.88424,80.27899,382.82,93,2026-08-02,744,103.82,agriculture,0.676,0.0516358828728022,12.88_80.28,3,3,Agricultural Burning,1.0,100.0,83.2,Chennai Industrial Site 0100,Industrial Estate
22.59223,88.44123,404.32,91,2026-04-16,633,28.54,agriculture,0.278,0.040113870418821,22.59_88.44,1,3,Agricultural Burning,0.8,80.0,47.1,Kolkata Industrial Site 0195,Chemical Plant
13.22105,80.42841,328.89,35,2026-08-12,443,15.48,agriculture,0.676,9.70415822460713,13.22_80.43,1,3,Agricultural Burning,0.15,15.0,25.22,Chennai Industrial Site 0820,Industrial Estate
31.66709,75.84888,401.55,99,2026-08-17,1080,108.44,built_up,0.023,0.0610600900753019,31.67_75.85,2,1,Other Thermal Source,0.8,80.0,75.32,Jalandhar Industrial Site 0142,Steel Plant
26.72397,80.84806,406.81,96,2026-02-05,316,117.72,built_up,0.023,0.0393385002254074,26.72_80.85,1,1,Other Thermal Source,0.8,80.0,71.52,Lucknow Industrial Site 0010,Industrial Estate
30.95724,75.6008,381.63,93,2026-02-28,1085,117.82,built_up,0.023,0.0277499999997381,30.96_75.6,2,1,Other Thermal Source,0.8,80.0,86.09,Ludhiana Industrial Site 0027,Paper Mill
22.63209,86.2294,337.78,87,2026-07-07,1052,8.28,agriculture,0.278,9.421725247299376,22.63_86.23,2,3,Other Thermal Source,0.35,35.0,32.26,Jamshedpur Industrial Site 1124,Refinery
26.1778,91.76189,397.15,96,2026-08-21,651,94.66,built_up,0.161,0.0402212294694725,26.18_91.76,2,1,Other Thermal Source,0.8,80.0,77.96,Guwahati Industrial Site 0218,Thermal Power Plant
21.00718,72.76713,372.7,96,2026-08-19,444,106.55,agriculture,0.676,0.0600837165959124,21.01_72.77,3,3,Agricultural Burning,1.0,100.0,81.4,Surat Industrial Site 0160,Industrial Estate
28.46391,77.14502,377.78,92,2026-04-22,1185,109.07,built_up,0.023,0.0688557971418164,28.46_77.15,1,1,Other Thermal Source,0.8,80.0,62.22,Delhi Industrial Site 0385,Chemical Plant
29.42918,76.21486,332.83,95,2026-09-17,64,23.49,built_up,0.023,66.1328463022881,29.43_76.21,1,1,Other Thermal Source,0.6,60.0,25.05,Panipat Industrial Site 0383,Cement Plant
23.57794,87.12862,362.71,87,2026-09-16,96,17.86,agriculture,0.278,4.7149869435775775,23.58_87.13,1,3,Agricultural Burning,0.7,70.0,30.42,Durgapur Industrial Site 0416,Textile Industry
22.11479,76.5974,322.25,93,2026-05-16,991,18.39,agriculture,0.676,81.91668586527148,22.11_76.6,1,3,Agricultural Burning,0.5,50.0,22.7,Indore Industrial Site 0494,Refinery
24.27411,86.49519,320.55,84,2026-04-18,624,18.31,agriculture,0.278,29.930410532864308,24.27_86.5,2,3,Agricultural Burning,0.5,50.0,35.76,Asansol Industrial Site 1185,Chemical Plant
30.80928,75.95854,330.42,93,2026-02-15,855,8.74,built_up,0.023,1.9873160514119588,30.81_75.96,5,1,Other Thermal Source,0.75,75.0,47.8,Ludhiana Industrial Site 0267,Paper Mill
23.83984,87.10918,408.58,96,2026-05-28,2328,70.38,agriculture,0.278,0.0567295795859131,23.84_87.11,1,3,Agricultural Burning,0.8,80.0,54.88,Asansol Industrial Site 0081,Power Plant
27.96302,73.4365,388.18,90,2026-06-07,1906,21.72,built_up,0.023,11.107445436449272,27.96_73.44,1,1,Other Thermal Source,0.6,60.0,27.75,Bikaner Industrial Site 0365,Chemical Plant
28.32247,76.31012,330.9,82,2026-08-24,270,13.91,built_up,0.023,28.45994987066116,28.32_76.31,1,1,Other Thermal Source,0.5,50.0,20.5,Gurugram Industrial Site 1191,Power Plant
24.27397,86.49507,328.0,84,2026-06-20,473,11.59,agriculture,0.278,29.92714807234672,24.27_86.5,2,3,Agricultural Burning,0.5,50.0,30.67,Asansol Industrial Site 1185,Chemical Plant
23.16489,72.10988,409.16,94,2026-08-28,40,60.3,agriculture,0.676,0.070000440712193,23.16_72.11,2,3,Agricultural Burning,0.8,80.0,60.85,Ahmedabad Industrial Site 0247,Paper Mill
30.74685,75.95492,353.18,83,2026-03-02,2318,49.61,built_up,0.023,6.197440943300563,30.75_75.95,1,1,Other Thermal Source,0.6,60.0,39.35,Ludhiana Industrial Site 0267,Paper Mill
20.18999,85.79139,356.86,98,2026-01-07,1976,44.77,agriculture,0.607,6.116115108874841,20.19_85.79,1,3,Agricultural Burning,0.6,60.0,38.35,Bhubaneswar Industrial Site 0405,Chemical Plant
25.24566,92.74792,340.25,94,2026-02-24,2029,19.0,agriculture,0.278,96.9647320716663,25.25_92.75,2,3,Agricultural Burning,0.5,50.0,33.98,Guwahati Industrial Site 0890,Industrial Estate
25.01898,75.64917,375.95,93,2026-03-24,149,99.98,agriculture,0.676,0.0714032898403344,25.02_75.65,3,3,Agricultural Burning,1.0,100.0,77.69,Kota Industrial Site 0329,Manufacturing Unit
25.85017,85.27601,408.99,98,2026-01-20,56,56.21,built_up,0.138,0.063493552427907,25.85_85.28,1,1,Other Thermal Source,0.8,80.0,49.15,Patna Industrial Site 0396,Textile Industry
13.072,80.59563,304.49,63,2026-02-03,966,3.15,agriculture,0.676,14.895750120627651,13.07_80.6,1,3,Other Thermal Source,0.2,20.0,14.66,Chennai Industrial Site 1156,Textile Industry
18.84801,74.66061,333.96,95,2026-03-12,433,13.06,agriculture,0.676,63.04829298655507,18.85_74.66,1,3,Agricultural Burning,0.5,50.0,19.11,Pune Industrial Site 1160,Industrial Estate
25.30116,86.59413,396.79,96,2026-04-03,2082,96.89,agriculture,0.278,0.0396660018151446,25.3_86.59,1,3,Agricultural Burning,0.8,80.0,66.98,Munger Industrial Site 0228,Thermal Power Plant
22.8432,72.72691,407.37,98,2026-04-27,1724,98.88,agriculture,0.676,0.0790285701499445,22.84_72.73,3,3,Agricultural Burning,1.0,100.0,76.12,Ahmedabad Industrial Site 0103,Cement Plant
29.45507,76.93389,377.63,99,2026-07-05,120,78.97,built_up,0.023,0.0250427414636391,29.46_76.93,2,1,Other Thermal Source,0.8,80.0,77.35,Panipat Industrial Site 0095,Chemical Plant
19.9888,75.04723,378.85,100,2026-05-17,980,55.48,agriculture,0.676,0.0765899999998609,19.99_75.05,1,3,Agricultural Burning,0.8,80.0,46.58,Aurangabad Industrial Site 0188,Thermal Power Plant
31.61322,74.69218,402.49,96,2026-02-25,2275,36.21,built_up,0.023,0.0638129336415662,31.61_74.69,1,1,Other Thermal Source,0.8,80.0,42.74,Amritsar Industrial Site 0028,Thermal Power Plant
31.53699,74.76106,388.26,93,2026-07-22,1331,59.8,built_up,0.023,0.033704542719747,31.54_74.76,1,1,Other Thermal Source,0.8,80.0,57.78,Amritsar Industrial Site 0268,Thermal Power Plant
25.99948,81.76271,333.88,85,2026-04-04,595,14.04,built_up,0.023,99.04526462752946,26.0_81.76,2,1,Other Thermal Source,0.5,50.0,30.11,Lucknow Industrial Site 0394,Refinery
21.27721,79.16923,318.48,37,2026-04-02,608,2.99,agriculture,0.676,6.2898498435019805,21.28_79.17,1,3,Other Thermal Source,0.0,0.0,18.63,Nagpur Industrial Site 0207,Paper Mill
23.63813,87.25759,303.78,35,2026-06-01,59,11.59,agriculture,0.278,4.779307473066251,23.64_87.26,1,3,Agricultural Burning,0.35,35.0,25.65,Durgapur Industrial Site 0704,Refinery
14.12449,79.39923,335.96,86,2026-05-03,1629,10.65,agriculture,0.676,109.0168823941614,14.12_79.4,2,3,Agricultural Burning,0.5,50.0,26.96,Chennai Industrial Site 0484,Refinery
22.95487,72.68778,398.0,91,2026-08-17,2115,76.21,agriculture,0.676,0.0884106464174576,22.95_72.69,1,3,Agricultural Burning,0.8,80.0,51.56,Ahmedabad Industrial Site 0343,Cement Plant
23.69212,86.88519,399.13,92,2026-06-02,770,94.34,agriculture,0.278,0.0441913849069372,23.69_86.89,3,3,Agricultural Burning,1.0,100.0,83.05,Asansol Industrial Site 0225,Chemical Plant
19.91899,75.59142,364.99,86,2026-02-15,365,48.67,agriculture,0.676,4.612626469388278,19.92_75.59,1,3,Agricultural Burning,0.8,80.0,40.4,Aurangabad Industrial Site 0956,Textile Industry
22.33492,73.17422,393.47,99,2026-02-19,415,108.99,agriculture,0.676,0.0074461063640869,22.33_73.17,2,3,Agricultural Burning,0.8,80.0,87.11,Vadodara Industrial Site 0017,Paper Mill
25.44593,86.20202,409.01,98,2026-02-04,205,77.27,agriculture,0.278,0.0558209718665531,25.45_86.2,3,3,Agricultural Burning,1.0,100.0,75.28,Munger Industrial Site 0324,Refinery
12.77022,77.74404,387.87,95,2026-08-12,379,19.17,agriculture,0.676,10.88302442127172,12.77_77.74,1,3,Agricultural Burning,0.5,50.0,27.07,Bengaluru Industrial Site 0821,Power Plant
23.18724,70.0587,342.35,81,2026-08-13,695,17.24,agriculture,0.676,97.08472985841794,23.19_70.06,3,3,Agricultural Burning,0.7,70.0,38.9,Rajkot Industrial Site 0834,Refinery
17.51115,83.19599,387.13,96,2026-05-04,2182,42.38,agriculture,0.676,0.0527454434058858,17.51_83.2,3,3,Agricultural Burning,1.0,100.0,65.8,Visakhapatnam Industrial Site 0310,Industrial Estate
19.34514,72.92606,311.79,58,2026-05-23,2355,16.99,agriculture,0.676,3.52786569642255,19.35_72.93,1,3,Agricultural Burning,0.55,55.0,30.48,Thane Industrial Site 0717,Paper Mill
27.90709,73.13889,407.41,99,2026-03-25,176,112.43,built_up,0.023,0.0425001011758123,27.91_73.14,3,1,Other Thermal Source,1.0,100.0,87.8,Bikaner Industrial Site 0077,Paper Mill
31.54087,74.87309,395.21,99,2026-07-09,328,108.64,built_up,0.023,0.0565991166014904,31.54_74.87,3,1,Other Thermal Source,1.0,100.0,82.7,Amritsar Industrial Site 0124,Refinery
19.18292,72.97813,387.21,97,2026-07-08,2063,71.72,agriculture,0.676,0.0624861976759129,19.18_72.98,1,3,Agricultural Burning,0.8,80.0,54.08,Mumbai Industrial Site 0386,Textile Industry
18.27723,77.36397,322.45,94,2026-05-31,1109,4.77,agriculture,0.676,111.6986797804016,18.28_77.36,2,3,Other Thermal Source,0.35,35.0,23.05,Hyderabad Industrial Site 0486,Textile Industry
26.07222,91.44622,379.98,93,2026-01-21,595,76.69,built_up,0.161,5.266504109682524,26.07_91.45,1,1,Other Thermal Source,0.6,60.0,48.2,Guwahati Industrial Site 0554,Refinery
20.17765,86.03619,338.18,49,2026-01-12,598,14.44,agriculture,0.278,8.087433034542649,20.18_86.04,1,3,Agricultural Burning,0.15,15.0,25.43,Bhubaneswar Industrial Site 0789,Manufacturing Unit
25.79308,76.8294,344.12,83,2026-04-14,2303,13.19,forest,0.796,88.97738221623831,25.79_76.83,1,2,Other Thermal Source,0.5,50.0,18.14,Kota Industrial Site 0521,Power Plant
27.56655,75.0653,322.23,86,2026-02-12,718,17.49,built_up,0.023,63.36593892218247,27.57_75.07,1,1,Other Thermal Source,0.5,50.0,22.49,Jaipur Industrial Site 1161,Power Plant
27.86266,73.04318,365.74,89,2026-03-21,1288,58.06,built_up,0.023,9.832540458726026,27.86_73.04,1,1,Other Thermal Source,0.6,60.0,39.39,Bikaner Industrial Site 0941,Power Plant
20.68709,74.55333,322.74,90,2026-05-06,1173,3.27,agriculture,0.676,83.74905677119254,20.69_74.55,1,3,Other Thermal Source,0.35,35.0,12.04,Aurangabad Industrial Site 0764,Refinery
24.76986,85.03023,397.98,93,2026-09-15,666,46.91,forest,0.71,0.0280810256219803,24.77_85.03,2,2,Wildfire,0.8,80.0,67.56,Gaya Industrial Site 0034,Refinery
28.48285,77.54376,378.82,91,2026-04-21,431,57.22,built_up,0.023,0.0670884587692867,28.48_77.54,1,1,Other Thermal Source,0.8,80.0,48.71,Noida Industrial Site 0136,Textile Industry
20.12396,71.84276,343.66,85,2026-04-17,483,9.12,agriculture,0.676,94.93970620372122,20.12_71.84,2,3,Other Thermal Source,0.35,35.0,27.03,Vapi Industrial Site 0960,Industrial Estate
26.28798,91.73748,358.86,96,2026-06-19,1492,72.01,built_up,0.161,3.818747181890389,26.29_91.74,1,1,Other Thermal Source,0.8,80.0,47.99,Guwahati Industrial Site 0266,Textile Industry
11.0491,76.8161,395.68,98,2026-08-09,2214,41.29,agriculture,0.676,0.044621447757657,11.05_76.82,1,3,Agricultural Burning,0.8,80.0,49.96,Coimbatore Industrial Site 0216,Textile Industry
26.00626,91.55466,377.56,82,2026-08-30,675,14.86,built_up,0.161,8.269926482290947,26.01_91.55,1,1,Other Thermal Source,0.5,50.0,25.65,Guwahati Industrial Site 1034,Refinery
27.24807,78.19219,408.28,93,2026-01-02,802,77.48,built_up,0.023,0.0510720637922826,27.25_78.19,2,1,Other Thermal Source,0.8,80.0,70.29,Agra Industrial Site 0234,Refinery
22.36581,73.1469,397.8,98,2026-02-06,939,86.15,agriculture,0.676,0.0199800000000323,22.37_73.15,4,3,Agricultural Burning,1.0,100.0,89.38,Vadodara Industrial Site 0161,Power Plant
19.16307,72.96112,397.55,93,2026-08-08,1499,65.73,agriculture,0.676,0.027459883465574,19.16_72.96,1,3,Agricultural Burning,0.8,80.0,61.42,Thane Industrial Site 0381,Power Plant
29.59671,77.04908,361.5,96,2026-07-23,2003,46.66,built_up,0.023,3.100349423048534,29.6_77.05,1,1,Other Thermal Source,0.8,80.0,41.34,Panipat Industrial Site 0527,Paper Mill
30.95707,75.60123,382.55,94,2026-02-10,2333,58.64,built_up,0.023,0.0485490195569537,30.96_75.6,2,1,Other Thermal Source,0.8,80.0,65.5,Ludhiana Industrial Site 0027,Paper Mill
20.84283,79.06818,376.55,92,2026-04-28,1058,117.78,agriculture,0.676,0.0190001394728446,20.84_79.07,1,3,Agricultural Burning,0.8,80.0,75.8,Nagpur Industrial Site 0303,Cement Plant
23.56122,87.10117,347.29,72,2026-03-17,1139,9.45,agriculture,0.278,7.078243801467453,23.56_87.1,1,3,Other Thermal Source,0.2,20.0,22.5,Durgapur Industrial Site 0416,Textile Industry
24.63412,84.95695,373.49,99,2026-02-02,910,71.94,forest,0.71,0.067060905153881,24.63_84.96,3,2,Wildfire,1.0,100.0,71.3,Gaya Industrial Site 0130,Industrial Estate
22.05024,73.39904,372.02,95,2026-03-16,111,73.06,agriculture,0.676,7.120443742921475,22.05_73.4,1,3,Agricultural Burning,0.6,60.0,45.74,Vadodara Industrial Site 0545,Chemical Plant
20.8474,78.99494,368.7,84,2026-03-08,1577,33.8,agriculture,0.676,8.16442253194872,20.85_78.99,1,3,Agricultural Burning,0.6,60.0,33.3,Nagpur Industrial Site 0303,Cement Plant
10.05604,76.30692,375.71,96,2026-03-03,2219,62.39,agriculture,0.676,0.0482435166627203,10.06_76.31,2,3,Agricultural Burning,0.8,80.0,67.17,Kochi Industrial Site 0313,Cement Plant
23.16502,72.10987,372.96,100,2026-01-10,2035,74.57,agriculture,0.676,0.0785908219827794,23.17_72.11,1,3,Agricultural Burning,0.8,80.0,51.59,Ahmedabad Industrial Site 0247,Paper Mill
17.87282,83.44811,345.6,45,2026-05-15,195,14.25,agriculture,0.676,12.68123312294612,17.87_83.45,1,3,Agricultural Burning,0.15,15.0,22.75,Visakhapatnam Industrial Site 0454,Refinery
25.1982,75.67011,403.66,93,2026-03-30,25,29.7,industrial,0.012,0.0322091322453507,25.2_75.67,2,0,Industrial Fire,0.8,80.0,61.02,Kota Industrial Site 0377,Paper Mill
22.39801,88.26811,341.76,93,2026-03-24,564,8.94,agriculture,0.278,7.507627923346291,22.4_88.27,1,3,Other Thermal Source,0.35,35.0,21.81,Kolkata Industrial Site 1059,Manufacturing Unit
18.51187,73.95781,392.54,94,2026-06-21,913,82.86,agriculture,0.676,0.0643800000000784,18.51_73.96,3,3,Agricultural Burning,1.0,100.0,74.7,Pune Industrial Site 0200,Industrial Estate
26.82778,75.72751,381.59,97,2026-08-07,1556,12.36,built_up,0.023,7.076450580686493,26.83_75.73,1,1,Other Thermal Source,0.5,50.0,24.25,Jaipur Industrial Site 0009,Manufacturing Unit
32.48714,75.85436,321.62,90,2026-08-08,2282,9.47,built_up,0.023,91.08863845580306,32.49_75.85,1,1,Other Thermal Source,0.35,35.0,15.74,Jalandhar Industrial Site 0142,Steel Plant
17.46589,78.53808,403.44,95,2026-04-25,999,73.68,agriculture,0.676,0.0323617830167082,17.47_78.54,1,3,Agricultural Burning,0.8,80.0,62.4,Hyderabad Industrial Site 0390,Industrial Estate
23.69187,86.88522,391.57,100,2026-06-05,2116,87.2,agriculture,0.278,0.071256467074968,23.69_86.89,3,3,Agricultural Burning,1.0,100.0,74.75,Asansol Industrial Site 0225,Chemical Plant
23.73173,87.26365,388.6,97,2026-09-11,460,19.36,agriculture,0.278,0.6908463795953049,23.73_87.26,1,3,Agricultural Burning,0.7,70.0,34.01,Durgapur Industrial Site 1136,Textile Industry
21.19452,71.88442,322.87,93,2026-02-09,168,22.39,agriculture,0.676,70.9165544792528,21.19_71.88,1,3,Agricultural Burning,0.6,60.0,24.59,Surat Industrial Site 0016,Textile Industry
22.84311,72.72696,399.35,98,2026-05-05,1624,62.32,agriculture,0.676,0.0737043343363249,22.84_72.73,3,3,Agricultural Burning,1.0,100.0,67.19,Ahmedabad Industrial Site 0103,Cement Plant
28.45004,76.76107,384.97,95,2026-01-15,228,32.72,built_up,0.023,0.0624861976763823,28.45_76.76,4,1,Other Thermal Source,1.0,100.0,62.96,Gurugram Industrial Site 0135,Chemical Plant
28.49781,76.8818,382.81,99,2026-08-12,147,34.88,built_up,0.023,0.0400985099477925,28.5_76.88,2,1,Other Thermal Source,0.8,80.0,60.74,Gurugram Industrial Site 0279,Manufacturing Unit
31.69031,74.95509,364.34,94,2026-01-08,1502,61.98,built_up,0.023,11.618193323391557,31.69_74.96,1,1,Other Thermal Source,0.6,60.0,40.03,Amritsar Industrial Site 0220,Industrial Estate
25.53699,85.26797,405.4,93,2026-08-05,1133,102.34,industrial,0.081,0.0109884393792229,25.54_85.27,2,0,Industrial Fire,0.8,80.0,85.39,Patna Industrial Site 0348,Thermal Power Plant
27.52577,77.78317,342.6,65,2026-01-28,1918,9.71,built_up,0.023,11.315983725067502,27.53_77.78,1,1,Other Thermal Source,0.2,20.0,20.28,Agra Industrial Site 0666,Textile Industry
23.37122,86.00663,345.15,67,2026-04-14,1465,11.39,agriculture,0.278,0.985960585063932,23.37_86.01,1,3,Agricultural Burning,0.55,55.0,28.22,Bokaro Industrial Site 0325,Chemical Plant
11.27948,76.64883,328.81,57,2026-03-31,2104,2.66,agriculture,0.676,18.470794399335517,11.28_76.65,1,3,Other Thermal Source,0.2,20.0,13.75,Coimbatore Industrial Site 0264,Refinery
29.45514,76.93424,385.27,93,2026-02-25,513,101.08,built_up,0.023,0.0372305318250201,29.46_76.93,2,1,Other Thermal Source,0.8,80.0,80.36,Panipat Industrial Site 0095,Chemical Plant
13.12186,77.87421,389.6,96,2026-06-05,1931,91.42,agriculture,0.676,0.0784338912717732,13.12_77.87,3,3,Agricultural Burning,1.0,100.0,74.4,Bengaluru Industrial Site 0053,Cement Plant
17.93762,83.28184,365.85,88,2026-05-26,256,79.69,agriculture,0.676,9.985474183157072,17.94_83.28,1,3,Agricultural Burning,0.6,60.0,45.65,Visakhapatnam Industrial Site 0886,Textile Industry
18.08037,72.03539,331.34,95,2026-04-15,1828,7.95,agriculture,0.676,108.32333685530588,18.08_72.04,1,3,Other Thermal Source,0.35,35.0,13.39,Mumbai Industrial Site 0722,Steel Plant
23.70246,86.83282,342.06,53,2026-05-08,1276,9.43,agriculture,0.278,3.646366894938835,23.7_86.83,1,3,Other Thermal Source,0.4,40.0,25.11,Asansol Industrial Site 0801,Power Plant
20.51387,85.578,379.69,95,2026-08-20,394,119.17,agriculture,0.607,0.036697211064697,20.51_85.58,5,3,Agricultural Burning,1.0,100.0,94.38,Bhubaneswar Industrial Site 0213,Cement Plant
21.09398,78.76609,380.31,91,2026-05-23,1912,38.56,agriculture,0.676,0.0517788528262273,21.09_78.77,1,3,Agricultural Burning,0.8,80.0,46.6,Nagpur Industrial Site 0063,Cement Plant
25.54111,86.09823,407.27,99,2026-06-08,1298,25.52,forest,0.596,0.0416064958871688,25.54_86.1,1,2,Wildfire,0.8,80.0,46.03,Begusarai Industrial Site 0083,Cement Plant
22.89095,86.04537,333.36,40,2026-07-14,2204,12.39,agriculture,0.278,8.216187083829384,22.89_86.05,1,3,Agricultural Burning,0.15,15.0,23.64,Jamshedpur Industrial Site 0452,Steel Plant
19.2921,72.91401,401.77,96,2026-03-28,774,87.18,agriculture,0.676,0.032036530711271,19.29_72.91,4,3,Agricultural Burning,1.0,100.0,87.23,Thane Industrial Site 0285,Chemical Plant
32.20875,76.37982,338.41,82,2026-03-22,1123,19.57,built_up,0.023,84.23573354876468,32.21_76.38,2,1,Other Thermal Source,0.5,50.0,34.84,Jalandhar Industrial Site 0142,Steel Plant
9.90876,76.23505,372.4,84,2026-05-11,1828,37.44,agriculture,0.676,5.6709226478674815,9.91_76.24,1,3,Agricultural Burning,0.6,60.0,35.83,Kochi Industrial Site 0985,Chemical Plant
13.06359,77.80685,343.59,71,2026-04-11,753,2.67,agriculture,0.676,9.905511883977091,13.06_77.81,1,3,Other Thermal Source,0.2,20.0,16.16,Bengaluru Industrial Site 0053,Cement Plant
22.89701,88.35581,402.19,97,2026-05-11,1670,42.04,agriculture,0.278,0.0244199999998642,22.9_88.36,3,3,Agricultural Burning,1.0,100.0,73.02,Kolkata Industrial Site 0051,Power Plant
19.75576,75.69375,406.6,91,2026-01-19,865,32.74,agriculture,0.676,0.0424856034439994,19.76_75.69,4,3,Agricultural Burning,1.0,100.0,68.31,Aurangabad Industrial Site 0236,Textile Industry
25.29582,86.27777,386.67,97,2026-09-02,1957,61.18,agriculture,0.278,0.0748406747695879,25.3_86.28,3,3,Agricultural Burning,1.0,100.0,66.45,Munger Industrial Site 0084,Refinery
28.85632,76.96236,305.68,73,2026-06-03,1346,3.14,built_up,0.023,14.780380631208256,28.86_76.96,1,1,Other Thermal Source,0.2,20.0,14.64,Faridabad Industrial Site 0662,Steel Plant
13.12191,77.87399,385.88,92,2026-09-01,2324,85.04,agriculture,0.676,0.0653298890250427,13.12_77.87,3,3,Agricultural Burning,1.0,100.0,75.01,Bengaluru Industrial Site 0053,Cement Plant
23.12189,77.31921,407.24,94,2026-04-16,2042,81.58,agriculture,0.676,0.0716616550183454,23.12_77.32,4,3,Agricultural Burning,1.0,100.0,75.52,Bhopal Industrial Site 0253,Cement Plant
27.12192,75.78121,388.19,100,2026-04-01,548,69.39,built_up,0.023,0.057815977894774,27.12_75.78,4,1,Other Thermal Source,1.0,100.0,75.2,Jaipur Industrial Site 0249,Manufacturing Unit
17.58905,78.47611,405.09,97,2026-02-10,759,89.26,agriculture,0.676,0.0622491325246518,17.59_78.48,2,3,Agricultural Burning,0.8,80.0,70.95,Hyderabad Industrial Site 0198,Thermal Power Plant
11.84599,76.02572,322.57,87,2026-07-06,744,13.39,agriculture,0.676,75.4036343493733,11.85_76.03,1,3,Agricultural Burning,0.5,50.0,18.89,Coimbatore Industrial Site 0264,Refinery
10.87292,77.0779,374.64,99,2026-01-31,2284,70.13,agriculture,0.676,0.0498882952207095,10.87_77.08,1,3,Agricultural Burning,0.8,80.0,56.92,Coimbatore Industrial Site 0168,Thermal Power Plant
22.97876,72.34607,399.62,91,2026-06-04,2328,45.68,agriculture,0.676,0.0385315520060315,22.98_72.35,1,3,Agricultural Burning,0.8,80.0,53.02,Ahmedabad Industrial Site 0199,Manufacturing Unit
31.06182,76.16979,312.02,75,2026-08-24,1258,9.67,built_up,0.023,15.58251545550018,31.06_76.17,1,1,Other Thermal Source,0.2,20.0,18.9,Ludhiana Industrial Site 0987,Paper Mill
23.31994,77.58806,404.74,96,2026-06-14,70,87.5,agriculture,0.676,0.0635420467093066,23.32_77.59,2,3,Agricultural Burning,0.8,80.0,70.09,Bhopal Industrial Site 0397,Paper Mill
21.29409,81.64305,383.49,94,2026-05-04,1822,65.91,agriculture,0.676,0.0253118944371072,21.29_81.64,1,3,Agricultural Burning,0.8,80.0,61.78,Raipur Industrial Site 0175,Chemical Plant
25.34386,75.70221,384.33,98,2026-03-07,1197,54.51,industrial,0.012,2.7763214733524184,25.34_75.7,1,0,Industrial Fire,0.8,80.0,43.85,Kota Industrial Site 1193,Cement Plant
25.34348,84.99913,382.59,92,2026-06-07,325,71.91,forest,0.71,12.541998504266592,25.34_85.0,1,2,Wildfire,0.6,60.0,42.4,Patna Industrial Site 0972,Steel Plant
21.0791,81.49278,396.23,91,2026-06-12,949,49.76,agriculture,0.676,0.0365120829314092,21.08_81.49,2,3,Agricultural Burning,0.8,80.0,66.32,Raipur Industrial Site 0319,Manufacturing Unit
21.24885,72.71982,385.27,98,2026-07-14,2384,78.4,agriculture,0.676,0.0997086500765358,21.25_72.72,1,3,Agricultural Burning,0.8,80.0,51.82,Surat Industrial Site 0400,Industrial Estate
28.41214,77.02778,384.25,100,2026-03-22,1356,53.28,built_up,0.023,0.0194170698096408,28.41_77.03,1,1,Other Thermal Source,0.8,80.0,59.26,Gurugram Industrial Site 0327,Paper Mill
22.7371,86.38076,378.72,98,2026-06-27,2287,39.95,agriculture,0.278,0.0628401185550634,22.74_86.38,2,3,Agricultural Burning,0.8,80.0,56.39,Jamshedpur Industrial Site 0068,Thermal Power Plant
21.36609,85.05028,322.22,91,2026-02-10,1496,8.71,forest,0.71,111.28544798603264,21.37_85.05,2,2,Other Thermal Source,0.35,35.0,25.3,Bhubaneswar Industrial Site 0213,Cement Plant
27.84808,73.2318,378.35,95,2026-04-06,872,83.1,built_up,0.023,0.0240129714932436,27.85_73.23,3,1,Other Thermal Source,1.0,100.0,84.98,Bikaner Industrial Site 0173,Cement Plant
23.42823,86.13598,391.63,98,2026-03-14,189,27.82,agriculture,0.278,0.0189676883139791,23.43_86.14,5,3,Agricultural Burning,1.0,100.0,73.38,Bokaro Industrial Site 0133,Cement Plant
22.28618,73.18384,408.8,96,2026-02-05,1261,117.47,agriculture,0.676,0.0304795570834054,22.29_73.18,1,3,Agricultural Burning,0.8,80.0,73.36,Vadodara Industrial Site 0113,Cement Plant
27.0755,77.90113,384.71,92,2026-04-10,1485,71.68,built_up,0.023,9.407762419672046,27.08_77.9,1,1,Other Thermal Source,0.6,60.0,44.07,Agra Industrial Site 0426,Textile Industry
9.86485,76.10448,369.13,93,2026-07-03,1328,77.53,agriculture,0.676,8.73774472766244,9.86_76.1,1,3,Agricultural Burning,0.6,60.0,46.1,Kochi Industrial Site 0505,Chemical Plant
28.54122,77.27078,395.81,98,2026-07-02,2270,44.09,built_up,0.023,0.030297103822006,28.54_77.27,2,1,Other Thermal Source,0.8,80.0,66.1,Faridabad Industrial Site 0374,Refinery
28.69802,77.00705,381.7,99,2026-07-14,435,31.74,built_up,0.023,0.0447455305044934,28.7_77.01,2,1,Other Thermal Source,0.8,80.0,58.3,Delhi Industrial Site 0145,Chemical Plant
23.93459,86.01519,313.8,39,2026-02-18,183,7.76,agriculture,0.278,2.774551745795451,23.93_86.02,1,3,Other Thermal Source,0.2,20.0,24.86,Bokaro Industrial Site 0805,Chemical Plant
21.96084,80.49417,340.13,87,2026-05-06,256,5.31,agriculture,0.676,113.63924417403376,21.96_80.49,2,3,Other Thermal Source,0.35,35.0,23.23,Raipur Industrial Site 0703,Cement Plant
18.11527,79.49311,330.67,94,2026-06-24,2222,14.58,agriculture,0.676,97.83040405385692,18.12_79.49,1,3,Agricultural Burning,0.5,50.0,18.77,Hyderabad Industrial Site 0918,Thermal Power Plant
24.26983,86.06524,333.21,83,2026-05-30,54,12.08,agriculture,0.278,36.1526613527579,24.27_86.07,1,3,Agricultural Burning,0.5,50.0,19.04,Bokaro Industrial Site 0805,Chemical Plant
22.34505,70.98776,393.7,91,2026-04-07,2051,87.92,agriculture,0.676,0.0445800100950178,22.35_70.99,1,3,Agricultural Burning,0.8,80.0,63.52,Rajkot Industrial Site 0354,Refinery
28.54989,77.23216,402.64,98,2026-01-12,2138,61.79,built_up,0.023,0.041783797098687,28.55_77.23,1,1,Other Thermal Source,0.8,80.0,56.98,Noida Industrial Site 0376,Textile Industry
28.54094,77.27111,390.92,97,2026-03-26,1895,95.96,built_up,0.023,0.0690166545114556,28.54_77.27,2,1,Other Thermal Source,0.8,80.0,70.99,Faridabad Industrial Site 0374,Refinery
17.67893,83.44196,378.97,98,2026-03-01,1923,96.62,agriculture,0.676,0.0567295795855736,17.68_83.44,4,3,Agricultural Burning,1.0,100.0,82.7,Visakhapatnam Industrial Site 0358,Thermal Power Plant
18.39846,72.18938,333.78,91,2026-06-20,1200,15.6,agriculture,0.676,71.62799725644972,18.4_72.19,2,3,Agricultural Burning,0.5,50.0,32.69,Mumbai Industrial Site 0722,Steel Plant
18.42401,73.69922,405.73,99,2026-03-30,2229,83.01,agriculture,0.676,0.0932994453351843,18.42_73.7,4,3,Agricultural Burning,1.0,100.0,74.25,Pune Industrial Site 0008,Thermal Power Plant
30.44577,74.45987,322.54,95,2026-06-10,567,6.62,built_up,0.023,101.34331065971126,30.45_74.46,2,1,Other Thermal Source,0.35,35.0,25.06,Ludhiana Industrial Site 0795,Chemical Plant
18.49589,73.79397,375.97,95,2026-06-17,1353,67.52,agriculture,0.676,0.0358651976152564,18.5_73.79,2,3,Agricultural Burning,0.8,80.0,71.87,Pune Industrial Site 0296,Textile Industry
17.74796,83.33978,409.33,96,2026-03-09,607,96.6,agriculture,0.676,0.0180694908610108,17.75_83.34,3,3,Agricultural Burning,1.0,100.0,89.41,Visakhapatnam Industrial Site 0022,Steel Plant
21.12279,81.13319,399.47,100,2026-08-18,863,82.05,agriculture,0.676,0.0291995410923481,21.12_81.13,3,3,Agricultural Burning,1.0,100.0,83.44,Raipur Industrial Site 0223,Cement Plant
22.55991,88.19297,372.43,97,2026-07-09,551,107.3,agriculture,0.278,0.0842796327711038,22.56_88.19,2,3,Agricultural Burning,0.8,80.0,71.32,Kolkata Industrial Site 0243,Cement Plant
17.67908,83.44202,378.43,92,2026-04-02,639,39.58,agriculture,0.676,0.0479360667974985,17.68_83.44,4,3,Agricultural Burning,1.0,100.0,69.4,Visakhapatnam Industrial Site 0358,Thermal Power Plant
28.41355,76.97323,381.91,82,2026-08-23,2027,61.29,built_up,0.023,6.046677701284239,28.41_76.97,1,1,Other Thermal Source,0.6,60.0,43.2,Gurugram Industrial Site 0327,Paper Mill
25.64107,86.36001,388.76,95,2026-07-21,1818,81.95,industrial,0.08,0.0346952691302058,25.64_86.36,1,0,Industrial Fire,0.8,80.0,64.09,Munger Industrial Site 0276,Textile Industry
26.02496,73.21192,377.73,91,2026-03-02,1886,91.6,built_up,0.023,0.057570383011269,26.02_73.21,2,1,Other Thermal Source,0.8,80.0,72.35,Jodhpur Industrial Site 0270,Industrial Estate
28.65392,77.09681,401.58,95,2026-07-07,1805,103.72,built_up,0.023,0.0519925706231542,28.65_77.1,2,1,Other Thermal Source,0.8,80.0,76.76,Gurugram Industrial Site 0375,Chemical Plant
25.5747,81.06983,337.18,85,2026-07-05,598,12.03,industrial,0.133,78.65108545407817,25.57_81.07,1,0,Other Thermal Source,0.5,50.0,17.9,Kanpur Industrial Site 0251,Power Plant
18.50577,73.79825,387.62,91,2026-02-24,200,86.03,agriculture,0.676,0.1010648752038679,18.51_73.8,2,3,Agricultural Burning,0.8,80.0,65.86,Pune Industrial Site 0152,Steel Plant
28.35875,77.1085,387.88,83,2026-07-01,1570,35.6,built_up,0.023,4.171979705428458,28.36_77.11,1,1,Other Thermal Source,0.8,80.0,36.5,Gurugram Industrial Site 0663,Cement Plant
30.80903,75.9582,335.62,82,2026-08-05,553,24.23,built_up,0.023,2.004220192617848,30.81_75.96,5,1,Other Thermal Source,1.0,100.0,57.13,Ludhiana Industrial Site 0267,Paper Mill
22.70814,75.80167,385.73,83,2026-01-31,514,76.02,agriculture,0.676,1.909870077178735,22.71_75.8,1,3,Agricultural Burning,0.8,80.0,50.69,Indore Industrial Site 0110,Industrial Estate
26.84125,75.89792,371.42,85,2026-02-27,1827,78.7,built_up,0.023,8.174500100440918,26.84_75.9,1,1,Other Thermal Source,0.6,60.0,46.6,Jaipur Industrial Site 0873,Cement Plant
20.88201,72.96509,408.85,100,2026-08-17,2344,38.41,agriculture,0.676,0.0561730193243838,20.88_72.97,1,3,Agricultural Burning,0.8,80.0,45.41,Surat Industrial Site 0352,Steel Plant
26.36394,80.19813,406.69,93,2026-02-15,1937,112.15,built_up,0.023,0.0190971620929826,26.36_80.2,5,1,Other Thermal Source,1.0,100.0,96.57,Kanpur Industrial Site 0155,Chemical Plant
27.048,78.28841,356.74,86,2026-02-08,909,36.89,built_up,0.023,22.76003424068109,27.05_78.29,1,1,Other Thermal Source,0.6,60.0,29.96,Agra Industrial Site 0714,Refinery
26.85194,80.766,365.91,82,2026-09-20,1877,16.0,built_up,0.023,2.3955235035794007,26.85_80.77,1,1,Other Thermal Source,0.7,70.0,30.96,Lucknow Industrial Site 0298,Thermal Power Plant
19.69156,73.82567,330.2,39,2026-06-06,1754,17.78,agriculture,0.676,11.935564497186688,19.69_73.83,1,3,Agricultural Burning,0.15,15.0,25.65,Nashik Industrial Site 0667,Paper Mill
19.49211,73.27101,389.75,96,2026-01-17,1090,29.44,agriculture,0.676,0.041294387027636,19.49_73.27,2,3,Agricultural Burning,0.8,80.0,58.87,Thane Industrial Site 0237,Paper Mill
10.71913,77.00122,405.69,91,2026-07-07,327,91.54,agriculture,0.676,0.0797502363630552,10.72_77.0,2,3,Agricultural Burning,0.8,80.0,68.0,Coimbatore Industrial Site 0120,Industrial Estate
21.04905,78.97943,331.93,65,2026-04-20,2295,15.87,agriculture,0.676,5.003505841156557,21.05_78.98,1,3,Agricultural Burning,0.35,35.0,28.67,Nagpur Industrial Site 0879,Manufacturing Unit
25.26311,75.79824,379.56,97,2026-04-06,562,81.86,industrial,0.012,0.0796806833558544,25.26_75.8,1,0,Industrial Fire,0.8,80.0,53.44,Kota Industrial Site 0137,Paper Mill
18.91515,72.71103,395.81,100,2026-02-06,1276,71.5,agriculture,0.676,0.0632797360928892,18.92_72.71,3,3,Agricultural Burning,1.0,100.0,71.75,Thane Industrial Site 0093,Cement Plant
26.26122,73.38815,409.75,100,2026-01-24,1456,28.96,built_up,0.023,0.0756512028985545,26.26_73.39,1,1,Other Thermal Source,0.8,80.0,38.46,Jodhpur Industrial Site 0318,Thermal Power Plant
25.60883,85.4471,391.08,97,2026-08-31,9,80.81,industrial,0.08,0.0739796472012985,25.61_85.45,1,0,Industrial Fire,0.8,80.0,53.9,Patna Industrial Site 0156,Textile Industry
27.36482,78.06697,388.77,94,2026-04-28,744,50.76,built_up,0.023,0.0317855627599862,27.36_78.07,2,1,Other Thermal Source,0.8,80.0,67.61,Agra Industrial Site 0042,Steel Plant
23.43495,77.37521,405.24,100,2026-02-18,308,32.71,agriculture,0.676,0.023755037360493,23.43_77.38,1,3,Agricultural Burning,0.8,80.0,51.75,Bhopal Industrial Site 0349,Manufacturing Unit
23.43768,85.41321,322.02,66,2026-03-10,1335,15.49,agriculture,0.607,1.0738250379841765,23.44_85.41,1,3,Agricultural Burning,0.55,55.0,31.23,Ranchi Industrial Site 0307,Paper Mill
19.06491,72.78293,392.6,94,2026-02-05,39,69.29,agriculture,0.676,0.0400370091286649,19.06_72.78,1,3,Agricultural Burning,0.8,80.0,59.45,Mumbai Industrial Site 0002,Steel Plant
26.55474,80.86908,339.83,70,2026-02-07,683,5.32,built_up,0.023,16.2131079912088,26.55_80.87,1,1,Other Thermal Source,0.2,20.0,15.95,Lucknow Industrial Site 0202,Steel Plant
22.61718,86.10825,404.63,92,2026-02-12,854,57.37,agriculture,0.278,0.0288813382651019,22.62_86.11,3,3,Agricultural Burning,1.0,100.0,76.53,Jamshedpur Industrial Site 0260,Industrial Estate
23.24729,77.44674,360.06,89,2026-04-14,757,42.93,agriculture,0.676,9.02429296863188,23.25_77.45,1,3,Agricultural Burning,0.6,60.0,35.9,Bhopal Industrial Site 1021,Power Plant
17.71809,83.46175,391.8,98,2026-03-27,1082,98.45,agriculture,0.676,0.0518976935912567,17.72_83.46,2,3,Agricultural Burning,0.8,80.0,75.41,Visakhapatnam Industrial Site 0166,Textile Industry
25.34455,76.05052,319.18,54,2026-03-11,1033,14.22,industrial,0.012,11.613029117788065,25.34_76.05,1,0,Other Thermal Source,0.35,35.0,23.05,Kota Industrial Site 0521,Power Plant
23.188,77.60396,373.78,98,2026-09-06,1504,29.66,agriculture,0.676,0.0468309513037883,23.19_77.6,1,3,Agricultural Burning,0.8,80.0,45.49,Bhopal Industrial Site 0061,Power Plant
27.81889,73.3772,383.64,97,2026-03-11,2020,44.58,built_up,0.023,0.0508423622583054,27.82_73.38,2,1,Other Thermal Source,0.8,80.0,60.94,Bikaner Industrial Site 0269,Manufacturing Unit
18.42396,73.96682,390.55,100,2026-01-19,577,103.47,agriculture,0.676,0.0282995583002193,18.42_73.97,2,3,Agricultural Burning,0.8,80.0,82.93,Pune Industrial Site 0248,Thermal Power Plant
20.45102,85.91283,406.84,93,2026-03-03,2055,79.52,agriculture,0.278,0.0673084816351609,20.45_85.91,2,3,Agricultural Burning,0.8,80.0,67.04,Bhubaneswar Industrial Site 0309,Manufacturing Unit
29.63593,76.90423,384.81,94,2026-09-10,913,112.23,built_up,0.023,0.0113198233205981,29.64_76.9,1,1,Other Thermal Source,0.8,80.0,75.79,Panipat Industrial Site 0287,Paper Mill
26.72395,80.7484,327.41,41,2026-07-24,764,4.39,built_up,0.023,5.949128852613965,26.72_80.75,1,1,Other Thermal Source,0.0,0.0,20.12,Lucknow Industrial Site 0778,Thermal Power Plant
23.92956,86.40591,347.0,41,2026-09-13,1517,7.25,agriculture,0.278,20.087366506521175,23.93_86.41,1,3,Other Thermal Source,0.0,0.0,16.51,Bokaro Industrial Site 0565,Chemical Plant
22.56004,88.19275,397.85,97,2026-06-21,968,39.08,agriculture,0.278,0.0933060480353385,22.56_88.19,2,3,Agricultural Burning,0.8,80.0,52.43,Kolkata Industrial Site 0243,Cement Plant
17.69325,72.81814,339.48,80,2026-03-03,1266,14.75,agriculture,0.676,107.08987328992151,17.69_72.82,3,3,Agricultural Burning,0.7,70.0,36.35,Pune Industrial Site 0488,Thermal Power Plant
21.00506,79.24392,389.2,97,2026-07-28,2151,50.2,agriculture,0.676,0.0348547069986705,21.01_79.24,1,3,Agricultural Burning,0.8,80.0,55.02,Nagpur Industrial Site 0015,Chemical Plant
29.38113,78.11558,321.58,82,2026-05-18,575,7.58,built_up,0.023,75.13235144183463,29.38_78.12,1,1,Other Thermal Source,0.35,35.0,15.08,Delhi Industrial Site 0097,Paper Mill
18.92553,72.95755,389.64,90,2026-04-02,1553,13.09,agriculture,0.676,9.0692176908535,18.93_72.96,1,3,Agricultural Burning,0.5,50.0,23.75,Mumbai Industrial Site 0482,Steel Plant
21.1319,81.5642,375.12,96,2026-09-08,343,38.31,agriculture,0.676,0.029887664679124,21.13_81.56,1,3,Agricultural Burning,0.8,80.0,52.38,Raipur Industrial Site 0079,Manufacturing Unit
29.13878,77.01391,379.31,100,2026-03-19,1211,67.29,built_up,0.023,0.0277499999994226,29.14_77.01,3,1,Other Thermal Source,1.0,100.0,79.88,Panipat Industrial Site 0143,Cement Plant
20.25414,86.14769,341.61,44,2026-05-15,1087,0.75,agriculture,0.278,19.683355080130557,20.25_86.15,1,3,Other Thermal Source,0.0,0.0,12.8,Bhubaneswar Industrial Site 0261,Power Plant
29.49828,78.4192,328.45,83,2026-06-01,2399,14.1,built_up,0.023,108.3964385235946,29.5_78.42,5,1,Other Thermal Source,0.7,70.0,39.43,Delhi Industrial Site 0097,Paper Mill
26.02487,73.21215,379.74,96,2026-03-27,43,90.76,built_up,0.023,0.0816284068198732,26.02_73.21,2,1,Other Thermal Source,0.8,80.0,67.63,Jodhpur Industrial Site 0270,Industrial Estate
26.82696,75.66385,403.28,100,2026-03-24,1938,31.5,built_up,0.023,0.0390398219772009,26.83_75.66,2,1,Other Thermal Source,0.8,80.0,59.95,Jaipur Industrial Site 0009,Manufacturing Unit
21.52246,81.39845,354.28,96,2026-09-18,538,17.24,agriculture,0.676,12.322422567875918,21.52_81.4,1,3,Agricultural Burning,0.5,50.0,25.07,Raipur Industrial Site 1087,Paper Mill
22.8743,72.58073,372.23,99,2026-01-10,88,40.81,agriculture,0.676,5.504987675625472,22.87_72.58,1,3,Agricultural Burning,0.6,60.0,37.53,Ahmedabad Industrial Site 0007,Paper Mill
16.25398,80.31175,396.1,95,2026-09-02,361,54.77,agriculture,0.676,0.0409347773897289,16.25_80.31,1,3,Agricultural Burning,0.8,80.0,55.04,Vijayawada Industrial Site 0215,Chemical Plant
24.49376,84.74033,303.69,64,2026-05-05,940,9.29,agriculture,0.676,11.515342331941817,24.49_84.74,1,3,Other Thermal Source,0.2,20.0,19.75,Gaya Industrial Site 0370,Industrial Estate
22.52577,75.77527,344.4,75,2026-01-07,447,9.97,agriculture,0.676,1.946703936658104,22.53_75.78,1,3,Other Thermal Source,0.4,40.0,27.13,Indore Industrial Site 0302,Steel Plant
17.71777,83.46184,406.18,99,2026-05-01,906,67.29,agriculture,0.676,0.028881338266663,17.72_83.46,2,3,Agricultural Burning,0.8,80.0,73.3,Visakhapatnam Industrial Site 0166,Textile Industry
19.72469,74.01288,343.76,70,2026-09-04,896,9.78,agriculture,0.676,15.010307431982532,19.72_74.01,1,3,Other Thermal Source,0.2,20.0,19.17,Nashik Industrial Site 0763,Cement Plant
22.61695,86.10788,394.87,94,2026-08-13,1339,99.29,agriculture,0.278,0.0688289510312005,22.62_86.11,3,3,Agricultural Burning,1.0,100.0,78.24,Jamshedpur Industrial Site 0260,Industrial Estate
23.42796,86.13598,372.04,94,2026-05-15,448,62.89,agriculture,0.278,0.0139082601354054,23.43_86.14,5,3,Agricultural Burning,1.0,100.0,84.75,Bokaro Industrial Site 0133,Cement Plant
22.73724,86.38117,409.97,97,2026-03-16,757,42.44,agriculture,0.278,0.0373131746168479,22.74_86.38,2,3,Agricultural Burning,0.8,80.0,64.04,Jamshedpur Industrial Site 0068,Thermal Power Plant
22.18547,70.73687,353.31,96,2026-07-18,666,70.68,agriculture,0.676,4.920296588073112,22.19_70.74,1,3,Agricultural Burning,0.8,80.0,46.75,Rajkot Industrial Site 0690,Industrial Estate
16.39204,80.59007,392.45,96,2026-09-20,2103,65.05,agriculture,0.676,0.0408142034094218,16.39_80.59,2,3,Agricultural Burning,0.8,80.0,70.1,Vijayawada Industrial Site 0071,Power Plant
30.8091,75.95854,342.5,82,2026-07-16,1222,13.19,built_up,0.023,1.9764615240878176,30.81_75.96,5,1,Other Thermal Source,0.8999999999999999,90.0,50.94,Ludhiana Industrial Site 0267,Paper Mill
30.11867,76.7154,336.9,95,2026-08-31,2347,21.52,built_up,0.023,57.53967881904889,30.12_76.72,3,1,Other Thermal Source,0.8,80.0,42.94,Panipat Industrial Site 0287,Paper Mill
28.46419,77.14476,402.9,96,2026-09-13,1296,109.28,built_up,0.023,0.062830314339292,28.46_77.14,1,1,Other Thermal Source,0.8,80.0,63.5,Delhi Industrial Site 0385,Chemical Plant
26.1188,76.87812,320.64,82,2026-05-04,529,20.42,built_up,0.023,116.30230448034976,26.12_76.88,2,1,Other Thermal Source,0.6,60.0,33.18,Kota Industrial Site 0521,Power Plant
28.65993,76.8285,341.7,77,2026-06-07,2180,15.06,built_up,0.023,17.390347186426897,28.66_76.83,1,1,Other Thermal Source,0.35,35.0,22.39,Delhi Industrial Site 0577,Paper Mill
21.23417,79.13307,373.86,92,2026-06-07,307,103.47,agriculture,0.676,0.0593408948363922,21.23_79.13,1,3,Agricultural Burning,0.8,80.0,62.88,Nagpur Industrial Site 0207,Paper Mill
19.29206,72.91399,402.09,92,2026-05-06,1216,33.73,agriculture,0.676,0.0272119844919537,19.29_72.91,4,3,Agricultural Burning,1.0,100.0,72.45,Thane Industrial Site 0285,Chemical Plant
10.85416,77.11414,406.24,93,2026-01-23,908,115.78,agriculture,0.676,0.0263142584918274,10.85_77.11,2,3,Agricultural Burning,0.8,80.0,85.82,Coimbatore Industrial Site 0072,Steel Plant
12.88905,77.27724,377.63,99,2026-05-21,2271,61.97,agriculture,0.676,0.0781506218791611,12.89_77.28,2,3,Agricultural Burning,0.8,80.0,60.27,Bengaluru Industrial Site 0197,Paper Mill
26.36198,80.59423,392.87,99,2026-03-18,1158,25.0,built_up,0.023,0.0635420467093066,26.36_80.59,2,1,Other Thermal Source,0.8,80.0,51.59,Kanpur Industrial Site 0299,Manufacturing Unit
31.63788,76.92563,331.47,95,2026-01-10,1333,22.14,built_up,0.023,108.79128341429217,31.64_76.93,1,1,Other Thermal Source,0.6,60.0,22.17,Ludhiana Industrial Site 0555,Chemical Plant
26.24621,80.31888,397.83,95,2026-06-19,1144,103.0,built_up,0.023,0.0109884393792229,26.25_80.32,2,1,Other Thermal Source,0.8,80.0,85.46,Kanpur Industrial Site 0395,Chemical Plant
20.43578,86.04489,315.47,51,2026-06-06,635,10.0,agriculture,0.278,14.689108953877282,20.44_86.04,1,3,Agricultural Burning,0.35,35.0,19.5,Bhubaneswar Industrial Site 0309,Manufacturing Unit
30.82303,75.87506,389.71,91,2026-09-13,1721,100.95,built_up,0.023,0.0250427414632546,30.82_75.88,2,1,Other Thermal Source,0.8,80.0,82.97,Ludhiana Industrial Site 0219,Manufacturing Unit
23.42776,86.13606,395.43,91,2026-04-30,735,29.88,agriculture,0.278,0.0344815385390796,23.43_86.14,5,3,Agricultural Burning,1.0,100.0,70.71,Bokaro Industrial Site 0133,Cement Plant
17.57516,83.29414,395.04,99,2026-01-09,906,105.18,agriculture,0.676,0.0235466558130109,17.58_83.29,2,3,Agricultural Burning,0.8,80.0,84.22,Visakhapatnam Industrial Site 0118,Thermal Power Plant
27.12209,75.78112,377.7,100,2026-03-04,1698,111.96,built_up,0.023,0.0501960606018706,27.12_75.78,4,1,Other Thermal Source,1.0,100.0,88.12,Jaipur Industrial Site 0249,Manufacturing Unit
25.71691,85.30182,375.91,92,2026-06-06,1239,92.46,industrial,0.028,0.0648376834864441,25.72_85.3,2,0,Industrial Fire,0.8,80.0,70.83,Patna Industrial Site 0060,Industrial Estate
25.19593,75.92394,381.66,97,2026-05-09,402,38.07,industrial,0.012,0.0413093028267998,25.2_75.92,2,0,Industrial Fire,0.8,80.0,61.35,Kota Industrial Site 0233,Cement Plant
29.58009,76.79118,398.67,92,2026-04-08,153,76.63,built_up,0.023,0.0530133954770001,29.58_76.79,1,1,Other Thermal Source,0.8,80.0,57.65,Panipat Industrial Site 0383,Cement Plant
25.37284,85.35154,314.33,66,2026-05-26,2394,15.74,agriculture,0.278,10.924279675150483,25.37_85.35,1,3,Agricultural Burning,0.35,35.0,24.67,Patna Industrial Site 0780,Industrial Estate
29.367,77.01919,388.78,93,2026-03-07,1511,107.73,built_up,0.023,0.0397435806143393,29.37_77.02,3,1,Other Thermal Source,1.0,100.0,87.39,Panipat Industrial Site 0335,Chemical Plant
25.53691,85.26777,400.48,91,2026-05-11,1845,68.5,industrial,0.081,0.0299905485112028,25.54_85.27,2,0,Industrial Fire,0.8,80.0,73.38,Patna Industrial Site 0348,Thermal Power Plant
18.51194,73.95818,409.26,91,2026-08-27,1552,87.27,agriculture,0.676,0.0389924531160174,18.51_73.96,3,3,Agricultural Burning,1.0,100.0,83.12,Pune Industrial Site 0200,Industrial Estate
23.45293,86.91424,372.15,99,2026-03-27,194,39.76,agriculture,0.278,0.0476783441413014,23.45_86.91,2,3,Agricultural Burning,0.8,80.0,60.48,Asansol Industrial Site 0177,Paper Mill
25.56904,85.16407,379.48,99,2026-03-13,1018,116.64,agriculture,0.625,0.0501592284633533,25.57_85.16,2,3,Agricultural Burning,0.8,80.0,80.03,Patna Industrial Site 0300,Industrial Estate
16.92876,82.35765,340.87,83,2026-03-20,1681,18.06,agriculture,0.676,105.86056885883649,16.93_82.36,2,3,Agricultural Burning,0.5,50.0,32.8,Visakhapatnam Industrial Site 1126,Textile Industry
23.02119,72.8461,369.09,96,2026-07-12,1664,45.33,agriculture,0.676,6.282551461826871,23.02_72.85,1,3,Agricultural Burning,0.6,60.0,38.25,Ahmedabad Industrial Site 0727,Paper Mill
20.16205,85.84279,408.07,99,2026-06-14,708,72.24,agriculture,0.607,0.0251654405890219,20.16_85.84,3,3,Agricultural Burning,1.0,100.0,81.67,Bhubaneswar Industrial Site 0021,Power Plant
20.45576,73.05614,375.52,93,2026-03-21,954,49.44,agriculture,0.676,0.0437430142995136,20.46_73.06,1,3,Agricultural Burning,0.8,80.0,52.42,Vapi Industrial Site 0048,Thermal Power Plant
28.44891,77.03384,382.76,98,2026-09-16,1523,82.07,built_up,0.023,0.0422675407373426,28.45_77.03,2,1,Other Thermal Source,0.8,80.0,74.1,Delhi Industrial Site 0049,Manufacturing Unit
19.60024,75.40016,389.83,82,2026-09-10,1709,19.67,agriculture,0.676,9.078665842980511,19.6_75.4,1,3,Agricultural Burning,0.5,50.0,28.45,Aurangabad Industrial Site 0428,Thermal Power Plant
12.93705,77.78505,391.11,100,2026-09-14,1733,59.0,agriculture,0.676,0.0597340907691201,12.94_77.79,1,3,Agricultural Burning,0.8,80.0,50.5,Bengaluru Industrial Site 0101,Power Plant
23.63903,87.14497,379.87,98,2026-08-17,1210,67.6,agriculture,0.278,0.0291361785412161,23.64_87.14,1,3,Agricultural Burning,0.8,80.0,61.5,Durgapur Industrial Site 0176,Textile Industry
26.86819,80.75113,390.86,93,2026-07-24,1507,61.08,built_up,0.023,0.0527687975983418,26.87_80.75,2,1,Other Thermal Source,0.8,80.0,64.99,Lucknow Industrial Site 0298,Thermal Power Plant
27.08046,74.01371,324.32,84,2026-06-26,375,6.59,built_up,0.023,94.3618045033104,27.08_74.01,2,1,Other Thermal Source,0.35,35.0,25.51,Bikaner Industrial Site 1133,Cement Plant
16.49193,80.72317,400.3,92,2026-07-11,315,59.96,agriculture,0.676,0.0580817510067552,16.49_80.72,3,3,Agricultural Burning,1.0,100.0,69.26,Vijayawada Industrial Site 0167,Paper Mill
26.43437,73.01003,323.9,63,2026-08-13,571,16.5,built_up,0.023,9.136375544218849,26.43_73.01,1,1,Other Thermal Source,0.35,35.0,26.3,Jodhpur Industrial Site 0750,Industrial Estate
25.65292,85.38819,373.77,94,2026-07-17,44,41.62,built_up,0.152,0.073226355909919,25.65_85.39,3,1,Other Thermal Source,1.0,100.0,61.03,Patna Industrial Site 0204,Refinery
28.65258,77.46673,358.29,86,2026-02-28,1940,62.41,built_up,0.023,4.762855306273318,28.65_77.47,1,1,Other Thermal Source,0.8,80.0,44.69,Delhi Industrial Site 0673,Cement Plant
17.74895,83.27591,356.97,97,2026-06-02,202,27.88,agriculture,0.676,3.1200567838583457,17.75_83.28,1,3,Agricultural Burning,0.8,80.0,35.49,Visakhapatnam Industrial Site 0646,Textile Industry
21.3225,72.30533,329.51,81,2026-07-17,1273,6.62,agriculture,0.676,26.44082745477209,21.32_72.31,1,3,Other Thermal Source,0.35,35.0,15.79,Surat Industrial Site 0544,Refinery
22.90982,75.65515,386.35,98,2026-01-28,2270,36.36,agriculture,0.676,0.0158927813788638,22.91_75.66,4,3,Agricultural Burning,1.0,100.0,75.05,Indore Industrial Site 0206,Textile Industry
26.50719,80.37696,409.87,93,2026-05-26,1547,117.64,built_up,0.023,0.0332629794215509,26.51_80.38,2,1,Other Thermal Source,0.8,80.0,84.76,Kanpur Industrial Site 0107,Paper Mill
25.41755,86.15056,308.75,74,2026-02-16,9,4.62,agriculture,0.278,6.468446594762525,25.42_86.15,1,3,Other Thermal Source,0.2,20.0,19.65,Munger Industrial Site 0324,Refinery
24.37712,84.96892,386.35,91,2026-04-06,1157,46.9,forest,0.71,0.0542198358537505,24.38_84.97,1,2,Wildfire,0.8,80.0,48.75,Gaya Industrial Site 0274,Refinery
27.04309,75.6068,373.83,92,2026-01-08,395,95.05,built_up,0.023,0.0435312508424887,27.04_75.61,2,1,Other Thermal Source,0.8,80.0,77.14,Jaipur Industrial Site 0297,Paper Mill
23.60904,87.32683,408.36,94,2026-08-17,584,40.74,agriculture,0.278,0.0418868762265012,23.61_87.33,2,3,Agricultural Burning,0.8,80.0,62.34,Durgapur Industrial Site 0368,Thermal Power Plant
18.71607,73.90302,390.43,94,2026-08-23,1374,81.94,agriculture,0.676,0.0682898125631775,18.72_73.9,1,3,Agricultural Burning,0.8,80.0,55.6,Pune Industrial Site 0104,Refinery
21.38488,81.40316,394.77,98,2026-02-02,49,27.43,agriculture,0.676,0.0404046098849956,21.38_81.4,2,3,Agricultural Burning,0.8,80.0,58.7,Raipur Industrial Site 0367,Paper Mill
26.09862,79.05808,339.57,80,2026-08-17,2251,24.34,built_up,0.023,106.44760429606424,26.1_79.06,1,1,Other Thermal Source,0.6,60.0,23.42,Agra Industrial Site 1002,Steel Plant
22.82989,85.91498,380.7,96,2026-02-05,1843,31.84,agriculture,0.278,20.98997291606084,22.83_85.91,1,3,Agricultural Burning,0.6,60.0,28.52,Jamshedpur Industrial Site 0932,Steel Plant
22.51456,75.97658,316.2,39,2026-04-06,913,14.35,agriculture,0.676,4.838505787999125,22.51_75.98,1,3,Agricultural Burning,0.35,35.0,27.58,Indore Industrial Site 0638,Thermal Power Plant
22.59446,86.06901,333.93,73,2026-06-05,1920,9.5,agriculture,0.278,5.048539310621831,22.59_86.07,1,3,Other Thermal Source,0.2,20.0,24.12,Jamshedpur Industrial Site 0260,Industrial Estate
17.45283,78.20488,371.52,96,2026-06-09,104,38.59,agriculture,0.676,10.190763526340753,17.45_78.2,1,3,Agricultural Burning,0.6,60.0,33.43,Hyderabad Industrial Site 0054,Refinery
26.06796,91.76203,386.86,99,2026-05-23,280,63.34,built_up,0.161,0.0711180040497588,26.07_91.76,3,1,Other Thermal Source,1.0,100.0,68.04,Guwahati Industrial Site 0314,Refinery
25.63812,86.05389,381.16,97,2026-05-25,1999,40.24,industrial,0.08,0.0204673886952708,25.64_86.05,3,0,Persistent Industrial Thermal Source,1.0,100.0,73.19,Begusarai Industrial Site 0275,Chemical Plant
30.74894,75.82725,373.29,97,2026-09-05,1217,78.04,built_up,0.023,0.0877532050701663,30.75_75.83,2,1,Other Thermal Source,0.8,80.0,63.99,Ludhiana Industrial Site 0123,Cement Plant
25.65314,85.38825,394.5,92,2026-07-19,576,80.54,built_up,0.152,0.08841064641721,25.65_85.39,3,1,Other Thermal Source,1.0,100.0,70.69,Patna Industrial Site 0204,Refinery
22.91002,75.65512,392.94,92,2026-05-19,2120,50.96,agriculture,0.676,0.0317467762139535,22.91_75.66,4,3,Agricultural Burning,1.0,100.0,76.79,Indore Industrial Site 0206,Textile Industry
20.45096,85.91293,392.93,99,2026-05-11,57,104.15,agriculture,0.278,0.0551101306475001,20.45_85.91,2,3,Agricultural Burning,0.8,80.0,76.04,Bhubaneswar Industrial Site 0309,Manufacturing Unit
29.49794,78.41941,344.05,80,2026-08-22,912,10.69,built_up,0.023,108.39005863865016,29.5_78.42,5,1,Other Thermal Source,0.7,70.0,37.12,Delhi Industrial Site 0097,Paper Mill
23.52413,87.2506,321.27,90,2026-03-23,454,16.17,agriculture,0.278,3.9871329788209873,23.52_87.25,2,3,Agricultural Burning,0.7,70.0,41.55,Durgapur Industrial Site 0992,Steel Plant
18.91507,72.71077,395.77,91,2026-01-15,2057,77.03,agriculture,0.676,0.0422675407375704,18.92_72.71,3,3,Agricultural Burning,1.0,100.0,79.06,Thane Industrial Site 0093,Cement Plant
28.35221,76.94998,391.47,91,2026-05-27,1472,40.61,built_up,0.023,0.0163889535967728,28.35_76.95,1,1,Other Thermal Source,0.8,80.0,55.82,Delhi Industrial Site 0289,Manufacturing Unit
28.53771,77.28845,326.73,68,2026-04-16,1224,14.64,built_up,0.023,2.0014051067434027,28.54_77.29,1,1,Other Thermal Source,0.55,55.0,30.19,Faridabad Industrial Site 0374,Refinery
25.22715,86.20916,384.26,92,2026-08-22,1411,74.72,agriculture,0.278,0.0612213051142078,25.23_86.21,1,3,Agricultural Burning,0.8,80.0,54.92,Begusarai Industrial Site 0323,Cement Plant
23.23472,85.36059,381.7,84,2026-05-01,2181,14.13,agriculture,0.607,3.1901894359425422,23.23_85.36,1,3,Agricultural Burning,0.7,70.0,28.82,Ranchi Industrial Site 1171,Power Plant
30.88605,75.92013,375.8,92,2026-07-27,45,92.22,built_up,0.023,0.0441913849068877,30.89_75.92,1,1,Other Thermal Source,0.8,80.0,64.57,Ludhiana Industrial Site 0363,Cement Plant
24.24685,87.57159,320.16,88,2026-03-06,1395,17.99,agriculture,0.278,63.85651935419337,24.25_87.57,1,3,Agricultural Burning,0.5,50.0,23.0,Durgapur Industrial Site 0272,Steel Plant
12.88886,77.27698,395.29,96,2026-04-28,1423,38.18,agriculture,0.676,0.0601656862334334,12.89_77.28,2,3,Agricultural Burning,0.8,80.0,56.09,Bengaluru Industrial Site 0197,Paper Mill
26.72219,80.0604,384.56,85,2026-02-27,1698,71.14,built_up,0.023,18.3397756977363,26.72_80.06,1,1,Other Thermal Source,0.6,60.0,41.0,Kanpur Industrial Site 0635,Chemical Plant
30.79909,75.9738,374.85,93,2026-06-20,1128,51.43,built_up,0.023,0.0535682825932819,30.8_75.97,2,1,Other Thermal Source,0.8,80.0,62.04,Ludhiana Industrial Site 0267,Paper Mill
23.46905,85.16794,335.41,86,2026-01-05,797,20.05,mining,0.114,3.68116735683138,23.47_85.17,2,4,Other Thermal Source,0.8,80.0,44.2,Ranchi Industrial Site 0835,Chemical Plant
22.33481,73.17407,393.49,93,2026-04-08,196,76.4,agriculture,0.676,0.0249441476097756,22.33_73.17,2,3,Agricultural Burning,0.8,80.0,76.67,Vadodara Industrial Site 0017,Paper Mill
25.4458,86.20218,395.95,100,2026-08-28,1066,95.59,agriculture,0.278,0.0710746790359671,25.45_86.2,3,3,Agricultural Burning,1.0,100.0,76.6,Munger Industrial Site 0324,Refinery
16.52011,80.41105,375.3,96,2026-01-10,452,103.17,agriculture,0.676,0.0502573875164323,16.52_80.41,2,3,Agricultural Burning,0.8,80.0,77.1,Vijayawada Industrial Site 0263,Cement Plant
19.90792,75.27791,396.49,99,2026-03-01,222,59.67,agriculture,0.676,0.0800740182570457,19.91_75.28,1,3,Agricultural Burning,0.8,80.0,46.82,Aurangabad Industrial Site 0044,Refinery
10.19485,76.55974,309.32,67,2026-05-13,1087,6.83,agriculture,0.676,15.792321830269284,10.19_76.56,1,3,Other Thermal Source,0.2,20.0,16.95,Kochi Industrial Site 1033,Cement Plant
31.54111,74.87293,375.65,100,2026-08-05,453,30.56,built_up,0.023,0.0253118944373493,31.54_74.87,3,1,Other Thermal Source,1.0,100.0,68.95,Amritsar Industrial Site 0124,Refinery
27.13793,90.7291,324.73,86,2026-03-18,1346,6.04,built_up,0.161,139.85932555884958,27.14_90.73,1,1,Other Thermal Source,0.35,35.0,11.14,Guwahati Industrial Site 0554,Refinery
22.8084,72.31168,320.77,43,2026-04-30,2236,2.91,agriculture,0.676,10.107423028190713,22.81_72.31,1,3,Other Thermal Source,0.0,0.0,16.22,Ahmedabad Industrial Site 1015,Chemical Plant
21.17696,86.80333,326.32,93,2026-01-25,2346,3.29,agriculture,0.278,105.1206049943078,21.18_86.8,3,3,Other Thermal Source,0.55,55.0,28.92,Bhubaneswar Industrial Site 0837,Paper Mill
18.59648,74.07569,372.42,87,2026-07-09,1340,53.48,agriculture,0.676,10.75399095132573,18.6_74.08,1,3,Agricultural Burning,0.6,60.0,38.04,Pune Industrial Site 0872,Steel Plant
23.75392,87.24393,409.13,96,2026-06-07,866,102.15,agriculture,0.278,0.0690166545114556,23.75_87.24,2,3,Agricultural Burning,0.8,80.0,72.47,Durgapur Industrial Site 0320,Industrial Estate
29.55919,76.87432,300.42,52,2026-02-27,1124,14.64,built_up,0.023,7.893319578764204,29.56_76.87,1,1,Other Thermal Source,0.35,35.0,25.74,Panipat Industrial Site 1055,Chemical Plant
18.77096,73.54624,382.89,97,2026-02-27,2339,109.55,agriculture,0.676,0.0070202564061809,18.77_73.55,2,3,Agricultural Burning,0.8,80.0,87.42,Pune Industrial Site 0392,Steel Plant
10.88611,76.93878,392.99,95,2026-08-07,1354,35.75,agriculture,0.676,0.059205780968138,10.89_76.94,3,3,Agricultural Burning,1.0,100.0,61.8,Coimbatore Industrial Site 0360,Industrial Estate
11.15979,77.20063,389.32,85,2026-04-13,1685,41.11,agriculture,0.676,12.399419690392891,11.16_77.2,1,3,Agricultural Burning,0.6,60.0,33.47,Coimbatore Industrial Site 0840,Industrial Estate
31.29408,75.85412,383.02,95,2026-06-05,1570,44.21,built_up,0.023,0.0686497086662114,31.29_75.85,1,1,Other Thermal Source,0.8,80.0,44.8,Jalandhar Industrial Site 0334,Refinery
27.3523,74.08411,336.73,95,2026-04-02,1591,22.27,built_up,0.023,72.95288738017761,27.35_74.08,1,1,Other Thermal Source,0.6,60.0,24.31,Bikaner Industrial Site 1133,Cement Plant
26.12126,73.33162,317.37,41,2026-07-28,445,10.32,built_up,0.023,13.2143834756412,26.12_73.33,1,1,Other Thermal Source,0.15,15.0,19.98,Jodhpur Industrial Site 0174,Refinery
27.24783,78.19196,387.34,99,2026-09-08,1241,88.17,built_up,0.023,0.0879635606373596,27.25_78.19,2,1,Other Thermal Source,0.8,80.0,66.96,Agra Industrial Site 0234,Refinery
23.50989,86.76314,373.91,84,2026-04-01,400,25.79,agriculture,0.278,9.85367006555978,23.51_86.76,1,3,Agricultural Burning,0.6,60.0,30.0,Asansol Industrial Site 0369,Manufacturing Unit
27.32342,78.20113,381.02,89,2026-08-29,2039,36.92,built_up,0.023,8.381034400179985,27.32_78.2,1,1,Other Thermal Source,0.6,60.0,33.97,Agra Industrial Site 0234,Refinery
26.99978,80.94403,386.52,94,2026-03-28,1179,69.9,built_up,0.023,0.0228832362221725,27.0_80.94,5,1,Other Thermal Source,1.0,100.0,85.23,Lucknow Industrial Site 0346,Textile Industry
25.02879,75.67169,373.37,82,2026-08-10,789,49.95,agriculture,0.676,2.785248353899614,25.03_75.67,1,3,Agricultural Burning,0.8,80.0,42.43,Kota Industrial Site 0329,Manufacturing Unit
18.88511,72.81181,323.12,76,2026-07-27,1168,9.07,agriculture,0.676,6.334849451928866,18.89_72.81,1,3,Other Thermal Source,0.2,20.0,22.54,Mumbai Industrial Site 0674,Refinery
26.25105,80.44901,326.2,52,2026-02-11,1462,16.54,built_up,0.023,11.349785823904943,26.25_80.45,1,1,Other Thermal Source,0.35,35.0,24.85,Kanpur Industrial Site 1019,Manufacturing Unit
22.40881,73.64595,374.45,95,2026-08-11,1585,87.17,agriculture,0.676,0.0094838441571742,22.41_73.65,4,3,Agricultural Burning,1.0,100.0,90.95,Vadodara Industrial Site 0065,Chemical Plant
20.22294,73.61694,384.17,96,2026-09-13,423,94.26,agriculture,0.676,0.013729941732787,20.22_73.62,3,3,Agricultural Burning,1.0,100.0,89.26,Nashik Industrial Site 0187,Paper Mill
10.88601,76.93901,379.89,94,2026-04-28,488,76.64,agriculture,0.676,0.031746776214505,10.89_76.94,3,3,Agricultural Burning,1.0,100.0,81.59,Coimbatore Industrial Site 0360,Industrial Estate
19.85983,73.52201,313.5,68,2026-05-06,605,14.96,agriculture,0.676,4.332648370316081,19.86_73.52,1,3,Agricultural Burning,0.55,55.0,28.41,Nashik Industrial Site 1195,Chemical Plant
25.86096,84.7012,381.92,91,2026-04-08,1696,83.11,built_up,0.023,0.0698947530217257,25.86_84.7,3,1,Other Thermal Source,1.0,100.0,73.86,Patna Industrial Site 0012,Steel Plant
12.73379,79.88205,405.19,92,2026-04-11,1448,116.51,agriculture,0.676,0.0392287254433501,12.73_79.88,2,3,Agricultural Burning,0.8,80.0,83.12,Chennai Industrial Site 0244,Refinery
19.1543,72.69384,310.32,66,2026-01-14,401,12.63,agriculture,0.676,9.961531720624016,19.15_72.69,1,3,Agricultural Burning,0.35,35.0,22.6,Mumbai Industrial Site 0914,Refinery
23.18753,70.05873,332.47,92,2026-01-26,2206,20.89,agriculture,0.676,97.10911802662528,23.19_70.06,3,3,Agricultural Burning,0.8,80.0,40.9,Rajkot Industrial Site 0834,Refinery
12.99308,80.36101,388.98,99,2026-04-02,2338,103.41,agriculture,0.676,0.0761705907820694,12.99_80.36,2,3,Agricultural Burning,0.8,80.0,71.35,Chennai Industrial Site 0388,Thermal Power Plant
19.73799,73.62165,311.4,39,2026-06-06,849,13.73,agriculture,0.676,9.782708094310944,19.74_73.62,1,3,Agricultural Burning,0.15,15.0,23.72,Nashik Industrial Site 0715,Chemical Plant
17.71485,83.19712,376.26,98,2026-06-17,20,84.29,agriculture,0.676,0.045292896793737,17.71_83.2,1,3,Agricultural Burning,0.8,80.0,62.05,Visakhapatnam Industrial Site 0214,Refinery
27.90692,73.13889,402.94,97,2026-05-02,698,36.15,built_up,0.023,0.0333923718826316,27.91_73.14,3,1,Other Thermal Source,1.0,100.0,68.9,Bikaner Industrial Site 0077,Paper Mill
28.44897,77.03379,395.06,100,2026-04-14,1170,32.98,built_up,0.023,0.0501469450713245,28.45_77.03,2,1,Other Thermal Source,0.8,80.0,57.3,Delhi Industrial Site 0049,Manufacturing Unit
26.48179,84.33991,324.66,81,2026-08-31,511,9.24,built_up,0.023,79.66189305177555,26.48_84.34,1,1,Other Thermal Source,0.35,35.0,16.02,Patna Industrial Site 0012,Steel Plant
26.60993,80.88638,347.75,54,2026-04-25,132,14.47,built_up,0.023,10.531154292844048,26.61_80.89,1,1,Other Thermal Source,0.35,35.0,23.89,Lucknow Industrial Site 0202,Steel Plant
24.50673,87.36099,342.93,94,2026-01-19,1801,3.41,agriculture,0.278,72.58733820923969,24.51_87.36,1,3,Other Thermal Source,0.35,35.0,12.69,Asansol Industrial Site 0609,Manufacturing Unit
28.45018,76.76077,405.55,100,2026-06-03,2037,92.86,built_up,0.023,0.0278386583721846,28.45_76.76,4,1,Other Thermal Source,1.0,100.0,89.56,Gurugram Industrial Site 0135,Chemical Plant
23.43398,85.27905,401.89,94,2026-05-27,2294,30.01,agriculture,0.607,0.0213512763079954,23.43_85.28,2,3,Agricultural Burning,0.8,80.0,63.45,Ranchi Industrial Site 0163,Cement Plant
12.92491,80.2679,398.78,98,2026-04-15,2097,101.01,agriculture,0.676,0.0293258554863566,12.92_80.27,3,3,Agricultural Burning,1.0,100.0,88.37,Chennai Industrial Site 0004,Refinery
21.12276,81.13289,377.06,97,2026-04-01,33,81.69,agriculture,0.676,0.0432330394487846,21.12_81.13,3,3,Agricultural Burning,1.0,100.0,79.9,Raipur Industrial Site 0223,Cement Plant
23.57933,85.87768,302.33,68,2026-03-08,437,14.83,agriculture,0.278,7.875775640202358,23.58_85.88,1,3,Agricultural Burning,0.35,35.0,25.91,Bokaro Industrial Site 1093,Cement Plant
26.50693,80.37676,396.85,93,2026-03-02,2223,93.5,built_up,0.023,0.0366468143216733,26.51_80.38,2,1,Other Thermal Source,0.8,80.0,78.66,Kanpur Industrial Site 0107,Paper Mill
23.05692,77.24095,387.63,93,2026-07-11,1889,48.47,agriculture,0.676,0.0534646799297786,23.06_77.24,3,3,Agricultural Burning,1.0,100.0,67.41,Bhopal Industrial Site 0205,Chemical Plant
26.16211,73.18365,323.82,54,2026-05-15,1403,3.15,built_up,0.023,15.230876921887326,26.16_73.18,1,1,Other Thermal Source,0.2,20.0,14.54,Jodhpur Industrial Site 0798,Thermal Power Plant
30.82313,75.87512,403.81,95,2026-07-03,1059,82.39,built_up,0.023,0.0355373395175524,30.82_75.88,2,1,Other Thermal Source,0.8,80.0,76.07,Ludhiana Industrial Site 0219,Manufacturing Unit
26.95815,80.83288,388.45,97,2026-09-10,1508,97.32,built_up,0.023,0.0387706332163242,26.96_80.83,2,1,Other Thermal Source,0.8,80.0,79.1,Lucknow Industrial Site 0154,Refinery
28.281,76.85476,398.03,95,2026-06-27,254,39.02,built_up,0.023,0.0702464269555796,28.28_76.85,3,1,Other Thermal Source,1.0,100.0,60.78,Gurugram Industrial Site 0231,Power Plant
23.28925,77.41434,313.74,78,2026-05-07,344,16.72,agriculture,0.676,3.5770121576812146,23.29_77.41,1,3,Agricultural Burning,0.55,55.0,30.21,Bhopal Industrial Site 0493,Cement Plant
20.61417,73.03186,398.46,99,2026-06-06,1286,76.4,agriculture,0.676,0.040844380274528,20.61_73.03,2,3,Agricultural Burning,0.8,80.0,73.1,Vapi Industrial Site 0096,Textile Industry
16.82195,83.95482,328.09,94,2026-06-20,1793,13.45,agriculture,0.676,86.10617548767534,16.82_83.95,1,3,Agricultural Burning,0.5,50.0,18.52,Visakhapatnam Industrial Site 1030,Industrial Estate
26.66821,80.9621,376.98,98,2026-06-20,1665,67.91,built_up,0.023,0.075062595879293,26.67_80.96,1,1,Other Thermal Source,0.8,80.0,50.4,Lucknow Industrial Site 0202,Steel Plant
31.0128,75.77292,407.52,97,2026-03-31,2135,86.25,built_up,0.023,0.0086693771407865,31.01_75.77,1,1,Other Thermal Source,0.8,80.0,69.85,Ludhiana Industrial Site 0171,Power Plant
20.51396,85.57805,383.25,98,2026-08-05,865,99.06,agriculture,0.607,0.0333923718822907,20.51_85.58,5,3,Agricultural Burning,1.0,100.0,90.78,Bhubaneswar Industrial Site 0213,Cement Plant
27.23804,78.28312,305.34,67,2026-05-03,338,0.97,built_up,0.023,10.12446650136699,27.24_78.28,1,1,Other Thermal Source,0.2,20.0,15.45,Agra Industrial Site 0234,Refinery
22.33515,73.17404,381.5,93,2026-05-18,1840,103.4,agriculture,0.676,0.0392758093478508,22.34_73.17,1,3,Agricultural Burning,0.8,80.0,68.55,Vadodara Industrial Site 0017,Paper Mill
22.80907,86.52993,398.65,96,2026-02-25,198,105.46,agriculture,0.278,0.0405111984518084,22.81_86.53,1,3,Agricultural Burning,0.8,80.0,68.68,Jamshedpur Industrial Site 0212,Steel Plant
21.41056,73.07957,340.25,43,2026-08-25,1342,2.49,agriculture,0.676,10.785394381300849,21.41_73.08,1,3,Other Thermal Source,0.0,0.0,15.69,Surat Industrial Site 0880,Industrial Estate
28.59006,77.25996,379.97,94,2026-08-19,1513,34.59,built_up,0.023,0.044896721484235,28.59_77.26,1,1,Other Thermal Source,0.8,80.0,47.4,Noida Industrial Site 0184,Refinery
22.55772,71.04336,321.34,64,2026-05-24,665,2.25,agriculture,0.676,17.01041916970264,22.56_71.04,1,3,Other Thermal Source,0.2,20.0,13.73,Rajkot Industrial Site 1170,Industrial Estate
20.96977,79.31011,408.21,92,2026-01-19,1146,40.07,agriculture,0.676,0.0417837970991479,20.97_79.31,2,3,Agricultural Burning,0.8,80.0,62.15,Nagpur Industrial Site 0255,Chemical Plant
22.83986,86.1929,389.7,92,2026-09-02,1274,47.63,agriculture,0.278,0.0453064962235998,22.84_86.19,1,3,Agricultural Burning,0.8,80.0,51.6,Jamshedpur Industrial Site 0020,Industrial Estate
25.01908,75.6488,390.2,93,2026-01-18,1138,53.71,agriculture,0.676,0.0290514801685602,25.02_75.65,3,3,Agricultural Burning,1.0,100.0,75.71,Kota Industrial Site 0329,Manufacturing Unit
21.38502,81.40288,380.89,98,2026-05-01,130,26.1,agriculture,0.676,0.0067518664075974,21.39_81.4,1,3,Agricultural Burning,0.8,80.0,52.4,Raipur Industrial Site 0367,Paper Mill
13.0647,80.35976,366.84,96,2026-08-31,495,31.95,agriculture,0.676,5.158434654283031,13.06_80.36,1,3,Agricultural Burning,0.6,60.0,34.63,Chennai Industrial Site 0964,Refinery
26.45003,72.71713,396.51,94,2026-09-06,2226,65.16,built_up,0.023,0.0150976322648786,26.45_72.72,2,1,Other Thermal Source,0.8,80.0,75.25,Jodhpur Industrial Site 0126,Textile Industry
29.49821,78.4193,332.77,91,2026-03-01,1296,23.77,built_up,0.023,108.39995198230103,29.5_78.42,5,1,Other Thermal Source,0.8,80.0,44.77,Delhi Industrial Site 0097,Paper Mill
19.84991,74.91713,392.9,94,2026-03-01,1980,82.35,agriculture,0.676,0.0314347610143649,19.85_74.92,2,3,Agricultural Burning,0.8,80.0,76.9,Aurangabad Industrial Site 0140,Industrial Estate
31.47717,74.86899,378.33,94,2026-05-25,539,51.92,built_up,0.023,0.0368981097079085,31.48_74.87,2,1,Other Thermal Source,0.8,80.0,66.77,Amritsar Industrial Site 0316,Textile Industry
28.26187,77.41013,378.51,100,2026-07-20,1344,39.04,built_up,0.023,0.0557326125347743,28.26_77.41,2,1,Other Thermal Source,0.8,80.0,57.81,Faridabad Industrial Site 0134,Refinery
31.24814,74.93005,388.58,97,2026-04-18,1927,97.39,built_up,0.023,0.0444554653556448,31.25_74.93,2,1,Other Thermal Source,0.8,80.0,77.55,Amritsar Industrial Site 0076,Textile Industry
24.62919,86.49837,321.13,85,2026-04-25,736,11.49,agriculture,0.278,58.54508549860781,24.63_86.5,1,3,Agricultural Burning,0.5,50.0,18.36,Munger Industrial Site 0132,Steel Plant
30.80912,75.95851,342.25,84,2026-05-18,1220,7.09,built_up,0.023,1.980463045173432,30.81_75.96,5,1,Other Thermal Source,0.75,75.0,46.86,Ludhiana Industrial Site 0267,Paper Mill
27.12214,75.7809,379.15,92,2026-01-29,2004,62.85,built_up,0.023,0.03143476101378,27.12_75.78,4,1,Other Thermal Source,1.0,100.0,80.72,Jaipur Industrial Site 0249,Manufacturing Unit
28.013,74.857,344.71,81,2026-02-20,698,10.43,built_up,0.023,117.48521173562769,28.01_74.86,2,1,Other Thermal Source,0.5,50.0,26.31,Jaipur Industrial Site 1161,Power Plant
25.09518,72.2062,326.47,94,2026-04-24,196,4.64,industrial,0.012,117.82872405720111,25.1_72.21,1,0,Other Thermal Source,0.35,35.0,10.67,Jodhpur Industrial Site 0702,Steel Plant
27.22107,77.75712,301.48,55,2026-07-09,583,3.39,built_up,0.023,5.419315340169966,27.22_77.76,1,1,Other Thermal Source,0.2,20.0,19.9,Agra Industrial Site 0570,Industrial Estate
21.05669,72.8542,324.56,38,2026-05-28,1570,11.81,agriculture,0.676,9.175260604282592,21.06_72.85,1,3,Agricultural Burning,0.15,15.0,22.84,Surat Industrial Site 0112,Steel Plant
21.38478,81.40284,377.38,91,2026-08-22,1739,108.6,agriculture,0.676,0.0256263399651058,21.38_81.4,2,3,Agricultural Burning,0.8,80.0,84.41,Raipur Industrial Site 0367,Paper Mill
23.12201,77.319,377.79,91,2026-06-24,963,115.25,agriculture,0.676,0.0563919329338645,23.12_77.32,4,3,Agricultural Burning,1.0,100.0,86.97,Bhopal Industrial Site 0253,Cement Plant
16.58603,80.36787,380.22,87,2026-04-07,1220,49.53,agriculture,0.676,8.796666031776256,16.59_80.37,1,3,Agricultural Burning,0.6,60.0,37.75,Vijayawada Industrial Site 0263,Cement Plant
26.75087,75.62717,403.72,91,2026-06-04,930,112.42,built_up,0.023,0.063114018252936,26.75_75.63,2,1,Other Thermal Source,0.8,80.0,76.02,Jaipur Industrial Site 0057,Paper Mill
23.4039,87.29544,317.74,65,2026-09-18,478,4.42,agriculture,0.278,5.869847924980487,23.4_87.3,1,3,Other Thermal Source,0.2,20.0,20.18,Durgapur Industrial Site 0800,Industrial Estate
25.2959,86.2781,400.3,91,2026-02-19,1820,61.76,agriculture,0.278,0.0525933883678053,25.3_86.28,3,3,Agricultural Burning,1.0,100.0,71.74,Munger Industrial Site 0084,Refinery
23.78118,87.1124,325.51,47,2026-04-18,2374,9.98,agriculture,0.278,2.51114704103627,23.78_87.11,1,3,Other Thermal Source,0.2,20.0,26.64,Asansol Industrial Site 0273,Cement Plant
22.50014,88.47312,382.95,95,2026-06-14,719,94.93,agriculture,0.278,0.0363599133666507,22.5_88.47,3,3,Agricultural Burning,1.0,100.0,85.2,Kolkata Industrial Site 0291,Power Plant
25.55544,84.96357,332.23,43,2026-03-21,2347,9.28,industrial,0.114,8.599587153300355,25.56_84.96,1,0,Other Thermal Source,0.0,0.0,21.59,Patna Industrial Site 0108,Thermal Power Plant
25.9126,91.38681,339.1,44,2026-04-30,1218,4.08,industrial,0.167,17.593959611031188,25.91_91.39,1,0,Other Thermal Source,0.0,0.0,14.85,Guwahati Industrial Site 0554,Refinery
22.77487,75.76483,382.52,95,2026-02-18,536,110.71,agriculture,0.676,0.0210899999999902,22.77_75.76,1,3,Agricultural Burning,0.8,80.0,74.17,Indore Industrial Site 0350,Industrial Estate
22.49978,88.47301,389.02,95,2026-04-26,907,68.15,agriculture,0.278,0.0780796439540207,22.5_88.47,3,3,Agricultural Burning,1.0,100.0,68.22,Kolkata Industrial Site 0291,Power Plant
26.17609,91.95486,395.35,92,2026-06-06,711,59.93,built_up,0.161,0.0511684717385192,26.18_91.95,2,1,Other Thermal Source,0.8,80.0,64.79,Guwahati Industrial Site 0074,Refinery
25.36039,75.92903,345.08,39,2026-08-15,1043,13.5,industrial,0.012,6.117330042371803,25.36_75.93,1,0,Other Thermal Source,0.15,15.0,25.93,Kota Industrial Site 0953,Cement Plant
28.62408,77.54255,330.68,45,2026-04-29,635,11.98,built_up,0.023,6.152818410874113,28.62_77.54,1,1,Other Thermal Source,0.15,15.0,24.77,Faridabad Industrial Site 0710,Industrial Estate
31.24421,75.70476,375.34,91,2026-02-07,973,85.85,built_up,0.023,0.0559972722547899,31.24_75.7,1,1,Other Thermal Source,0.8,80.0,59.4,Jalandhar Industrial Site 0286,Textile Industry
19.75611,75.69393,408.57,98,2026-05-20,1374,74.85,agriculture,0.676,0.0344278985706603,19.76_75.69,4,3,Agricultural Burning,1.0,100.0,83.19,Aurangabad Industrial Site 0236,Textile Industry
23.1222,77.31907,372.95,100,2026-01-03,619,97.86,agriculture,0.676,0.0761382328396427,23.12_77.32,4,3,Agricultural Burning,1.0,100.0,79.04,Bhopal Industrial Site 0253,Cement Plant
22.12406,80.01389,342.43,81,2026-04-30,2067,17.72,agriculture,0.676,115.54882687999763,22.12_80.01,3,3,Agricultural Burning,0.7,70.0,37.92,Nagpur Industrial Site 1071,Power Plant
20.32384,72.88105,401.89,93,2026-04-04,1507,89.67,agriculture,0.676,0.0173742481853974,20.32_72.88,1,3,Agricultural Burning,0.8,80.0,69.92,Vapi Industrial Site 0192,Steel Plant
21.17707,86.80354,341.73,91,2026-04-18,831,23.72,agriculture,0.278,105.144040113201,21.18_86.8,3,3,Agricultural Burning,0.8,80.0,41.36,Bhubaneswar Industrial Site 0837,Paper Mill
31.82991,74.7913,360.93,86,2026-06-27,291,18.06,built_up,0.023,0.7714316328751667,31.83_74.79,2,1,Other Thermal Source,0.7,70.0,45.23,Amritsar Industrial Site 0172,Steel Plant
22.95512,72.68813,406.63,100,2026-02-06,1808,64.63,agriculture,0.676,0.0408443802742601,22.96_72.69,1,3,Agricultural Burning,0.8,80.0,58.02,Ahmedabad Industrial Site 0343,Cement Plant
20.2231,73.61711,391.72,98,2026-05-05,1541,89.01,agriculture,0.676,0.0154605109875987,20.22_73.62,3,3,Agricultural Burning,1.0,100.0,88.11,Nashik Industrial Site 0187,Paper Mill
31.79723,74.95382,391.31,98,2026-04-11,1199,47.81,built_up,0.023,0.0491543294138494,31.8_74.95,1,1,Other Thermal Source,0.8,80.0,50.56,Amritsar Industrial Site 0364,Refinery
27.02615,78.04099,377.97,93,2026-06-14,1197,62.76,built_up,0.023,3.7749167812957833,27.03_78.04,1,1,Other Thermal Source,0.8,80.0,45.5,Agra Industrial Site 0330,Industrial Estate
31.56841,74.99682,329.93,42,2026-04-12,1851,9.42,built_up,0.023,2.209900725575729,31.57_75.0,1,1,Other Thermal Source,0.2,20.0,26.3,Amritsar Industrial Site 1084,Refinery
22.36619,73.14683,386.46,98,2026-05-09,1761,37.77,agriculture,0.676,0.0626437427044027,22.37_73.15,4,3,Agricultural Burning,1.0,100.0,64.33,Vadodara Industrial Site 0161,Power Plant
25.60306,84.9032,379.04,96,2026-08-10,1510,100.27,built_up,0.199,0.064961084504548,25.6_84.9,2,1,Other Thermal Source,0.8,80.0,72.67,Patna Industrial Site 0108,Thermal Power Plant
28.36318,77.28222,399.25,97,2026-06-11,2303,31.17,built_up,0.023,0.0794871612272909,28.36_77.28,2,1,Other Thermal Source,0.8,80.0,50.25,Faridabad Industrial Site 0278,Thermal Power Plant
12.64885,77.5408,305.83,52,2026-05-24,1561,14.6,agriculture,0.676,22.250332640761485,12.65_77.54,1,3,Agricultural Burning,0.35,35.0,21.37,Bengaluru Industrial Site 0773,Cement Plant
30.77351,75.84535,371.69,94,2026-04-15,929,35.64,built_up,0.023,3.391112493695948,30.77_75.85,1,1,Other Thermal Source,0.8,80.0,37.23,Ludhiana Industrial Site 0123,Cement Plant
23.52386,87.25045,332.22,84,2026-04-21,1913,5.53,agriculture,0.278,4.011551978399523,23.52_87.25,2,3,Other Thermal Source,0.55,55.0,34.25,Durgapur Industrial Site 0992,Steel Plant
20.02855,75.14489,332.9,46,2026-06-19,2322,2.44,agriculture,0.676,6.818835795207095,20.03_75.14,1,3,Other Thermal Source,0.0,0.0,17.97,Aurangabad Industrial Site 1148,Thermal Power Plant
26.36205,80.59396,381.91,100,2026-05-07,203,48.14,built_up,0.023,0.0488526120080879,26.36_80.59,2,1,Other Thermal Source,0.8,80.0,62.62,Kanpur Industrial Site 0299,Manufacturing Unit
19.49222,73.27076,390.39,93,2026-04-06,1062,28.78,agriculture,0.676,0.0456316666361617,19.49_73.27,2,3,Agricultural Burning,0.8,80.0,57.39,Thane Industrial Site 0237,Paper Mill
26.40887,91.90287,397.34,100,2026-03-01,2396,30.28,built_up,0.161,0.0122603507290421,26.41_91.9,2,1,Other Thermal Source,0.8,80.0,64.71,Guwahati Industrial Site 0026,Textile Industry
22.84283,72.72706,406.61,99,2026-02-14,1306,52.14,agriculture,0.676,0.0620508863743282,22.84_72.73,3,3,Agricultural Burning,1.0,100.0,66.46,Ahmedabad Industrial Site 0103,Cement Plant
23.69212,86.88479,374.36,99,2026-08-28,2054,76.15,agriculture,0.278,0.0474192207866833,23.69_86.88,1,3,Agricultural Burning,0.8,80.0,59.28,Asansol Industrial Site 0225,Chemical Plant
21.29478,79.19097,346.42,42,2026-01-21,1040,12.49,agriculture,0.676,4.467348589420793,21.29_79.19,1,3,Agricultural Burning,0.35,35.0,26.31,Nagpur Industrial Site 1023,Cement Plant
25.66099,85.0629,337.78,49,2026-07-12,1824,14.12,industrial,0.103,5.790751700919995,25.66_85.06,1,0,Other Thermal Source,0.15,15.0,26.69,Patna Industrial Site 1068,Thermal Power Plant
26.11892,76.87813,336.56,84,2026-04-25,221,4.14,built_up,0.023,116.3126957579727,26.12_76.88,2,1,Other Thermal Source,0.35,35.0,22.29,Kota Industrial Site 0521,Power Plant
13.26286,77.44206,373.69,97,2026-05-24,416,80.86,agriculture,0.676,0.0517431473732736,13.26_77.44,1,3,Agricultural Burning,0.8,80.0,58.96,Bengaluru Industrial Site 0293,Cement Plant
20.45324,72.83105,381.43,96,2026-05-05,1139,52.88,agriculture,0.676,0.0234154756520156,20.45_72.83,1,3,Agricultural Burning,0.8,80.0,58.3,Vapi Industrial Site 0384,Refinery
24.79797,86.07408,335.71,82,2026-05-08,2201,4.45,agriculture,0.278,42.64276646016528,24.8_86.07,2,3,Other Thermal Source,0.35,35.0,25.94,Begusarai Industrial Site 0227,Paper Mill
21.16605,72.58878,409.21,96,2026-04-01,1962,83.56,agriculture,0.676,0.0573022381757705,21.17_72.59,2,3,Agricultural Burning,0.8,80.0,70.37,Surat Industrial Site 0304,Refinery
31.6671,75.8488,408.01,91,2026-07-28,1092,97.07,built_up,0.023,0.0626437427044027,31.67_75.85,2,1,Other Thermal Source,0.8,80.0,72.54,Jalandhar Industrial Site 0142,Steel Plant
22.12388,80.01379,334.39,90,2026-07-29,1001,14.84,agriculture,0.676,115.52738826611464,22.12_80.01,3,3,Agricultural Burning,0.7,70.0,35.87,Nagpur Industrial Site 1071,Power Plant
22.61724,86.10821,378.05,94,2026-09-06,1287,86.36,agriculture,0.278,0.0228832362221725,22.62_86.11,3,3,Agricultural Burning,1.0,100.0,86.19,Jamshedpur Industrial Site 0260,Industrial Estate
19.10914,72.90688,396.87,98,2026-05-18,1789,39.19,agriculture,0.676,0.0282559869762601,19.11_72.91,2,3,Agricultural Burning,0.8,80.0,65.17,Mumbai Industrial Site 0194,Refinery
28.52587,77.384,375.54,97,2026-01-03,818,108.88,built_up,0.023,0.0813032379424559,28.53_77.38,2,1,Other Thermal Source,0.8,80.0,71.81,Faridabad Industrial Site 0182,Steel Plant
24.26373,76.92177,344.6,95,2026-05-06,2118,10.2,agriculture,0.676,82.91390835461166,24.26_76.92,1,3,Agricultural Burning,0.5,50.0,16.7,Bhopal Industrial Site 0013,Cement Plant
23.69211,86.88509,407.13,95,2026-06-12,1641,43.67,agriculture,0.278,0.0417985382521406,23.69_86.89,3,3,Agricultural Burning,1.0,100.0,69.5,Asansol Industrial Site 0225,Chemical Plant
19.28433,74.4452,330.75,95,2026-02-08,2324,17.18,agriculture,0.676,55.91004045292893,19.28_74.45,2,3,Agricultural Burning,0.5,50.0,34.46,Nashik Industrial Site 0763,Cement Plant
25.19605,75.92389,403.56,94,2026-01-06,1878,87.21,industrial,0.012,0.0397125672806564,25.2_75.92,2,0,Industrial Fire,0.8,80.0,76.65,Kota Industrial Site 0233,Cement Plant
24.33146,87.9985,341.14,93,2026-03-15,993,9.04,agriculture,0.278,90.96235155235895,24.33_88.0,1,3,Other Thermal Source,0.35,35.0,15.3,Durgapur Industrial Site 1184,Refinery
24.73395,85.00891,372.44,92,2026-01-15,1402,93.85,forest,0.71,0.0544918434262382,24.73_85.01,2,2,Wildfire,0.8,80.0,73.6,Gaya Industrial Site 0178,Thermal Power Plant
22.73072,75.58171,385.91,92,2026-06-24,1118,60.54,agriculture,0.676,10.953264252030028,22.73_75.58,1,3,Agricultural Burning,0.6,60.0,39.59,Indore Industrial Site 0926,Textile Industry
19.99208,73.62917,322.42,41,2026-06-19,1269,9.99,agriculture,0.676,3.000246019911593,19.99_73.63,1,3,Other Thermal Source,0.2,20.0,26.32,Nashik Industrial Site 0235,Chemical Plant
19.16245,73.10185,306.21,36,2026-03-24,1804,3.5,agriculture,0.676,2.439208520422728,19.16_73.1,1,3,Other Thermal Source,0.2,20.0,22.42,Mumbai Industrial Site 0290,Industrial Estate
23.49004,87.09579,406.0,95,2026-08-03,1597,61.78,agriculture,0.278,0.0483583064220102,23.49_87.1,2,3,Agricultural Burning,0.8,80.0,66.9,Durgapur Industrial Site 0128,Thermal Power Plant
12.92488,80.26806,398.2,94,2026-06-06,1472,96.89,agriculture,0.676,0.0467914703775617,12.92_80.27,3,3,Agricultural Burning,1.0,100.0,83.03,Chennai Industrial Site 0004,Refinery
28.56719,77.28901,373.03,82,2026-01-19,2201,33.8,built_up,0.023,3.4949423054039355,28.57_77.29,1,1,Other Thermal Source,0.8,80.0,36.68,Faridabad Industrial Site 0374,Refinery
26.36422,80.19811,390.1,94,2026-09-08,1361,86.97,built_up,0.023,0.0442331866361098,26.36_80.2,5,1,Other Thermal Source,1.0,100.0,85.14,Kanpur Industrial Site 0155,Chemical Plant
26.3809,80.38817,400.11,95,2026-03-30,1894,110.91,built_up,0.023,0.045347270038716,26.38_80.39,3,1,Other Thermal Source,1.0,100.0,86.61,Kanpur Industrial Site 0059,Manufacturing Unit
23.54682,85.99997,399.93,92,2026-04-12,2326,105.46,agriculture,0.278,0.0290514801690423,23.55_86.0,3,3,Agricultural Burning,1.0,100.0,89.4,Bokaro Industrial Site 0229,Manufacturing Unit
17.69341,72.81833,324.8,93,2026-02-20,73,15.69,agriculture,0.676,107.06230255507522,17.69_72.82,3,3,Agricultural Burning,0.7,70.0,37.13,Pune Industrial Site 0488,Thermal Power Plant
12.85526,80.09542,320.5,36,2026-07-09,28,17.31,agriculture,0.676,0.9116371276451456,12.86_80.1,1,3,Agricultural Burning,0.35,35.0,32.6,Chennai Industrial Site 0580,Industrial Estate
23.41056,74.89215,339.82,82,2026-05-22,373,18.08,agriculture,0.676,98.4023899367546,23.41_74.89,2,3,Agricultural Burning,0.5,50.0,33.4,Indore Industrial Site 0974,Refinery
9.6567,76.06768,326.4,59,2026-04-10,94,15.64,agriculture,0.676,13.37098172108843,9.66_76.07,1,3,Agricultural Burning,0.35,35.0,23.6,Kochi Industrial Site 0553,Cement Plant
13.20332,79.93924,332.71,37,2026-06-17,23,1.88,agriculture,0.676,7.84675840602978,13.2_79.94,1,3,Other Thermal Source,0.0,0.0,17.2,Chennai Industrial Site 0628,Thermal Power Plant
23.56529,86.78221,344.94,45,2026-08-05,315,9.67,agriculture,0.278,5.826735424130057,23.57_86.78,1,3,Other Thermal Source,0.0,0.0,23.72,Asansol Industrial Site 0369,Manufacturing Unit
23.43508,77.37485,373.68,97,2026-04-29,1835,96.3,agriculture,0.676,0.0419603491406576,23.44_77.37,2,3,Agricultural Burning,0.8,80.0,77.85,Bhopal Industrial Site 0349,Manufacturing Unit
23.54721,86.00004,391.74,100,2026-02-21,1174,37.94,agriculture,0.278,0.0729988527307954,23.55_86.0,3,3,Agricultural Burning,1.0,100.0,59.57,Bokaro Industrial Site 0229,Manufacturing Unit
26.63592,81.13811,396.03,91,2026-08-15,531,98.5,built_up,0.023,0.0692572400547545,26.64_81.14,1,1,Other Thermal Source,0.8,80.0,59.73,Lucknow Industrial Site 0394,Refinery
23.19989,72.41798,386.69,100,2026-01-14,1779,76.86,agriculture,0.676,0.0740711907561482,23.2_72.42,2,3,Agricultural Burning,0.8,80.0,64.9,Ahmedabad Industrial Site 0295,Chemical Plant
25.09498,72.20625,340.94,88,2026-04-14,602,14.43,industrial,0.012,117.8448083229996,25.09_72.21,1,0,Other Thermal Source,0.5,50.0,17.15,Jodhpur Industrial Site 0702,Steel Plant
26.38087,80.38791,403.73,92,2026-02-27,1647,84.44,built_up,0.023,0.0598371339544881,26.38_80.39,3,1,Other Thermal Source,1.0,100.0,76.08,Kanpur Industrial Site 0059,Manufacturing Unit
25.20792,90.77175,330.79,84,2026-03-04,520,7.23,agriculture,0.278,118.38527307601792,25.21_90.77,1,3,Other Thermal Source,0.35,35.0,12.14,Guwahati Industrial Site 0554,Refinery
26.06811,91.76212,385.98,97,2026-05-25,96,29.09,built_up,0.161,0.0517431473723938,26.07_91.76,3,1,Other Thermal Source,1.0,100.0,61.85,Guwahati Industrial Site 0314,Refinery
27.77095,73.39,397.7,96,2026-01-09,1597,100.82,built_up,0.023,0.0531990009302154,27.77_73.39,1,1,Other Thermal Source,0.8,80.0,63.84,Bikaner Industrial Site 0125,Chemical Plant
20.17931,72.95949,389.21,84,2026-04-17,650,50.86,agriculture,0.676,2.090193663396257,20.18_72.96,1,3,Agricultural Burning,0.8,80.0,43.05,Vapi Industrial Site 0336,Textile Industry
19.29203,72.91421,396.38,92,2026-05-22,842,29.75,agriculture,0.676,0.0379678416557819,19.29_72.91,4,3,Agricultural Burning,1.0,100.0,68.77,Thane Industrial Site 0285,Chemical Plant
21.03216,72.50203,406.77,91,2026-03-02,78,106.09,agriculture,0.676,0.0567078565980554,21.03_72.5,2,3,Agricultural Burning,0.8,80.0,75.9,Surat Industrial Site 0016,Textile Industry
22.12413,80.01372,328.31,94,2026-07-25,505,14.03,agriculture,0.676,115.53957686894016,22.12_80.01,3,3,Agricultural Burning,0.7,70.0,35.08,Nagpur Industrial Site 1071,Power Plant
11.13899,77.03777,387.95,92,2026-07-09,109,100.66,agriculture,0.676,0.0445800100941439,11.14_77.04,2,3,Agricultural Burning,0.8,80.0,78.3,Coimbatore Industrial Site 0024,Refinery
18.93283,72.87574,341.24,48,2026-09-08,487,11.23,agriculture,0.676,4.252225140852382,18.93_72.88,1,3,Agricultural Burning,0.35,35.0,25.71,Mumbai Industrial Site 0674,Refinery
26.15002,72.94423,372.93,98,2026-03-01,558,82.54,built_up,0.023,0.0078488852704831,26.15_72.94,1,1,Other Thermal Source,0.8,80.0,68.82,Jodhpur Industrial Site 0078,Thermal Power Plant
25.56049,85.03007,308.17,40,2026-09-16,873,5.24,built_up,0.097,7.697881691355896,25.56_85.03,1,1,Other Thermal Source,0.0,0.0,19.49,Patna Industrial Site 0924,Refinery
26.27731,86.86977,344.37,93,2026-07-21,1330,9.22,built_up,0.161,87.85443945682228,26.28_86.87,1,1,Other Thermal Source,0.35,35.0,15.54,Munger Industrial Site 0564,Refinery
28.85153,77.07277,363.39,99,2026-09-18,418,78.95,built_up,0.023,10.756685333559137,28.85_77.07,2,1,Other Thermal Source,0.6,60.0,57.05,Faridabad Industrial Site 0662,Steel Plant
31.60847,75.06289,326.54,63,2026-01-13,948,1.96,built_up,0.023,7.530640613606575,31.61_75.06,1,1,Other Thermal Source,0.2,20.0,17.4,Amritsar Industrial Site 0940,Industrial Estate
10.01231,76.11755,339.61,95,2026-02-02,1243,8.98,agriculture,0.676,6.307637092303995,10.01_76.12,3,3,Other Thermal Source,0.55,55.0,40.57,Kochi Industrial Site 0217,Paper Mill
31.65267,75.06826,344.42,86,2026-05-13,2050,19.91,built_up,0.023,12.43310122979785,31.65_75.07,2,1,Other Thermal Source,0.5,50.0,38.53,Amritsar Industrial Site 0940,Industrial Estate
20.40663,72.64787,319.12,53,2026-08-01,1068,3.21,agriculture,0.676,3.711642325777107,20.41_72.65,1,3,Other Thermal Source,0.4,40.0,21.0,Vapi Industrial Site 0960,Industrial Estate
28.48298,77.40623,393.4,100,2026-07-22,2339,59.61,built_up,0.023,0.0544918434263105,28.48_77.41,2,1,Other Thermal Source,0.8,80.0,63.74,Noida Industrial Site 0328,Thermal Power Plant
26.15502,72.97295,377.02,98,2026-02-18,838,60.65,built_up,0.023,0.0596205375695923,26.16_72.97,1,1,Other Thermal Source,0.8,80.0,51.22,Jodhpur Industrial Site 0366,Textile Industry
28.3632,77.28212,391.61,99,2026-05-25,995,112.23,built_up,0.023,0.0722779634473378,28.36_77.28,2,1,Other Thermal Source,0.8,80.0,74.09,Faridabad Industrial Site 0278,Thermal Power Plant
19.10875,72.90702,403.38,97,2026-08-05,2265,45.15,agriculture,0.676,0.0725586886596832,19.11_72.91,2,3,Agricultural Burning,0.8,80.0,56.09,Mumbai Industrial Site 0194,Refinery
23.8819,86.97588,395.09,95,2026-09-19,204,46.96,agriculture,0.278,0.057687971883145,23.88_86.98,2,3,Agricultural Burning,0.8,80.0,59.8,Asansol Industrial Site 0033,Cement Plant
26.36398,80.19824,407.07,91,2026-01-29,124,111.38,built_up,0.023,0.0318049382953309,26.36_80.2,5,1,Other Thermal Source,1.0,100.0,93.86,Kanpur Industrial Site 0155,Chemical Plant
17.44573,75.00031,339.43,92,2026-04-13,2278,20.06,agriculture,0.676,146.95741499125717,17.45_75.0,2,3,Agricultural Burning,0.6,60.0,32.36,Pune Industrial Site 0344,Refinery
22.06946,73.27831,327.33,36,2026-03-15,244,0.83,agriculture,0.676,8.764300911822865,22.07_73.28,1,3,Other Thermal Source,0.0,0.0,16.34,Vadodara Industrial Site 0545,Chemical Plant
26.09623,73.00214,393.58,95,2026-02-20,1834,119.92,built_up,0.023,0.0710400000004654,26.1_73.0,1,1,Other Thermal Source,0.8,80.0,64.04,Jodhpur Industrial Site 0222,Steel Plant
19.17486,73.11983,381.39,95,2026-02-06,611,100.48,agriculture,0.676,0.0583357540448658,19.17_73.12,1,3,Agricultural Burning,0.8,80.0,62.38,Mumbai Industrial Site 0290,Industrial Estate
12.88388,80.27907,402.81,93,2026-03-21,799,61.0,agriculture,0.676,0.0417100131857545,12.88_80.28,3,3,Agricultural Burning,1.0,100.0,74.62,Chennai Industrial Site 0100,Industrial Estate
28.60448,77.43042,377.53,82,2026-01-27,1817,67.04,built_up,0.023,6.967629415891916,28.6_77.43,1,1,Other Thermal Source,0.6,60.0,44.12,Delhi Industrial Site 0673,Cement Plant
20.16225,85.84285,406.31,98,2026-05-18,2277,81.33,agriculture,0.607,0.0134121810314224,20.16_85.84,3,3,Agricultural Burning,1.0,100.0,85.87,Bhubaneswar Industrial Site 0021,Power Plant
23.05696,77.24099,391.11,96,2026-06-15,2136,117.58,agriculture,0.676,0.0471978474087212,23.06_77.24,3,3,Agricultural Burning,1.0,100.0,87.35,Bhopal Industrial Site 0205,Chemical Plant
25.16098,75.93516,380.65,92,2026-01-21,2030,89.31,industrial,0.012,0.0249441476100038,25.16_75.94,1,0,Industrial Fire,0.8,80.0,68.48,Kota Industrial Site 0281,Power Plant
30.79898,75.97423,380.2,94,2026-07-14,92,38.74,built_up,0.023,0.0961352281951642,30.8_75.97,2,1,Other Thermal Source,0.8,80.0,52.14,Ludhiana Industrial Site 0267,Paper Mill
23.01078,76.02521,389.87,91,2026-09-16,1495,107.63,agriculture,0.676,0.0312578838054807,23.01_76.03,3,3,Agricultural Burning,1.0,100.0,89.34,Indore Industrial Site 0254,Refinery
13.29779,77.41205,347.38,42,2026-03-28,1916,9.7,agriculture,0.676,1.6591496417150453,13.3_77.41,1,3,Other Thermal Source,0.2,20.0,27.15,Bengaluru Industrial Site 0917,Paper Mill
23.28494,85.33709,398.08,92,2026-06-07,1862,71.28,agriculture,0.607,0.0190001394728907,23.28_85.34,1,3,Agricultural Burning,0.8,80.0,64.45,Ranchi Industrial Site 0211,Power Plant
23.23505,89.2256,336.13,85,2026-02-12,2125,17.17,agriculture,0.278,84.33972911060312,23.24_89.23,1,3,Agricultural Burning,0.5,50.0,21.3,Kolkata Industrial Site 0723,Cement Plant
28.11981,73.11077,381.85,96,2026-06-17,700,111.04,built_up,0.023,0.0498512356915432,28.12_73.11,2,1,Other Thermal Source,0.8,80.0,79.25,Bikaner Industrial Site 0221,Power Plant
23.57212,77.20285,387.43,92,2026-08-01,1884,113.25,agriculture,0.676,0.0535797816349894,23.57_77.2,2,3,Agricultural Burning,0.8,80.0,78.45,Bhopal Industrial Site 0013,Cement Plant
23.26601,77.31989,383.97,95,2026-05-18,2051,89.42,agriculture,0.676,0.0489533910983924,23.27_77.32,2,3,Agricultural Burning,0.8,80.0,74.51,Bhopal Industrial Site 0157,Paper Mill
12.72664,77.46002,308.75,63,2026-05-10,586,8.5,agriculture,0.676,10.513199623759132,12.73_77.46,1,3,Other Thermal Source,0.2,20.0,19.71,Bengaluru Industrial Site 0773,Cement Plant
28.69388,77.24324,383.91,91,2026-08-30,1013,89.74,built_up,0.023,0.0077700000001001,28.69_77.24,2,1,Other Thermal Source,0.8,80.0,82.8,Gurugram Industrial Site 0183,Cement Plant
29.30647,78.13401,326.22,94,2026-09-06,1380,5.04,built_up,0.023,70.57465504224145,29.31_78.13,3,1,Other Thermal Source,0.55,55.0,32.03,Delhi Industrial Site 0097,Paper Mill
19.90968,73.54433,330.47,60,2026-07-02,1325,0.92,agriculture,0.676,3.008597410904254,19.91_73.54,1,3,Other Thermal Source,0.4,40.0,20.6,Nashik Industrial Site 1195,Chemical Plant
26.09522,91.7891,408.29,97,2026-01-06,400,80.89,built_up,0.161,0.0321899999991757,26.1_91.79,1,1,Other Thermal Source,0.8,80.0,64.31,Guwahati Industrial Site 0170,Industrial Estate
23.76756,87.23175,386.96,91,2026-02-06,2154,35.57,agriculture,0.278,2.0067651902994004,23.77_87.23,1,3,Agricultural Burning,0.8,80.0,38.22,Durgapur Industrial Site 0320,Industrial Estate
23.00699,86.28386,400.44,91,2026-09-08,1384,67.52,agriculture,0.278,0.0256263399654816,23.01_86.28,2,3,Agricultural Burning,0.8,80.0,73.97,Jamshedpur Industrial Site 0116,Textile Industry
24.86765,85.29784,355.9,94,2026-09-01,561,63.46,agriculture,0.607,7.4461891818636445,24.87_85.3,1,3,Agricultural Burning,0.6,60.0,43.05,Gaya Industrial Site 0850,Industrial Estate
13.00287,80.12995,400.18,99,2026-02-22,1515,82.38,agriculture,0.676,0.0424856034439994,13.0_80.13,1,3,Agricultural Burning,0.8,80.0,62.3,Chennai Industrial Site 0340,Industrial Estate
18.34503,83.92272,327.92,93,2026-04-18,2356,8.08,agriculture,0.676,86.1272658096895,18.35_83.92,1,3,Other Thermal Source,0.35,35.0,14.84,Visakhapatnam Industrial Site 0454,Refinery
20.11055,75.15697,347.28,50,2026-05-13,2028,12.71,agriculture,0.676,13.683428282663805,20.11_75.16,1,3,Agricultural Burning,0.35,35.0,21.2,Aurangabad Industrial Site 1148,Thermal Power Plant
17.60497,78.54608,405.23,95,2026-04-28,881,60.21,agriculture,0.676,0.0031395541077917,17.6_78.55,2,3,Agricultural Burning,0.8,80.0,74.25,Hyderabad Industrial Site 0006,Textile Industry
19.02823,72.80923,409.07,100,2026-03-23,1531,33.22,agriculture,0.676,0.0723631466972722,19.03_72.81,2,3,Agricultural Burning,0.8,80.0,52.15,Mumbai Industrial Site 0338,Thermal Power Plant
18.36706,74.14506,384.8,84,2026-01-28,1836,22.5,agriculture,0.676,7.666965095245345,18.37_74.15,1,3,Agricultural Burning,0.6,60.0,30.25,Pune Industrial Site 0344,Refinery
28.20024,77.10402,389.14,92,2026-01-04,1534,109.31,built_up,0.023,0.0523585952826876,28.2_77.1,1,1,Other Thermal Source,0.8,80.0,66.03,Delhi Industrial Site 0241,Power Plant
28.63796,77.37294,387.41,100,2026-08-05,193,44.19,built_up,0.023,0.0407084082224633,28.64_77.37,3,1,Other Thermal Source,1.0,100.0,70.04,Noida Industrial Site 0280,Industrial Estate
16.80995,80.4289,305.92,52,2026-07-12,966,6.16,agriculture,0.676,23.754333957231527,16.81_80.43,1,3,Other Thermal Source,0.2,20.0,15.65,Vijayawada Industrial Site 0839,Manufacturing Unit
27.23523,76.05164,306.98,69,2026-06-15,45,15.67,built_up,0.023,15.047609733247269,27.24_76.05,1,1,Other Thermal Source,0.35,35.0,23.11,Jaipur Industrial Site 0921,Power Plant
15.47906,79.97993,337.15,93,2026-07-28,1839,22.35,agriculture,0.676,93.60919530065168,15.48_79.98,1,3,Agricultural Burning,0.6,60.0,23.45,Vijayawada Industrial Site 0215,Chemical Plant
25.58817,86.78368,306.26,52,2026-05-20,199,12.43,industrial,0.08,11.632354508645236,25.59_86.78,1,0,Other Thermal Source,0.35,35.0,21.57,Munger Industrial Site 0852,Steel Plant
26.45021,72.71707,376.88,95,2026-03-19,485,101.71,built_up,0.023,0.0361560243937981,26.45_72.72,2,1,Other Thermal Source,0.8,80.0,80.87,Jodhpur Industrial Site 0126,Textile Industry
23.53423,86.4091,407.63,100,2026-04-26,1514,61.69,agriculture,0.278,0.0277721911264395,23.53_86.41,1,3,Agricultural Burning,0.8,80.0,60.15,Bokaro Industrial Site 0277,Paper Mill
31.441,75.77966,344.58,71,2026-05-03,521,6.7,built_up,0.023,4.021203389994059,31.44_75.78,1,1,Other Thermal Source,0.4,40.0,23.15,Jalandhar Industrial Site 1006,Textile Industry
22.35481,73.21106,409.89,96,2026-08-27,176,66.01,agriculture,0.676,0.068289812564562,22.35_73.21,1,3,Agricultural Burning,0.8,80.0,51.4,Vadodara Industrial Site 0353,Cement Plant
26.17576,91.95476,396.64,97,2026-03-25,1985,110.46,built_up,0.161,0.0816284068207098,26.18_91.95,2,1,Other Thermal Source,0.8,80.0,72.2,Guwahati Industrial Site 0074,Refinery
23.07579,73.04601,381.03,93,2026-06-04,1504,68.45,agriculture,0.676,0.0510599999988556,23.08_73.05,1,3,Agricultural Burning,0.8,80.0,55.92,Ahmedabad Industrial Site 0055,Chemical Plant
18.59771,73.6692,363.79,91,2026-06-20,664,61.75,agriculture,0.676,8.654796132209086,18.6_73.67,1,3,Agricultural Burning,0.6,60.0,41.73,Pune Industrial Site 0584,Refinery
31.47702,74.86881,407.37,92,2026-03-04,2099,51.29,built_up,0.023,0.0558981717056229,31.48_74.87,2,1,Other Thermal Source,0.8,80.0,61.35,Amritsar Industrial Site 0316,Textile Industry
27.36479,78.06682,375.7,96,2026-01-02,1330,95.61,built_up,0.023,0.0439817803176049,27.36_78.07,2,1,Other Thermal Source,0.8,80.0,77.24,Agra Industrial Site 0042,Steel Plant
22.647,88.38193,382.21,93,2026-08-10,1435,85.11,agriculture,0.278,0.054128862910898,22.65_88.38,3,3,Agricultural Burning,1.0,100.0,77.75,Kolkata Industrial Site 0099,Manufacturing Unit
25.06853,75.86126,387.78,93,2026-06-01,2197,46.67,agriculture,0.676,4.969886511470629,25.07_75.86,1,3,Agricultural Burning,0.8,80.0,39.7,Kota Industrial Site 0905,Chemical Plant
20.2231,73.61683,407.8,98,2026-09-07,2327,99.28,agriculture,0.676,0.0293258554863566,20.22_73.62,3,3,Agricultural Burning,1.0,100.0,87.97,Nashik Industrial Site 0187,Paper Mill
30.44611,74.45973,327.24,88,2026-05-14,287,13.82,built_up,0.023,101.35038902980877,30.45_74.46,2,1,Other Thermal Source,0.5,50.0,29.7,Ludhiana Industrial Site 0795,Chemical Plant
21.47649,81.54782,305.08,56,2026-04-06,342,9.54,agriculture,0.676,5.492728311331776,21.48_81.55,1,3,Other Thermal Source,0.2,20.0,23.85,Raipur Industrial Site 1087,Paper Mill
23.17577,77.21316,311.37,42,2026-05-29,1957,10.92,agriculture,0.676,9.860279885723337,23.18_77.21,1,3,Agricultural Burning,0.15,15.0,21.65,Bhopal Industrial Site 0829,Manufacturing Unit
19.42371,86.70889,330.89,93,2026-07-07,820,17.94,agriculture,0.278,103.87553189040244,19.42_86.71,1,3,Agricultural Burning,0.5,50.0,21.01,Bhubaneswar Industrial Site 1029,Manufacturing Unit
23.57187,77.20316,401.6,94,2026-05-09,1370,97.91,agriculture,0.676,0.0094186623258847,23.57_77.2,2,3,Agricultural Burning,0.8,80.0,84.48,Bhopal Industrial Site 0013,Cement Plant
29.29489,77.16181,398.69,100,2026-04-19,1071,43.94,built_up,0.023,0.0592057809677609,29.29_77.16,1,1,Other Thermal Source,0.8,80.0,46.56,Panipat Industrial Site 0047,Paper Mill
26.29892,80.64285,396.77,96,2026-04-05,1831,109.63,built_up,0.023,0.0537405098595736,26.3_80.64,4,1,Other Thermal Source,1.0,100.0,86.6,Kanpur Industrial Site 0347,Paper Mill
29.30658,78.13443,327.14,88,2026-05-17,1449,23.3,built_up,0.023,70.6169802805697,29.31_78.13,3,1,Other Thermal Source,0.8,80.0,42.98,Delhi Industrial Site 0097,Paper Mill
22.67773,88.2831,328.02,59,2026-09-19,591,9.72,agriculture,0.278,0.6696180226074872,22.68_88.28,1,3,Other Thermal Source,0.4,40.0,27.54,Kolkata Industrial Site 0387,Paper Mill
26.00709,73.01594,356.18,97,2026-08-12,82,52.85,built_up,0.023,7.007705692342963,26.01_73.02,1,1,Other Thermal Source,0.6,60.0,39.8,Jodhpur Industrial Site 0942,Steel Plant
28.0688,73.34698,390.04,100,2026-03-04,420,115.9,built_up,0.023,0.0611709710564635,28.07_73.35,2,1,Other Thermal Source,0.8,80.0,76.96,Bikaner Industrial Site 0029,Manufacturing Unit
27.81909,73.37676,395.49,95,2026-08-11,257,39.09,built_up,0.023,0.0660240092692365,27.82_73.38,2,1,Other Thermal Source,0.8,80.0,55.46,Bikaner Industrial Site 0269,Manufacturing Unit
11.04425,76.81403,404.75,99,2026-09-15,1141,69.28,agriculture,0.676,0.0150976322644437,11.04_76.81,2,3,Agricultural Burning,0.8,80.0,76.21,Coimbatore Industrial Site 0312,Steel Plant
10.15195,76.07113,397.54,92,2026-04-04,12,53.26,agriculture,0.676,0.0538435817904975,10.15_76.07,2,3,Agricultural Burning,0.8,80.0,62.55,Kochi Industrial Site 0073,Cement Plant
22.36612,73.14708,399.26,93,2026-04-08,306,45.42,agriculture,0.676,0.0579437011243827,22.37_73.15,4,3,Agricultural Burning,1.0,100.0,68.31,Vadodara Industrial Site 0161,Power Plant
28.28079,76.85482,393.07,100,2026-04-14,1454,33.49,built_up,0.023,0.080197019894537,28.28_76.85,3,1,Other Thermal Source,1.0,100.0,57.3,Gurugram Industrial Site 0231,Power Plant
30.80275,75.51905,404.06,96,2026-03-14,107,70.63,built_up,0.023,0.0607262323871047,30.8_75.52,1,1,Other Thermal Source,0.8,80.0,54.03,Ludhiana Industrial Site 0315,Chemical Plant
21.25606,72.68793,380.53,91,2026-04-19,1570,102.31,agriculture,0.676,0.026314258491844,21.26_72.69,3,3,Agricultural Burning,1.0,100.0,89.25,Surat Industrial Site 0208,Thermal Power Plant
26.99098,75.51676,382.42,99,2026-01-21,1581,91.71,built_up,0.023,0.0310998151119533,26.99_75.52,1,1,Other Thermal Source,0.8,80.0,67.75,Jaipur Industrial Site 0345,Chemical Plant
21.069,73.09063,376.27,89,2026-05-08,2036,56.04,agriculture,0.676,15.324624222035384,21.07_73.09,1,3,Agricultural Burning,0.6,60.0,36.9,Surat Industrial Site 0832,Steel Plant
27.24555,79.21885,342.54,88,2026-01-01,146,20.02,built_up,0.023,92.2981125896416,27.25_79.22,2,1,Other Thermal Source,0.6,60.0,34.61,Agra Industrial Site 1002,Steel Plant
22.693,88.47106,409.89,97,2026-06-18,2003,46.35,agriculture,0.278,0.0166869589796769,22.69_88.47,1,3,Agricultural Burning,0.8,80.0,57.53,Kolkata Industrial Site 0339,Manufacturing Unit
12.96102,80.21684,403.98,100,2026-02-23,2254,105.99,agriculture,0.676,0.0890355625572728,12.96_80.22,1,3,Agricultural Burning,0.8,80.0,59.04,Chennai Industrial Site 0052,Steel Plant
27.84817,73.23201,378.95,92,2026-02-15,1713,37.51,built_up,0.023,0.0235466558135686,27.85_73.23,3,1,Other Thermal Source,1.0,100.0,71.31,Bikaner Industrial Site 0173,Cement Plant
28.52612,77.38396,396.67,91,2026-06-25,1030,55.23,built_up,0.023,0.0565337722072346,28.53_77.38,2,1,Other Thermal Source,0.8,80.0,62.45,Faridabad Industrial Site 0182,Steel Plant
20.56251,86.07818,371.24,87,2026-04-22,748,61.07,agriculture,0.278,22.0907052344306,20.56_86.08,1,3,Agricultural Burning,0.6,60.0,37.48,Bhubaneswar Industrial Site 0309,Manufacturing Unit
12.88389,80.27913,381.94,97,2026-01-11,703,47.36,agriculture,0.676,0.0352588839873043,12.88_80.28,3,3,Agricultural Burning,1.0,100.0,72.4,Chennai Industrial Site 0100,Industrial Estate
12.97431,80.51898,304.36,35,2026-09-10,182,11.09,agriculture,0.676,11.481973276488263,12.97_80.52,1,3,Agricultural Burning,0.15,15.0,20.9,Chennai Industrial Site 1156,Textile Industry
21.40649,72.55755,367.54,86,2026-07-09,2309,74.88,agriculture,0.676,13.30737331527075,21.41_72.56,1,3,Agricultural Burning,0.6,60.0,42.9,Surat Industrial Site 1168,Thermal Power Plant
21.04251,72.85749,373.46,94,2026-02-08,806,75.63,agriculture,0.676,8.012112712948973,21.04_72.86,1,3,Agricultural Burning,0.6,60.0,45.87,Surat Industrial Site 0448,Thermal Power Plant
22.40882,73.64577,401.72,98,2026-08-25,1889,64.6,agriculture,0.676,0.0194170698103171,22.41_73.65,4,3,Agricultural Burning,1.0,100.0,83.41,Vadodara Industrial Site 0065,Chemical Plant
28.4358,77.32098,345.37,54,2026-03-26,911,0.97,built_up,0.023,2.417600640408199,28.44_77.32,1,1,Other Thermal Source,0.4,40.0,21.12,Noida Industrial Site 1096,Textile Industry
27.78979,76.35788,332.44,95,2026-02-06,1854,5.3,built_up,0.023,72.92921656197723,27.79_76.36,2,1,Other Thermal Source,0.35,35.0,25.62,Gurugram Industrial Site 1191,Power Plant
26.74121,75.95596,302.94,61,2026-02-21,1246,5.0,built_up,0.023,10.936239441073356,26.74_75.96,1,1,Other Thermal Source,0.2,20.0,17.35,Jaipur Industrial Site 1113,Cement Plant
25.63787,86.05398,376.84,99,2026-01-20,2098,87.93,industrial,0.08,0.0379678416557819,25.64_86.05,3,0,Persistent Industrial Thermal Source,1.0,100.0,83.39,Begusarai Industrial Site 0275,Chemical Plant
20.06451,73.78356,337.29,87,2026-03-10,266,16.82,agriculture,0.676,9.601322719172634,20.06_73.78,2,3,Agricultural Burning,0.5,50.0,38.04,Nashik Industrial Site 1003,Cement Plant
20.56206,72.72315,386.76,85,2026-07-15,1917,38.86,agriculture,0.676,11.102236924102254,20.56_72.72,1,3,Agricultural Burning,0.6,60.0,33.14,Vapi Industrial Site 0432,Steel Plant
23.37898,86.01105,372.04,96,2026-02-27,937,97.95,agriculture,0.278,0.0120064857476061,23.38_86.01,2,3,Agricultural Burning,0.8,80.0,84.24,Bokaro Industrial Site 0325,Chemical Plant
21.31539,72.92018,389.78,89,2026-06-19,1523,61.39,agriculture,0.676,3.69633749980976,21.32_72.92,1,3,Agricultural Burning,0.8,80.0,44.93,Surat Industrial Site 0592,Steel Plant
25.6378,86.05404,395.13,96,2026-02-19,165,64.86,industrial,0.08,0.0480387687190591,25.64_86.05,3,0,Persistent Industrial Thermal Source,1.0,100.0,74.16,Begusarai Industrial Site 0275,Chemical Plant
27.25382,77.75959,379.18,99,2026-07-02,2240,45.89,built_up,0.023,3.1063131350852102,27.25_77.76,1,1,Other Thermal Source,0.8,80.0,41.11,Agra Industrial Site 0570,Industrial Estate
17.4455,75.00029,329.39,95,2026-04-12,300,19.08,agriculture,0.676,146.97435886921463,17.45_75.0,2,3,Agricultural Burning,0.5,50.0,31.84,Pune Industrial Site 0344,Refinery
25.30508,86.14122,376.84,98,2026-02-20,161,80.94,agriculture,0.278,0.0298876646798856,25.31_86.14,1,3,Agricultural Burning,0.8,80.0,64.89,Begusarai Industrial Site 0179,Manufacturing Unit
10.09598,76.1829,379.82,98,2026-03-14,1801,83.19,agriculture,0.676,0.0715325890762848,10.1_76.18,2,3,Agricultural Burning,0.8,80.0,67.22,Kochi Industrial Site 0169,Manufacturing Unit
18.27729,77.36395,338.99,87,2026-09-11,1052,6.06,agriculture,0.676,111.70467012327178,18.28_77.36,2,3,Other Thermal Source,0.35,35.0,23.82,Hyderabad Industrial Site 0486,Textile Industry
11.9912,77.94668,342.86,83,2026-03-29,471,4.73,agriculture,0.676,100.23180615900326,11.99_77.95,2,3,Other Thermal Source,0.35,35.0,23.97,Bengaluru Industrial Site 0821,Power Plant
27.36501,78.06684,404.73,92,2026-07-25,1553,84.7,built_up,0.023,0.0288172760676475,27.37_78.07,1,1,Other Thermal Source,0.8,80.0,66.35,Agra Industrial Site 0042,Steel Plant
29.29506,77.16203,407.25,96,2026-06-12,356,60.06,built_up,0.023,0.0437289286404013,29.3_77.16,2,1,Other Thermal Source,0.8,80.0,67.28,Panipat Industrial Site 0047,Paper Mill
25.28669,86.23175,322.0,78,2026-04-16,2125,11.99,agriculture,0.278,4.222421908479309,25.29_86.23,1,3,Agricultural Burning,0.55,55.0,26.35,Begusarai Industrial Site 0755,Chemical Plant
30.11861,76.71568,342.32,87,2026-07-09,595,16.83,built_up,0.023,57.52215543675384,30.12_76.72,3,1,Other Thermal Source,0.7,70.0,40.4,Panipat Industrial Site 0287,Paper Mill
20.23305,85.97221,372.3,99,2026-04-22,138,75.99,agriculture,0.278,0.0676280651807216,20.23_85.97,2,3,Agricultural Burning,0.8,80.0,65.95,Bhubaneswar Industrial Site 0261,Power Plant
10.15203,76.07101,379.87,98,2026-01-11,187,82.96,agriculture,0.676,0.0491543294128253,10.15_76.07,2,3,Agricultural Burning,0.8,80.0,72.5,Kochi Industrial Site 0073,Cement Plant
21.23665,72.79431,347.13,73,2026-01-07,160,15.69,agriculture,0.676,3.4772436220086544,21.24_72.79,1,3,Agricultural Burning,0.55,55.0,29.78,Surat Industrial Site 1024,Refinery
20.15188,73.63372,355.02,86,2026-08-10,1524,59.93,agriculture,0.676,6.7301306501508416,20.15_73.63,1,3,Agricultural Burning,0.6,60.0,41.71,Nashik Industrial Site 0475,Chemical Plant
22.86608,88.45793,344.67,58,2026-08-13,1910,4.51,agriculture,0.278,4.148886305817607,22.87_88.46,1,3,Other Thermal Source,0.4,40.0,21.6,Kolkata Industrial Site 0963,Cement Plant
28.67352,77.51395,366.49,88,2026-01-09,1389,44.56,built_up,0.023,9.748409098929004,28.67_77.51,1,1,Other Thermal Source,0.6,60.0,35.9,Delhi Industrial Site 0673,Cement Plant
16.79283,80.64368,378.74,84,2026-01-18,1939,38.59,agriculture,0.676,16.378460743747635,16.79_80.64,1,3,Agricultural Burning,0.6,60.0,31.43,Vijayawada Industrial Site 0359,Manufacturing Unit
25.01884,75.64925,391.97,100,2026-04-23,25,52.86,agriculture,0.676,0.0843161728256669,25.02_75.65,3,3,Agricultural Burning,1.0,100.0,63.01,Kota Industrial Site 0329,Manufacturing Unit
29.4291,76.21514,339.71,87,2026-04-30,1936,21.78,built_up,0.023,66.10501828184915,29.43_76.22,1,1,Other Thermal Source,0.6,60.0,24.48,Panipat Industrial Site 0383,Cement Plant
22.90993,75.65516,386.6,92,2026-06-19,17,89.77,agriculture,0.676,0.0212065202234969,22.91_75.66,4,3,Agricultural Burning,1.0,100.0,90.29,Indore Industrial Site 0206,Textile Industry
22.50571,88.32782,364.25,98,2026-03-08,1435,18.89,agriculture,0.278,6.193073185850648,22.51_88.33,1,3,Agricultural Burning,0.5,50.0,29.87,Kolkata Industrial Site 0771,Power Plant
28.69393,77.24306,373.92,91,2026-02-27,130,92.68,built_up,0.023,0.0201029550066878,28.69_77.24,2,1,Other Thermal Source,0.8,80.0,81.9,Gurugram Industrial Site 0183,Cement Plant
23.41028,74.89212,333.69,88,2026-07-31,855,9.05,agriculture,0.676,98.38793185323756,23.41_74.89,2,3,Other Thermal Source,0.35,35.0,26.73,Indore Industrial Site 0974,Refinery
25.98306,73.17193,354.63,96,2026-02-22,1599,38.12,built_up,0.023,6.441748890394583,25.98_73.17,1,1,Other Thermal Source,0.6,60.0,35.37,Jodhpur Industrial Site 0270,Industrial Estate
24.96638,84.84099,367.57,92,2026-04-16,1592,44.44,industrial,0.067,5.251151791369935,24.97_84.84,1,0,Other Thermal Source,0.6,60.0,38.81,Gaya Industrial Site 0754,Refinery
17.31198,78.60707,401.15,91,2026-04-01,1127,91.64,agriculture,0.676,0.0344815385386607,17.31_78.61,2,3,Agricultural Burning,0.8,80.0,78.84,Hyderabad Industrial Site 0102,Steel Plant
28.12005,73.1108,377.77,91,2026-08-28,1304,108.25,built_up,0.023,0.0258894264128093,28.12_73.11,2,1,Other Thermal Source,0.8,80.0,84.24,Bikaner Industrial Site 0221,Power Plant
17.57503,83.29386,401.57,100,2026-02-21,1951,113.1,agriculture,0.676,0.0572161664215685,17.58_83.29,2,3,Agricultural Burning,0.8,80.0,77.46,Visakhapatnam Industrial Site 0118,Thermal Power Plant
28.28863,75.98621,337.0,85,2026-06-01,2258,18.76,built_up,0.023,63.98213347530282,28.29_75.99,1,1,Other Thermal Source,0.5,50.0,23.44,Gurugram Industrial Site 1191,Power Plant
26.00897,73.29202,376.86,93,2026-09-03,1493,106.23,built_up,0.023,0.0498635919293628,26.01_73.29,2,1,Other Thermal Source,0.8,80.0,78.05,Jodhpur Industrial Site 0174,Refinery
22.34479,70.98779,385.14,99,2026-08-30,1346,117.63,agriculture,0.676,0.0414433034394371,22.34_70.99,1,3,Agricultural Burning,0.8,80.0,70.9,Rajkot Industrial Site 0354,Refinery
12.99288,80.36112,374.82,97,2026-03-27,1743,43.27,agriculture,0.676,0.0520162628415382,12.99_80.36,2,3,Agricultural Burning,0.8,80.0,60.12,Chennai Industrial Site 0388,Thermal Power Plant
22.04427,80.19028,343.14,82,2026-07-12,390,5.42,agriculture,0.676,126.14283664819186,22.04_80.19,3,3,Other Thermal Source,0.55,55.0,29.08,Nagpur Industrial Site 1071,Power Plant
23.5022,87.509,388.86,95,2026-05-01,1811,100.56,agriculture,0.278,0.062100507244252,23.5_87.51,1,3,Agricultural Burning,0.8,80.0,61.74,Durgapur Industrial Site 0032,Steel Plant
28.22302,77.64029,306.06,70,2026-02-23,2158,13.68,built_up,0.023,6.151865749331554,28.22_77.64,1,1,Other Thermal Source,0.35,35.0,25.98,Faridabad Industrial Site 1190,Industrial Estate
23.01111,76.02511,404.37,98,2026-08-12,2244,117.91,agriculture,0.676,0.0695324413492048,23.01_76.03,3,3,Agricultural Burning,1.0,100.0,81.95,Indore Industrial Site 0254,Refinery
25.29604,86.27811,393.05,100,2026-02-22,235,119.39,agriculture,0.278,0.0370480687754048,25.3_86.28,3,3,Agricultural Burning,1.0,100.0,90.56,Munger Industrial Site 0084,Refinery
22.41381,70.76616,384.87,98,2026-08-31,2111,117.92,agriculture,0.676,0.0424856034436285,22.41_70.77,2,3,Agricultural Burning,0.8,80.0,82.55,Rajkot Industrial Site 0114,Refinery
16.31505,80.57298,398.52,96,2026-06-12,883,82.82,agriculture,0.676,0.0551101306475001,16.32_80.57,1,3,Agricultural Burning,0.8,80.0,58.72,Vijayawada Industrial Site 0023,Cement Plant
29.707,77.19894,383.99,98,2026-06-03,502,46.62,built_up,0.023,0.0179325988081774,29.71_77.2,1,1,Other Thermal Source,0.8,80.0,57.53,Panipat Industrial Site 0239,Manufacturing Unit
12.87013,77.73481,387.34,99,2026-04-03,1228,76.5,agriculture,0.676,0.0970790033944085,12.87_77.73,2,3,Agricultural Burning,0.8,80.0,63.3,Bengaluru Industrial Site 0341,Power Plant
17.92376,83.50844,365.48,83,2026-04-26,1825,52.15,agriculture,0.676,21.180005490848732,17.92_83.51,1,3,Agricultural Burning,0.6,60.0,34.87,Visakhapatnam Industrial Site 0454,Refinery
22.76544,72.61118,333.54,70,2026-01-02,2385,11.03,agriculture,0.676,9.624618554780133,22.77_72.61,1,3,Agricultural Burning,0.35,35.0,22.04,Ahmedabad Industrial Site 0487,Paper Mill
24.73845,84.67666,343.45,53,2026-02-23,1410,14.6,agriculture,0.676,8.27886548053554,24.74_84.68,1,3,Agricultural Burning,0.35,35.0,25.35,Gaya Industrial Site 0082,Steel Plant
23.04008,77.57405,380.72,97,2026-06-25,2069,31.08,agriculture,0.676,0.0346775085614294,23.04_77.57,3,3,Agricultural Burning,1.0,100.0,67.06,Bhopal Industrial Site 0301,Power Plant
26.40898,91.90319,395.48,94,2026-06-27,523,35.35,built_up,0.161,0.0421946027352448,26.41_91.9,2,1,Other Thermal Source,0.8,80.0,60.1,Guwahati Industrial Site 0026,Textile Industry
26.79805,80.73378,364.35,91,2026-07-14,2245,77.68,built_up,0.023,3.42840350848694,26.8_80.73,1,1,Other Thermal Source,0.8,80.0,49.93,Lucknow Industrial Site 1114,Refinery
9.21081,75.38193,324.79,80,2026-04-20,780,8.12,agriculture,0.676,91.19717189377435,9.21_75.38,2,3,Other Thermal Source,0.35,35.0,26.5,Kochi Industrial Site 0553,Cement Plant
21.36654,72.01887,321.6,92,2026-01-15,188,23.55,agriculture,0.676,58.15174161797179,21.37_72.02,1,3,Agricultural Burning,0.6,60.0,25.52,Surat Industrial Site 0544,Refinery
25.13532,75.60712,328.09,51,2026-08-25,281,17.68,industrial,0.012,9.85746753989603,25.14_75.61,1,0,Other Thermal Source,0.35,35.0,26.6,Kota Industrial Site 0377,Paper Mill
25.89115,91.88483,381.61,99,2026-01-17,1531,28.75,industrial,0.167,17.653213343299534,25.89_91.88,1,0,Other Thermal Source,0.6,60.0,28.23,Guwahati Industrial Site 0410,Industrial Estate
20.13627,75.47506,336.33,70,2026-06-25,475,7.29,agriculture,0.676,13.90401476642251,20.14_75.48,1,3,Other Thermal Source,0.2,20.0,17.62,Aurangabad Industrial Site 0668,Thermal Power Plant
11.13903,77.03797,383.97,92,2026-08-07,1352,40.68,agriculture,0.676,0.059288964403536,11.14_77.04,2,3,Agricultural Burning,0.8,80.0,57.43,Coimbatore Industrial Site 0024,Refinery
23.37156,77.61206,332.98,49,2026-03-31,2395,13.7,agriculture,0.676,2.021997766022358,23.37_77.61,1,3,Agricultural Burning,0.35,35.0,29.26,Bhopal Industrial Site 0445,Chemical Plant
20.51381,85.57817,385.34,95,2026-03-16,1055,74.83,agriculture,0.607,0.018306588977145,20.51_85.58,5,3,Agricultural Burning,1.0,100.0,87.3,Bhubaneswar Industrial Site 0213,Cement Plant
21.17705,86.8037,321.57,90,2026-01-30,418,24.17,agriculture,0.278,105.15249340766267,21.18_86.8,3,3,Agricultural Burning,0.8,80.0,41.57,Bhubaneswar Industrial Site 0837,Paper Mill
28.46346,77.17378,337.47,64,2026-04-07,1393,13.03,built_up,0.023,2.708710463763389,28.46_77.17,1,1,Other Thermal Source,0.55,55.0,28.33,Noida Industrial Site 0664,Refinery
21.36383,81.68818,376.55,95,2026-03-22,57,60.29,agriculture,0.676,0.0732936286453415,21.36_81.69,3,3,Agricultural Burning,1.0,100.0,66.25,Raipur Industrial Site 0031,Power Plant
32.24399,76.31817,328.61,90,2026-05-25,2356,6.47,built_up,0.023,82.5955611312879,32.24_76.32,2,1,Other Thermal Source,0.35,35.0,26.06,Jalandhar Industrial Site 0142,Steel Plant
29.13895,77.01383,391.34,91,2026-05-08,444,112.05,built_up,0.023,0.0379353766292506,29.14_77.01,3,1,Other Thermal Source,1.0,100.0,88.83,Panipat Industrial Site 0143,Cement Plant
24.75639,88.09855,328.0,92,2026-08-01,1268,17.08,agriculture,0.278,138.61701160469912,24.76_88.1,1,3,Agricultural Burning,0.5,50.0,18.6,Durgapur Industrial Site 1184,Refinery
12.86991,77.73492,394.22,91,2026-08-01,161,53.13,agriculture,0.676,0.0731084796720625,12.87_77.73,2,3,Agricultural Burning,0.8,80.0,58.26,Bengaluru Industrial Site 0341,Power Plant
23.60878,87.32697,385.94,91,2026-09-12,1528,106.65,agriculture,0.278,0.0722097444951038,23.61_87.33,2,3,Agricultural Burning,0.8,80.0,72.75,Durgapur Industrial Site 0368,Thermal Power Plant
26.04951,85.38425,331.48,93,2026-04-25,1674,20.19,forest,0.696,25.20517697716088,26.05_85.38,1,2,Wildfire,0.6,60.0,24.98,Patna Industrial Site 0396,Textile Industry
22.29134,73.39954,340.31,87,2026-09-19,450,6.57,agriculture,0.676,9.327319168147554,22.29_73.4,2,3,Other Thermal Source,0.35,35.0,31.3,Vadodara Industrial Site 0449,Manufacturing Unit
21.36386,81.6879,374.79,96,2026-04-20,2102,86.0,agriculture,0.676,0.0756512028985545,21.36_81.69,3,3,Agricultural Burning,1.0,100.0,73.43,Raipur Industrial Site 0031,Power Plant
20.29696,73.91754,315.18,43,2026-03-09,1365,17.21,agriculture,0.676,8.997848695282626,20.3_73.92,1,3,Agricultural Burning,0.15,15.0,26.9,Nashik Industrial Site 1099,Manufacturing Unit
24.33423,74.98808,340.6,95,2026-04-16,372,16.14,agriculture,0.676,105.61158718789338,24.33_74.99,3,3,Agricultural Burning,0.7,70.0,37.56,Kota Industrial Site 0329,Manufacturing Unit
20.05194,72.74416,390.76,95,2026-02-26,897,67.81,agriculture,0.676,0.0344815385402348,20.05_72.74,1,3,Agricultural Burning,0.8,80.0,60.44,Vapi Industrial Site 0144,Refinery
22.08697,73.24724,309.09,56,2026-05-21,1215,4.09,agriculture,0.676,7.5107992313070735,22.09_73.25,1,3,Other Thermal Source,0.2,20.0,18.79,Vadodara Industrial Site 0881,Power Plant
23.49021,87.09609,384.07,91,2026-04-15,987,107.77,agriculture,0.278,0.0782451589561047,23.49_87.1,2,3,Agricultural Burning,0.8,80.0,71.95,Durgapur Industrial Site 0128,Thermal Power Plant
25.89514,80.26538,333.53,87,2026-03-18,33,7.3,built_up,0.023,28.02262410419164,25.9_80.27,1,1,Other Thermal Source,0.35,35.0,16.05,Kanpur Industrial Site 0875,Chemical Plant
22.23213,73.51107,394.92,98,2026-04-09,10,117.09,agriculture,0.676,0.0095485810470185,22.23_73.51,2,3,Agricultural Burning,0.8,80.0,88.53,Vadodara Industrial Site 0305,Chemical Plant
21.12284,81.13301,372.14,95,2026-07-29,497,103.66,agriculture,0.676,0.0280151334103883,21.12_81.13,3,3,Agricultural Burning,1.0,100.0,89.34,Raipur Industrial Site 0223,Cement Plant
26.24593,80.31896,408.91,92,2026-07-10,492,53.41,built_up,0.023,0.0286457431394969,26.25_80.32,2,1,Other Thermal Source,0.8,80.0,69.4,Kanpur Industrial Site 0395,Chemical Plant
28.48309,77.40608,394.99,96,2026-03-27,691,39.32,built_up,0.023,0.0466728272124118,28.48_77.41,2,1,Other Thermal Source,0.8,80.0,60.71,Noida Industrial Site 0328,Thermal Power Plant
22.91024,75.65481,397.68,94,2026-06-29,2219,53.19,agriculture,0.676,0.0730326016239406,22.91_75.65,1,3,Agricultural Burning,0.8,80.0,46.5,Indore Industrial Site 0206,Textile Industry
23.59479,86.739,401.74,91,2026-02-09,1315,37.89,agriculture,0.278,0.0677463836668831,23.59_86.74,2,3,Agricultural Burning,0.8,80.0,54.36,Asansol Industrial Site 0369,Manufacturing Unit
17.7479,83.34004,382.17,98,2026-07-12,360,87.22,agriculture,0.676,0.0179325988083239,17.75_83.34,3,3,Agricultural Burning,1.0,100.0,87.44,Visakhapatnam Industrial Site 0022,Steel Plant
24.76991,85.03011,381.15,100,2026-05-24,1331,85.25,forest,0.71,0.0215523015015126,24.77_85.03,2,2,Wildfire,0.8,80.0,79.77,Gaya Industrial Site 0034,Refinery
23.23479,89.22551,344.45,80,2026-05-16,857,4.82,agriculture,0.278,84.31254976097925,23.23_89.23,1,3,Other Thermal Source,0.35,35.0,13.16,Kolkata Industrial Site 0723,Cement Plant
10.33731,76.07815,329.56,83,2026-07-31,580,15.38,agriculture,0.676,20.53617503638145,10.34_76.08,1,3,Agricultural Burning,0.5,50.0,22.1,Kochi Industrial Site 0073,Cement Plant
24.14173,74.92141,333.47,83,2026-08-22,1747,21.82,agriculture,0.676,126.4871033493826,24.14_74.92,1,3,Agricultural Burning,0.6,60.0,21.24,Kota Industrial Site 0329,Manufacturing Unit
29.30644,78.13411,320.81,93,2026-07-11,759,24.0,built_up,0.023,70.58045846381339,29.31_78.13,3,1,Other Thermal Source,0.8,80.0,43.4,Delhi Industrial Site 0097,Paper Mill
16.63269,80.5666,327.9,38,2026-06-15,1529,16.72,agriculture,0.676,11.482394825631925,16.63_80.57,1,3,Agricultural Burning,0.15,15.0,24.89,Vijayawada Industrial Site 1031,Power Plant
21.98506,70.63904,407.78,99,2026-02-27,2025,73.23,agriculture,0.676,0.0639190394174094,21.99_70.64,1,3,Agricultural Burning,0.8,80.0,54.05,Rajkot Industrial Site 0066,Textile Industry
30.69169,76.05423,323.09,36,2026-08-11,33,3.4,built_up,0.023,4.295313920634504,30.69_76.05,1,1,Other Thermal Source,0.2,20.0,20.73,Ludhiana Industrial Site 1083,Cement Plant
25.95252,72.91451,353.57,90,2026-02-23,1883,74.97,built_up,0.023,12.651380177486912,25.95_72.91,1,1,Other Thermal Source,0.6,60.0,43.1,Jodhpur Industrial Site 0558,Thermal Power Plant
26.29881,80.64322,393.49,95,2026-04-03,1851,69.77,built_up,0.023,0.0921366865042493,26.3_80.64,4,1,Other Thermal Source,1.0,100.0,70.57,Kanpur Industrial Site 0347,Paper Mill
27.08049,74.0136,336.98,82,2026-07-10,772,3.97,built_up,0.023,94.35366773435716,27.08_74.01,2,1,Other Thermal Source,0.35,35.0,23.77,Bikaner Industrial Site 1133,Cement Plant
10.76031,77.01493,333.54,46,2026-05-05,1779,8.26,agriculture,0.676,4.83160100766834,10.76_77.01,1,3,Other Thermal Source,0.2,20.0,23.4,Coimbatore Industrial Site 0120,Industrial Estate
23.12205,77.31898,374.32,95,2026-07-19,1558,118.95,agriculture,0.676,0.0574311039417819,23.12_77.32,4,3,Agricultural Burning,1.0,100.0,87.5,Bhopal Industrial Site 0253,Cement Plant
28.68619,77.27681,382.46,99,2026-09-11,1504,35.64,built_up,0.023,0.0477429052319019,28.69_77.28,2,1,Other Thermal Source,0.8,80.0,58.78,Delhi Industrial Site 0193,Cement Plant
23.60623,85.40207,405.92,94,2026-08-23,1744,32.47,agriculture,0.607,0.0589973092606696,23.61_85.4,1,3,Agricultural Burning,0.8,80.0,42.7,Ranchi Industrial Site 0259,Manufacturing Unit
18.49614,73.79417,375.06,97,2026-09-16,416,95.87,agriculture,0.676,0.0104717190561863,18.5_73.79,2,3,Agricultural Burning,0.8,80.0,83.85,Pune Industrial Site 0296,Textile Industry
25.63939,79.27196,325.75,90,2026-02-03,1414,21.29,forest,0.796,124.73615448316632,25.64_79.27,1,2,Wildfire,0.6,60.0,21.2,Kanpur Industrial Site 1115,Chemical Plant
11.04383,76.81413,380.8,97,2026-06-04,1494,73.03,agriculture,0.676,0.0621302607430102,11.04_76.81,2,3,Agricultural Burning,0.8,80.0,66.43,Coimbatore Industrial Site 0312,Steel Plant
24.69076,85.11394,386.88,99,2026-02-23,1987,32.5,mining,0.114,4.396474598595658,24.69_85.11,1,4,Other Thermal Source,0.8,80.0,35.29,Gaya Industrial Site 0706,Textile Industry
11.36717,76.50687,402.1,98,2026-05-14,1891,103.86,agriculture,0.676,0.0595688509201028,11.37_76.51,3,3,Agricultural Burning,1.0,100.0,81.11,Coimbatore Industrial Site 0264,Refinery
17.5108,83.19622,379.89,91,2026-02-19,32,92.74,agriculture,0.676,0.0536946366041301,17.51_83.2,3,3,Agricultural Burning,1.0,100.0,79.88,Visakhapatnam Industrial Site 0310,Industrial Estate
26.87935,77.70074,334.56,69,2026-06-05,1872,2.47,built_up,0.023,22.8071754832826,26.88_77.7,1,1,Other Thermal Source,0.2,20.0,13.1,Agra Industrial Site 0426,Textile Industry
12.73394,79.88178,391.41,100,2026-09-02,489,82.06,agriculture,0.676,0.0734699264994744,12.73_79.88,2,3,Agricultural Burning,0.8,80.0,66.3,Chennai Industrial Site 0244,Refinery
20.21331,82.57295,321.75,88,2026-06-02,1537,7.55,agriculture,0.676,120.30938690982234,20.21_82.57,2,3,Other Thermal Source,0.35,35.0,24.25,Raipur Industrial Site 0991,Power Plant
20.91712,79.17007,395.3,94,2026-03-14,1880,75.02,agriculture,0.676,0.022338319095259,20.92_79.17,1,3,Agricultural Burning,0.8,80.0,64.76,Nagpur Industrial Site 0111,Power Plant
19.56114,73.05898,406.13,100,2026-06-11,963,61.6,agriculture,0.676,0.0629674344398936,19.56_73.06,3,3,Agricultural Burning,1.0,100.0,69.11,Thane Industrial Site 0189,Manufacturing Unit
22.66658,75.74004,364.99,90,2026-05-04,370,55.64,agriculture,0.676,1.5219269867517926,22.67_75.74,1,3,Agricultural Burning,0.8,80.0,45.04,Indore Industrial Site 1022,Steel Plant
25.60294,84.90282,401.5,94,2026-06-03,1042,61.12,agriculture,0.521,0.0503431196890855,25.6_84.9,2,3,Agricultural Burning,0.8,80.0,65.75,Patna Industrial Site 0108,Thermal Power Plant
21.25603,72.68781,409.03,91,2026-03-22,702,43.23,agriculture,0.676,0.0184740818447507,21.26_72.69,3,3,Agricultural Burning,1.0,100.0,74.56,Surat Industrial Site 0208,Thermal Power Plant
28.70693,77.60648,363.27,96,2026-08-27,280,20.16,built_up,0.023,14.597205233914089,28.71_77.61,1,1,Other Thermal Source,0.6,60.0,26.33,Faridabad Industrial Site 0710,Industrial Estate
23.03933,69.74464,338.38,89,2026-08-02,1776,8.9,agriculture,0.676,110.48346742376098,23.04_69.74,3,3,Other Thermal Source,0.55,55.0,31.7,Rajkot Industrial Site 0834,Refinery
27.13326,78.12529,355.17,84,2026-04-28,2154,50.91,built_up,0.023,3.354050836734741,27.13_78.13,1,1,Other Thermal Source,0.8,80.0,42.13,Agra Industrial Site 0714,Refinery
29.29795,76.87424,381.32,98,2026-05-15,269,60.99,built_up,0.023,0.0652638468063916,29.3_76.87,1,1,Other Thermal Source,0.8,80.0,50.04,Panipat Industrial Site 0191,Power Plant
23.09722,72.562,398.04,97,2026-01-05,2290,85.32,agriculture,0.676,0.0739796472009494,23.1_72.56,1,3,Agricultural Burning,0.8,80.0,55.46,Ahmedabad Industrial Site 0151,Power Plant
18.51202,73.95822,389.47,99,2026-08-26,1320,94.18,agriculture,0.676,0.0299905485112174,18.51_73.96,3,3,Agricultural Burning,1.0,100.0,86.4,Pune Industrial Site 0200,Industrial Estate
23.02355,77.46541,368.24,90,2026-06-09,1852,45.14,agriculture,0.676,7.463822328974405,23.02_77.47,1,3,Agricultural Burning,0.6,60.0,37.5,Bhopal Industrial Site 0877,Paper Mill
27.00023,80.94391,404.56,92,2026-01-29,783,109.2,built_up,0.023,0.0731758607734604,27.0_80.94,5,1,Other Thermal Source,1.0,100.0,83.1,Lucknow Industrial Site 0346,Textile Industry
28.63819,77.37319,398.23,100,2026-06-24,1014,67.18,built_up,0.023,0.0354679305857939,28.64_77.37,3,1,Other Thermal Source,1.0,100.0,78.08,Noida Industrial Site 0280,Industrial Estate
22.4508,70.70197,327.17,52,2026-01-17,380,16.09,agriculture,0.676,4.725517051329608,22.45_70.7,1,3,Agricultural Burning,0.55,55.0,29.06,Rajkot Industrial Site 0738,Thermal Power Plant
27.12208,75.78113,379.78,98,2026-04-30,1106,109.23,built_up,0.023,0.050927109676286,27.12_75.78,4,1,Other Thermal Source,1.0,100.0,87.31,Jaipur Industrial Site 0249,Manufacturing Unit
12.925,80.26776,375.43,91,2026-06-22,1807,115.36,agriculture,0.676,0.0109322321599401,12.92_80.27,3,3,Agricultural Burning,1.0,100.0,94.38,Chennai Industrial Site 0004,Refinery
17.67905,83.4418,395.35,98,2026-02-23,2192,101.55,agriculture,0.676,0.0372139812435688,17.68_83.44,4,3,Agricultural Burning,1.0,100.0,89.51,Visakhapatnam Industrial Site 0358,Thermal Power Plant
26.36392,80.19815,391.26,97,2026-02-15,2340,69.72,built_up,0.023,0.0198562836396227,26.36_80.2,5,1,Other Thermal Source,1.0,100.0,85.7,Kanpur Industrial Site 0155,Chemical Plant
25.28684,75.75604,378.34,98,2026-01-16,1442,73.3,industrial,0.012,0.0024820354544017,25.29_75.76,1,0,Industrial Fire,0.8,80.0,66.55,Kota Industrial Site 0041,Power Plant
22.32457,73.11925,370.88,92,2026-05-06,1972,18.45,agriculture,0.676,4.878741066401045,22.32_73.12,1,3,Agricultural Burning,0.7,70.0,30.82,Vadodara Industrial Site 1121,Power Plant
16.66211,80.71282,392.84,96,2026-04-26,110,82.25,agriculture,0.676,0.0385315520060315,16.66_80.71,1,3,Agricultural Burning,0.8,80.0,63.38,Vijayawada Industrial Site 0359,Manufacturing Unit
31.70911,74.94502,333.54,57,2026-05-29,1394,2.68,built_up,0.023,9.82942605153044,31.71_74.95,1,1,Other Thermal Source,0.2,20.0,16.36,Amritsar Industrial Site 0364,Refinery
20.44243,73.07578,387.63,90,2026-07-19,1375,56.26,agriculture,0.676,2.620013865611448,20.44_73.08,1,3,Agricultural Burning,0.8,80.0,44.48,Vapi Industrial Site 0048,Thermal Power Plant
26.06799,91.76217,374.25,97,2026-03-29,513,119.5,built_up,0.161,0.0606348612596665,26.07_91.76,3,1,Other Thermal Source,1.0,100.0,84.12,Guwahati Industrial Site 0314,Refinery
26.4881,80.34584,389.53,91,2026-08-22,1294,61.41,built_up,0.023,0.0219768787592824,26.49_80.35,3,1,Other Thermal Source,1.0,100.0,79.23,Kanpur Industrial Site 0011,Power Plant
25.56916,85.16398,394.22,94,2026-09-12,23,49.71,agriculture,0.625,0.066535218493977,25.57_85.16,2,3,Agricultural Burning,0.8,80.0,58.44,Patna Industrial Site 0300,Industrial Estate
23.54679,85.99997,405.56,94,2026-08-07,527,111.29,agriculture,0.278,0.0257462579808813,23.55_86.0,3,3,Agricultural Burning,1.0,100.0,91.38,Bokaro Industrial Site 0229,Manufacturing Unit
26.7652,80.9903,356.66,86,2026-08-25,520,35.53,built_up,0.023,6.33328113745904,26.77_80.99,1,1,Other Thermal Source,0.6,60.0,34.56,Lucknow Industrial Site 1018,Thermal Power Plant
30.92913,75.53403,344.18,86,2026-06-23,2380,9.08,built_up,0.023,8.030765618078332,30.93_75.53,1,1,Other Thermal Source,0.35,35.0,21.72,Ludhiana Industrial Site 0027,Paper Mill
16.98645,82.54101,325.22,81,2026-09-15,795,14.23,agriculture,0.676,87.59544239606672,16.99_82.54,1,3,Agricultural Burning,0.5,50.0,19.06,Visakhapatnam Industrial Site 1126,Textile Industry
27.09715,75.78716,397.9,94,2026-08-26,2082,68.15,built_up,0.023,0.0452928967942589,27.1_75.79,1,1,Other Thermal Source,0.8,80.0,57.65,Jaipur Industrial Site 0393,Cement Plant
25.42405,86.5027,379.29,86,2026-06-24,269,64.89,agriculture,0.278,3.508964402356787,25.42_86.5,1,3,Agricultural Burning,0.8,80.0,46.27,Munger Industrial Site 1188,Thermal Power Plant
26.36407,80.19776,404.57,93,2026-08-26,2026,67.75,built_up,0.023,0.0361048722476913,26.36_80.2,5,1,Other Thermal Source,1.0,100.0,81.93,Kanpur Industrial Site 0155,Chemical Plant
21.28705,78.83685,408.67,94,2026-01-14,2162,55.36,agriculture,0.676,0.0594964141778015,21.29_78.84,2,3,Agricultural Burning,0.8,80.0,61.72,Nagpur Industrial Site 0399,Manufacturing Unit
20.88216,72.96495,397.57,100,2026-04-27,1953,60.53,agriculture,0.676,0.0788803207398066,20.88_72.96,1,3,Agricultural Burning,0.8,80.0,47.5,Surat Industrial Site 0352,Steel Plant
23.31992,77.58801,395.37,98,2026-06-25,1567,76.08,agriculture,0.676,0.0681543615626183,23.32_77.59,2,3,Agricultural Burning,0.8,80.0,65.97,Bhopal Industrial Site 0397,Paper Mill
24.63424,84.95698,375.74,98,2026-08-05,1942,44.02,forest,0.71,0.0806031221480702,24.63_84.96,3,2,Wildfire,1.0,100.0,60.65,Gaya Industrial Site 0130,Industrial Estate
25.75416,81.86268,323.26,90,2026-01-03,893,8.87,forest,0.796,126.74182412492976,25.75_81.86,1,2,Other Thermal Source,0.35,35.0,12.85,Lucknow Industrial Site 0394,Refinery
17.67894,83.44223,395.3,99,2026-03-21,1900,83.26,agriculture,0.676,0.0757569917561939,17.68_83.44,4,3,Agricultural Burning,1.0,100.0,75.56,Visakhapatnam Industrial Site 0358,Thermal Power Plant
23.98574,76.7088,342.29,86,2026-08-27,623,8.19,agriculture,0.676,71.57470574719375,23.99_76.71,1,3,Other Thermal Source,0.35,35.0,15.7,Bhopal Industrial Site 0013,Cement Plant
19.09489,72.91816,409.77,94,2026-05-10,432,108.53,agriculture,0.676,0.0464876693330537,19.09_72.92,1,3,Agricultural Burning,0.8,80.0,67.55,Mumbai Industrial Site 0242,Steel Plant
