site_name,site_type,latitude,longitude
Delhi Industrial Site 0001,Power Plant,28.55071,77.06972
Mumbai Industrial Site 0002,Steel Plant,19.06465,72.78268
Kolkata Industrial Site 0003,Cement Plant,22.11302,88.18802
Chennai Industrial Site 0004,Refinery,12.92504,80.26767
Bengaluru Industrial Site 0005,Chemical Plant,12.87835,77.55741
Hyderabad Industrial Site 0006,Textile Industry,17.60499,78.5461
Ahmedabad Industrial Site 0007,Paper Mill,22.86482,72.62941
Pune Industrial Site 0008,Thermal Power Plant,18.42449,73.69853
Jaipur Industrial Site 0009,Manufacturing Unit,26.8273,75.66376
Lucknow Industrial Site 0010,Industrial Estate,26.72363,80.84816
Kanpur Industrial Site 0011,Power Plant,26.48796,80.3457
Patna Industrial Site 0012,Steel Plant,25.86149,84.70086
Bhopal Industrial Site 0013,Cement Plant,23.57181,77.20322
Indore Industrial Site 0014,Refinery,22.35438,75.71856
Nagpur Industrial Site 0015,Chemical Plant,21.00487,79.24417
Surat Industrial Site 0016,Textile Industry,21.03249,72.50242
Vadodara Industrial Site 0017,Paper Mill,22.33489,73.17428
Rajkot Industrial Site 0018,Thermal Power Plant,22.19208,70.84445
Ranchi Industrial Site 0019,Manufacturing Unit,23.11137,85.31297
Jamshedpur Industrial Site 0020,Industrial Estate,22.83951,86.19311
Bhubaneswar Industrial Site 0021,Power Plant,20.1622,85.84296
Visakhapatnam Industrial Site 0022,Steel Plant,17.74784,83.33989
Vijayawada Industrial Site 0023,Cement Plant,16.31456,80.57306
Coimbatore Industrial Site 0024,Refinery,11.13861,77.03764
Kochi Industrial Site 0025,Chemical Plant,10.0933,76.10909
Guwahati Industrial Site 0026,Textile Industry,26.40876,91.90288
Ludhiana Industrial Site 0027,Paper Mill,30.95699,75.6008
Amritsar Industrial Site 0028,Thermal Power Plant,31.61285,74.69174
Bikaner Industrial Site 0029,Manufacturing Unit,28.06934,73.34709
Jodhpur Industrial Site 0030,Industrial Estate,26.40067,72.81732
Raipur Industrial Site 0031,Power Plant,21.36449,81.68816
Durgapur Industrial Site 0032,Steel Plant,23.50171,87.50927
Asansol Industrial Site 0033,Cement Plant,23.88216,86.97633
Gaya Industrial Site 0034,Refinery,24.7701,85.03015
Begusarai Industrial Site 0035,Chemical Plant,25.67963,86.30559
Munger Industrial Site 0036,Textile Industry,25.48064,86.60325
Bokaro Industrial Site 0037,Paper Mill,23.58867,86.03271
Faridabad Industrial Site 0038,Thermal Power Plant,28.74654,77.23742
Gurugram Industrial Site 0039,Manufacturing Unit,28.37366,77.04712
Noida Industrial Site 0040,Industrial Estate,28.25251,77.4561
Kota Industrial Site 0041,Power Plant,25.28683,75.75602
Agra Industrial Site 0042,Steel Plant,27.36508,78.06709
Nashik Industrial Site 0043,Cement Plant,19.91867,73.83478
Aurangabad Industrial Site 0044,Refinery,19.90844,75.27841
Thane Industrial Site 0045,Chemical Plant,19.57919,72.91753
Jalandhar Industrial Site 0046,Textile Industry,31.22875,75.74668
Panipat Industrial Site 0047,Paper Mill,29.29542,77.16187
Vapi Industrial Site 0048,Thermal Power Plant,20.45599,73.05646
Delhi Industrial Site 0049,Manufacturing Unit,28.44876,77.03419
Mumbai Industrial Site 0050,Industrial Estate,19.24911,72.47864
Kolkata Industrial Site 0051,Power Plant,22.89701,88.35603
Chennai Industrial Site 0052,Steel Plant,12.96149,80.21749
Bengaluru Industrial Site 0053,Cement Plant,13.12249,77.87389
Hyderabad Industrial Site 0054,Refinery,17.42656,78.29285
Ahmedabad Industrial Site 0055,Chemical Plant,23.07579,73.04555
Pune Industrial Site 0056,Textile Industry,18.65306,73.87117
Jaipur Industrial Site 0057,Paper Mill,26.75139,75.62694
Lucknow Industrial Site 0058,Thermal Power Plant,27.24068,80.85658
Kanpur Industrial Site 0059,Manufacturing Unit,26.38052,80.38832
Patna Industrial Site 0060,Industrial Estate,25.71727,85.30228
Bhopal Industrial Site 0061,Power Plant,23.18842,77.60392
Indore Industrial Site 0062,Steel Plant,22.61512,75.82892
Nagpur Industrial Site 0063,Cement Plant,21.09422,78.76569
Surat Industrial Site 0064,Refinery,21.2531,73.00551
Vadodara Industrial Site 0065,Chemical Plant,22.40873,73.64592
Rajkot Industrial Site 0066,Textile Industry,21.98452,70.63924
Ranchi Industrial Site 0067,Paper Mill,23.34306,85.39381
Jamshedpur Industrial Site 0068,Thermal Power Plant,22.73693,86.3813
Bhubaneswar Industrial Site 0069,Manufacturing Unit,20.32311,85.6276
Visakhapatnam Industrial Site 0070,Industrial Estate,17.79492,83.13205
Vijayawada Industrial Site 0071,Power Plant,16.39218,80.58973
Coimbatore Industrial Site 0072,Steel Plant,10.85437,77.11425
Kochi Industrial Site 0073,Cement Plant,10.15243,76.0712
Guwahati Industrial Site 0074,Refinery,26.17628,91.95528
Ludhiana Industrial Site 0075,Chemical Plant,31.0202,76.00132
Amritsar Industrial Site 0076,Textile Industry,31.24774,74.93003
Bikaner Industrial Site 0077,Paper Mill,27.90684,73.13918
Jodhpur Industrial Site 0078,Thermal Power Plant,26.15003,72.9443
Raipur Industrial Site 0079,Manufacturing Unit,21.13216,81.56427
Durgapur Industrial Site 0080,Industrial Estate,23.5375,87.47265
Asansol Industrial Site 0081,Power Plant,23.84028,87.10892
Gaya Industrial Site 0082,Steel Plant,24.80677,84.70658
Begusarai Industrial Site 0083,Cement Plant,25.54148,86.09829
Munger Industrial Site 0084,Refinery,25.29637,86.27816
Bokaro Industrial Site 0085,Chemical Plant,23.63402,86.06147
Faridabad Industrial Site 0086,Textile Industry,28.21801,77.20436
Gurugram Industrial Site 0087,Paper Mill,28.5082,77.03174
Noida Industrial Site 0088,Thermal Power Plant,28.47892,77.36134
Kota Industrial Site 0089,Manufacturing Unit,25.26391,75.81499
Agra Industrial Site 0090,Industrial Estate,27.49143,77.88421
Nashik Industrial Site 0091,Power Plant,19.88663,73.86931
Aurangabad Industrial Site 0092,Steel Plant,19.80439,75.42489
Thane Industrial Site 0093,Cement Plant,18.9147,72.71068
Jalandhar Industrial Site 0094,Refinery,31.52914,75.73765
Panipat Industrial Site 0095,Chemical Plant,29.45529,76.93394
Vapi Industrial Site 0096,Textile Industry,20.61392,73.03159
Delhi Industrial Site 0097,Paper Mill,28.8708,77.67093
Mumbai Industrial Site 0098,Thermal Power Plant,18.80455,72.69144
Kolkata Industrial Site 0099,Manufacturing Unit,22.64743,88.3817
Chennai Industrial Site 0100,Industrial Estate,12.88404,80.27941
Bengaluru Industrial Site 0101,Power Plant,12.93745,77.78541
Hyderabad Industrial Site 0102,Steel Plant,17.31224,78.6069
Ahmedabad Industrial Site 0103,Cement Plant,22.84258,72.72656
Pune Industrial Site 0104,Refinery,18.71563,73.90259
Jaipur Industrial Site 0105,Chemical Plant,26.71894,75.75447
Lucknow Industrial Site 0106,Textile Industry,26.90405,80.89546
Kanpur Industrial Site 0107,Paper Mill,26.50692,80.37709
Patna Industrial Site 0108,Thermal Power Plant,25.60338,84.90271
Bhopal Industrial Site 0109,Manufacturing Unit,23.34387,77.39988
Indore Industrial Site 0110,Industrial Estate,22.69688,75.78866
Nagpur Industrial Site 0111,Power Plant,20.91703,79.17025
Surat Industrial Site 0112,Steel Plant,21.09863,72.78297
Vadodara Industrial Site 0113,Cement Plant,22.28623,73.18411
Rajkot Industrial Site 0114,Refinery,22.41417,70.76629
Ranchi Industrial Site 0115,Chemical Plant,23.27368,85.42075
Jamshedpur Industrial Site 0116,Textile Industry,23.00721,86.28379
Bhubaneswar Industrial Site 0117,Paper Mill,20.42281,85.7288
Visakhapatnam Industrial Site 0118,Thermal Power Plant,17.57519,83.29435
Vijayawada Industrial Site 0119,Manufacturing Unit,16.38507,80.61858
Coimbatore Industrial Site 0120,Industrial Estate,10.71924,77.00051
Kochi Industrial Site 0121,Power Plant,10.06947,76.44374
Guwahati Industrial Site 0122,Steel Plant,26.06974,91.71423
Ludhiana Industrial Site 0123,Cement Plant,30.74939,75.8266
Amritsar Industrial Site 0124,Refinery,31.54125,74.87275
Bikaner Industrial Site 0125,Chemical Plant,27.77114,73.39044
Jodhpur Industrial Site 0126,Textile Industry,26.4499,72.71717
Raipur Industrial Site 0127,Paper Mill,21.11168,81.89181
Durgapur Industrial Site 0128,Thermal Power Plant,23.48961,87.09572
Asansol Industrial Site 0129,Manufacturing Unit,23.68522,86.95733
Gaya Industrial Site 0130,Industrial Estate,24.63357,84.9567
Begusarai Industrial Site 0131,Power Plant,25.72459,86.23015
Munger Industrial Site 0132,Steel Plant,25.15276,86.56209
Bokaro Industrial Site 0133,Cement Plant,23.42807,86.13604
Faridabad Industrial Site 0134,Refinery,28.26151,77.40978
Gurugram Industrial Site 0135,Chemical Plant,28.45016,76.76052
Noida Industrial Site 0136,Textile Industry,28.48343,77.54359
Kota Industrial Site 0137,Paper Mill,25.26288,75.79756
Agra Industrial Site 0138,Thermal Power Plant,27.33242,77.76241
Nashik Industrial Site 0139,Manufacturing Unit,19.96283,73.63156
Aurangabad Industrial Site 0140,Industrial Estate,19.8497,74.91694
Thane Industrial Site 0141,Power Plant,18.99666,73.00502
Jalandhar Industrial Site 0142,Steel Plant,31.66654,75.84887
Panipat Industrial Site 0143,Cement Plant,29.13863,77.01371
Vapi Industrial Site 0144,Refinery,20.05196,72.74447
Delhi Industrial Site 0145,Chemical Plant,28.69797,77.00665
Mumbai Industrial Site 0146,Textile Industry,19.3212,72.77317
Kolkata Industrial Site 0147,Paper Mill,22.60679,88.1246
Chennai Industrial Site 0148,Thermal Power Plant,12.97434,80.36134
Bengaluru Industrial Site 0149,Manufacturing Unit,12.95555,77.66697
Hyderabad Industrial Site 0150,Industrial Estate,17.37859,78.70901
Ahmedabad Industrial Site 0151,Power Plant,23.09663,72.56231
Pune Industrial Site 0152,Steel Plant,18.50648,73.79768
Jaipur Industrial Site 0153,Cement Plant,26.74428,75.59652
Lucknow Industrial Site 0154,Refinery,26.95847,80.83274
Kanpur Industrial Site 0155,Chemical Plant,26.36384,80.19799
Patna Industrial Site 0156,Textile Industry,25.60914,85.44651
Bhopal Industrial Site 0157,Paper Mill,23.26638,77.32013
Indore Industrial Site 0158,Thermal Power Plant,22.39271,75.76245
Nagpur Industrial Site 0159,Manufacturing Unit,21.13515,78.97703
Surat Industrial Site 0160,Industrial Estate,21.00707,72.7666
Vadodara Industrial Site 0161,Power Plant,22.36563,73.1469
Rajkot Industrial Site 0162,Steel Plant,22.2425,70.82445
Ranchi Industrial Site 0163,Cement Plant,23.43389,85.27922
Jamshedpur Industrial Site 0164,Refinery,22.87435,86.42395
Bhubaneswar Industrial Site 0165,Chemical Plant,20.28836,85.73241
Visakhapatnam Industrial Site 0166,Textile Industry,17.71778,83.4621
Vijayawada Industrial Site 0167,Paper Mill,16.4924,80.7234
Coimbatore Industrial Site 0168,Thermal Power Plant,10.8733,77.07814
Kochi Industrial Site 0169,Manufacturing Unit,10.0955,76.18333
Guwahati Industrial Site 0170,Industrial Estate,26.09522,91.78939
Ludhiana Industrial Site 0171,Power Plant,31.01285,75.77298
Amritsar Industrial Site 0172,Steel Plant,31.8334,74.78529
Bikaner Industrial Site 0173,Cement Plant,27.84796,73.23198
Jodhpur Industrial Site 0174,Refinery,26.00884,73.29245
Raipur Industrial Site 0175,Chemical Plant,21.29403,81.64327
Durgapur Industrial Site 0176,Textile Industry,23.63923,87.14514
Asansol Industrial Site 0177,Paper Mill,23.45284,86.91382
Gaya Industrial Site 0178,Thermal Power Plant,24.73392,85.0094
Begusarai Industrial Site 0179,Manufacturing Unit,25.30494,86.14145
Munger Industrial Site 0180,Industrial Estate,25.38393,86.21279
Bokaro Industrial Site 0181,Power Plant,23.79615,86.20975
Faridabad Industrial Site 0182,Steel Plant,28.52649,77.38361
Gurugram Industrial Site 0183,Cement Plant,28.69395,77.24324
Noida Industrial Site 0184,Refinery,28.58966,77.2599
Kota Industrial Site 0185,Chemical Plant,25.05319,76.06399
Agra Industrial Site 0186,Textile Industry,27.44472,77.96904
Nashik Industrial Site 0187,Paper Mill,20.22297,73.61706
Aurangabad Industrial Site 0188,Thermal Power Plant,19.98949,75.04723
Thane Industrial Site 0189,Manufacturing Unit,19.56077,73.05941
Jalandhar Industrial Site 0190,Industrial Estate,31.44082,75.71056
Panipat Industrial Site 0191,Power Plant,29.29756,76.8738
Vapi Industrial Site 0192,Steel Plant,20.32377,72.88091
Delhi Industrial Site 0193,Cement Plant,28.68578,77.27668
Mumbai Industrial Site 0194,Refinery,19.10932,72.9067
Kolkata Industrial Site 0195,Chemical Plant,22.59232,88.44088
Chennai Industrial Site 0196,Textile Industry,13.01902,80.37459
Bengaluru Industrial Site 0197,Paper Mill,12.88919,77.27655
Hyderabad Industrial Site 0198,Thermal Power Plant,17.58853,78.4759
Ahmedabad Industrial Site 0199,Manufacturing Unit,22.97902,72.34584
Pune Industrial Site 0200,Industrial Estate,18.51229,73.95821
Jaipur Industrial Site 0201,Power Plant,26.93996,75.83119
Lucknow Industrial Site 0202,Steel Plant,26.66779,80.96157
Kanpur Industrial Site 0203,Cement Plant,26.57023,80.23422
Patna Industrial Site 0204,Refinery,25.65276,85.38755
Bhopal Industrial Site 0205,Chemical Plant,23.05724,77.24131
Indore Industrial Site 0206,Textile Industry,22.90979,75.65529
Nagpur Industrial Site 0207,Paper Mill,21.23364,79.133
Surat Industrial Site 0208,Thermal Power Plant,21.25617,72.68772
Vadodara Industrial Site 0209,Manufacturing Unit,22.11195,72.88399
Rajkot Industrial Site 0210,Industrial Estate,22.30713,70.74276
Ranchi Industrial Site 0211,Power Plant,23.28496,85.33692
Jamshedpur Industrial Site 0212,Steel Plant,22.80901,86.53029
Bhubaneswar Industrial Site 0213,Cement Plant,20.51385,85.57833
Visakhapatnam Industrial Site 0214,Refinery,17.71497,83.19673
Vijayawada Industrial Site 0215,Chemical Plant,16.25426,80.31199
Coimbatore Industrial Site 0216,Textile Industry,11.04906,76.8157
Kochi Industrial Site 0217,Paper Mill,10.01432,76.17434
Guwahati Industrial Site 0218,Thermal Power Plant,26.17757,91.76217
Ludhiana Industrial Site 0219,Manufacturing Unit,30.82281,75.87511
Amritsar Industrial Site 0220,Industrial Estate,31.79142,74.98215
Bikaner Industrial Site 0221,Power Plant,28.12025,73.11068
Jodhpur Industrial Site 0222,Steel Plant,26.09623,73.0015
Raipur Industrial Site 0223,Cement Plant,21.12305,81.13315
Durgapur Industrial Site 0224,Refinery,23.47069,87.1433
Asansol Industrial Site 0225,Chemical Plant,23.69248,86.88502
Gaya Industrial Site 0226,Textile Industry,24.92801,84.88106
Begusarai Industrial Site 0227,Paper Mill,25.16816,85.97139
Munger Industrial Site 0228,Thermal Power Plant,25.30082,86.59402
Bokaro Industrial Site 0229,Manufacturing Unit,23.54656,85.99994
Faridabad Industrial Site 0230,Industrial Estate,28.46786,77.09326
Gurugram Industrial Site 0231,Power Plant,28.28133,76.8553
Noida Industrial Site 0232,Steel Plant,28.82841,77.55214
Kota Industrial Site 0233,Cement Plant,25.19589,75.92357
Agra Industrial Site 0234,Refinery,27.24841,78.1925
Nashik Industrial Site 0235,Chemical Plant,20.00578,73.65247
Aurangabad Industrial Site 0236,Textile Industry,19.75612,75.69362
Thane Industrial Site 0237,Paper Mill,19.49181,73.27079
Jalandhar Industrial Site 0238,Thermal Power Plant,31.1476,75.50965
Panipat Industrial Site 0239,Manufacturing Unit,29.70706,77.19909
Vapi Industrial Site 0240,Industrial Estate,20.80694,72.67842
Delhi Industrial Site 0241,Power Plant,28.20007,77.10446
Mumbai Industrial Site 0242,Steel Plant,19.09454,72.91793
Kolkata Industrial Site 0243,Cement Plant,22.56049,88.19346
Chennai Industrial Site 0244,Refinery,12.73364,79.88237
Bengaluru Industrial Site 0245,Chemical Plant,12.93566,77.71537
Hyderabad Industrial Site 0246,Textile Industry,17.22902,78.50601
Ahmedabad Industrial Site 0247,Paper Mill,23.1646,72.11044
Pune Industrial Site 0248,Thermal Power Plant,18.42415,73.96665
Jaipur Industrial Site 0249,Manufacturing Unit,27.12195,75.78069
Lucknow Industrial Site 0250,Industrial Estate,26.92423,81.16091
Kanpur Industrial Site 0251,Power Plant,26.14668,80.65161
Patna Industrial Site 0252,Steel Plant,25.6662,85.25774
Bhopal Industrial Site 0253,Cement Plant,23.12171,77.31859
Indore Industrial Site 0254,Refinery,23.01051,76.02529
Nagpur Industrial Site 0255,Chemical Plant,20.97013,79.31022
Surat Industrial Site 0256,Textile Industry,21.45728,72.71207
Vadodara Industrial Site 0257,Paper Mill,22.37949,73.33331
Rajkot Industrial Site 0258,Thermal Power Plant,22.29624,70.81693
Ranchi Industrial Site 0259,Manufacturing Unit,23.60588,85.40167
Jamshedpur Industrial Site 0260,Industrial Estate,22.61744,86.10826
Bhubaneswar Industrial Site 0261,Power Plant,20.23281,85.97165
Visakhapatnam Industrial Site 0262,Steel Plant,17.72005,83.34495
Vijayawada Industrial Site 0263,Cement Plant,16.51978,80.41136
Coimbatore Industrial Site 0264,Refinery,11.36669,76.50711
Kochi Industrial Site 0265,Chemical Plant,9.64975,76.6743
Guwahati Industrial Site 0266,Textile Industry,26.31404,91.75994
Ludhiana Industrial Site 0267,Paper Mill,30.79949,75.97353
Amritsar Industrial Site 0268,Thermal Power Plant,31.5369,74.76135
Bikaner Industrial Site 0269,Manufacturing Unit,27.81852,73.37693
Jodhpur Industrial Site 0270,Industrial Estate,26.02539,73.21163
Raipur Industrial Site 0271,Power Plant,21.28004,81.80919
Durgapur Industrial Site 0272,Steel Plant,23.72268,87.33453
Asansol Industrial Site 0273,Cement Plant,23.77219,87.13316
Gaya Industrial Site 0274,Refinery,24.37731,84.96937
Begusarai Industrial Site 0275,Chemical Plant,25.63808,86.05371
Munger Industrial Site 0276,Textile Industry,25.64138,86.36005
Bokaro Industrial Site 0277,Paper Mill,23.53424,86.40885
Faridabad Industrial Site 0278,Thermal Power Plant,28.36276,77.28164
Gurugram Industrial Site 0279,Manufacturing Unit,28.49754,76.88204
Noida Industrial Site 0280,Industrial Estate,28.63789,77.3733
Kota Industrial Site 0281,Power Plant,25.16077,75.93524
Agra Industrial Site 0282,Steel Plant,27.18802,78.08412
Nashik Industrial Site 0283,Cement Plant,20.1665,73.69418
Aurangabad Industrial Site 0284,Refinery,19.71136,75.43695
Thane Industrial Site 0285,Chemical Plant,19.29182,72.91394
Jalandhar Industrial Site 0286,Textile Industry,31.24372,75.70464
Panipat Industrial Site 0287,Paper Mill,29.63595,76.90433
Vapi Industrial Site 0288,Thermal Power Plant,20.42552,72.95243
Delhi Industrial Site 0289,Manufacturing Unit,28.35214,76.94985
Mumbai Industrial Site 0290,Industrial Estate,19.17535,73.11964
Kolkata Industrial Site 0291,Power Plant,22.50046,88.47319
Chennai Industrial Site 0292,Steel Plant,12.84731,80.47701
Bengaluru Industrial Site 0293,Cement Plant,13.26304,77.44249
Hyderabad Industrial Site 0294,Refinery,17.50133,78.5582
Ahmedabad Industrial Site 0295,Chemical Plant,23.20047,72.41831
Pune Industrial Site 0296,Textile Industry,18.49619,73.79409
Jaipur Industrial Site 0297,Paper Mill,27.04322,75.60717
Lucknow Industrial Site 0298,Thermal Power Plant,26.86775,80.75131
Kanpur Industrial Site 0299,Manufacturing Unit,26.36249,80.59397
Patna Industrial Site 0300,Industrial Estate,25.56863,85.16426
Bhopal Industrial Site 0301,Power Plant,23.04028,77.57381
Indore Industrial Site 0302,Steel Plant,22.5428,75.77108
Nagpur Industrial Site 0303,Cement Plant,20.84281,79.06835
Surat Industrial Site 0304,Refinery,21.16578,72.58922
Vadodara Industrial Site 0305,Chemical Plant,22.23218,73.511
Rajkot Industrial Site 0306,Textile Industry,22.27875,70.66619
Ranchi Industrial Site 0307,Paper Mill,23.43347,85.4045
Jamshedpur Industrial Site 0308,Thermal Power Plant,22.80897,86.19919
Bhubaneswar Industrial Site 0309,Manufacturing Unit,20.45088,85.91342
Visakhapatnam Industrial Site 0310,Industrial Estate,17.51122,83.19646
Vijayawada Industrial Site 0311,Power Plant,16.51797,80.84688
Coimbatore Industrial Site 0312,Steel Plant,11.04436,76.81395
Kochi Industrial Site 0313,Cement Plant,10.05587,76.30732
Guwahati Industrial Site 0314,Refinery,26.06849,91.76239
Ludhiana Industrial Site 0315,Chemical Plant,30.80292,75.51853
Amritsar Industrial Site 0316,Textile Industry,31.47708,74.86931
Bikaner Industrial Site 0317,Paper Mill,27.98055,73.22983
Jodhpur Industrial Site 0318,Thermal Power Plant,26.26059,73.38789
Raipur Industrial Site 0319,Manufacturing Unit,21.07921,81.49309
Durgapur Industrial Site 0320,Industrial Estate,23.75447,87.24422
Asansol Industrial Site 0321,Power Plant,23.6019,87.03637
Gaya Industrial Site 0322,Steel Plant,24.57637,84.96589
Begusarai Industrial Site 0323,Cement Plant,25.22736,86.20865
Munger Industrial Site 0324,Refinery,25.44578,86.20154
Bokaro Industrial Site 0325,Chemical Plant,23.37889,86.01111
Faridabad Industrial Site 0326,Textile Industry,28.26359,77.1694
Gurugram Industrial Site 0327,Paper Mill,28.41229,77.02769
Noida Industrial Site 0328,Thermal Power Plant,28.48347,77.40626
Kota Industrial Site 0329,Manufacturing Unit,25.01911,75.64854
Agra Industrial Site 0330,Industrial Estate,27.04624,78.06843
Nashik Industrial Site 0331,Power Plant,20.11568,73.9006
Aurangabad Industrial Site 0332,Steel Plant,19.55589,75.5703
Thane Industrial Site 0333,Cement Plant,19.41397,73.05626
Jalandhar Industrial Site 0334,Refinery,31.29384,75.85355
Panipat Industrial Site 0335,Chemical Plant,29.36729,77.0194
Vapi Industrial Site 0336,Textile Industry,20.16732,72.97401
Delhi Industrial Site 0337,Paper Mill,28.50031,77.30715
Mumbai Industrial Site 0338,Thermal Power Plant,19.02774,72.8088
Kolkata Industrial Site 0339,Manufacturing Unit,22.69315,88.47105
Chennai Industrial Site 0340,Industrial Estate,13.00323,80.12982
Bengaluru Industrial Site 0341,Power Plant,12.86958,77.73549
Hyderabad Industrial Site 0342,Steel Plant,17.41633,78.62886
Ahmedabad Industrial Site 0343,Cement Plant,22.95537,72.6884
Pune Industrial Site 0344,Refinery,18.4038,74.08657
Jaipur Industrial Site 0345,Chemical Plant,26.99126,75.51677
Lucknow Industrial Site 0346,Textile Industry,26.99962,80.94416
Kanpur Industrial Site 0347,Paper Mill,26.2993,80.64255
Patna Industrial Site 0348,Thermal Power Plant,25.53692,85.26804
Bhopal Industrial Site 0349,Manufacturing Unit,23.43478,77.37508
Indore Industrial Site 0350,Industrial Estate,22.77506,75.76483
Nagpur Industrial Site 0351,Power Plant,21.1561,78.99986
Surat Industrial Site 0352,Steel Plant,20.88161,72.9654
Vadodara Industrial Site 0353,Cement Plant,22.35525,73.21063
Rajkot Industrial Site 0354,Refinery,22.34492,70.98814
Ranchi Industrial Site 0355,Chemical Plant,23.19629,85.30468
Jamshedpur Industrial Site 0356,Textile Industry,22.80225,86.40656
Bhubaneswar Industrial Site 0357,Paper Mill,20.45359,85.60015
Visakhapatnam Industrial Site 0358,Thermal Power Plant,17.67937,83.4417
Vijayawada Industrial Site 0359,Manufacturing Unit,16.66234,80.71256
Coimbatore Industrial Site 0360,Industrial Estate,10.88584,76.93924
Kochi Industrial Site 0361,Power Plant,9.68696,76.3948
Guwahati Industrial Site 0362,Steel Plant,26.02363,91.74947
Ludhiana Industrial Site 0363,Cement Plant,30.88644,75.92005
Amritsar Industrial Site 0364,Refinery,31.79718,74.95426
Bikaner Industrial Site 0365,Chemical Plant,27.86296,73.43531
Jodhpur Industrial Site 0366,Textile Industry,26.15476,72.97342
Raipur Industrial Site 0367,Paper Mill,21.38501,81.40282
Durgapur Industrial Site 0368,Thermal Power Plant,23.60924,87.32651
Asansol Industrial Site 0369,Manufacturing Unit,23.59537,86.73919
Gaya Industrial Site 0370,Industrial Estate,24.56809,84.8127
Begusarai Industrial Site 0371,Power Plant,25.72408,86.09782
Munger Industrial Site 0372,Steel Plant,25.32823,86.47897
Bokaro Industrial Site 0373,Cement Plant,23.62495,86.33582
Faridabad Industrial Site 0374,Refinery,28.54149,77.27082
Gurugram Industrial Site 0375,Chemical Plant,28.65379,77.09726
Noida Industrial Site 0376,Textile Industry,28.54953,77.23205
Kota Industrial Site 0377,Paper Mill,25.19791,75.67012
Agra Industrial Site 0378,Thermal Power Plant,27.22632,78.09795
Nashik Industrial Site 0379,Manufacturing Unit,20.28729,73.73725
Aurangabad Industrial Site 0380,Industrial Estate,19.88823,75.7148
Thane Industrial Site 0381,Power Plant,19.16313,72.96088
Jalandhar Industrial Site 0382,Steel Plant,31.31707,75.40216
Panipat Industrial Site 0383,Cement Plant,29.57964,76.79134
Vapi Industrial Site 0384,Refinery,20.45303,72.83107
Delhi Industrial Site 0385,Chemical Plant,28.46449,77.14524
Mumbai Industrial Site 0386,Textile Industry,19.18347,72.97801
Kolkata Industrial Site 0387,Paper Mill,22.67434,88.27811
Chennai Industrial Site 0388,Thermal Power Plant,12.99258,80.36148
Bengaluru Industrial Site 0389,Manufacturing Unit,13.16347,77.64853
Hyderabad Industrial Site 0390,Industrial Estate,17.46562,78.53819
Ahmedabad Industrial Site 0391,Power Plant,23.12789,72.27955
Pune Industrial Site 0392,Steel Plant,18.77098,73.5463
Jaipur Industrial Site 0393,Cement Plant,27.09682,75.78692
Lucknow Industrial Site 0394,Refinery,26.63615,81.13753
Kanpur Industrial Site 0395,Chemical Plant,26.24614,80.31881
Patna Industrial Site 0396,Textile Industry,25.84971,85.27635
Bhopal Industrial Site 0397,Paper Mill,23.32045,77.58832
Indore Industrial Site 0398,Thermal Power Plant,22.69463,75.94919
Nagpur Industrial Site 0399,Manufacturing Unit,21.28653,78.83698
Surat Industrial Site 0400,Industrial Estate,21.24947,72.72047
Vadodara Industrial Site 0401,Power Plant,22.37515,73.18671
Rajkot Industrial Site 0402,Steel Plant,22.38122,70.88678
Ranchi Industrial Site 0403,Cement Plant,23.24302,85.30241
Jamshedpur Industrial Site 0404,Refinery,22.9211,86.19548
Bhubaneswar Industrial Site 0405,Chemical Plant,20.23544,85.76024
Visakhapatnam Industrial Site 0406,Textile Industry,17.59301,83.25604
Vijayawada Industrial Site 0407,Paper Mill,16.44022,80.39793
Coimbatore Industrial Site 0408,Thermal Power Plant,11.12082,76.72263
Kochi Industrial Site 0409,Manufacturing Unit,9.98854,76.44022
Guwahati Industrial Site 0410,Industrial Estate,25.85554,91.72983
Ludhiana Industrial Site 0411,Power Plant,30.88847,75.63992
Amritsar Industrial Site 0412,Steel Plant,31.45533,75.03496
Bikaner Industrial Site 0413,Cement Plant,28.00377,73.23257
Jodhpur Industrial Site 0414,Refinery,26.4372,72.64958
Raipur Industrial Site 0415,Chemical Plant,21.2507,81.37479
Durgapur Industrial Site 0416,Textile Industry,23.55549,87.16468
Asansol Industrial Site 0417,Paper Mill,23.67007,86.6571
Gaya Industrial Site 0418,Thermal Power Plant,24.96102,85.11021
Begusarai Industrial Site 0419,Manufacturing Unit,25.60276,85.83699
Munger Industrial Site 0420,Industrial Estate,25.21286,86.54393
Bokaro Industrial Site 0421,Power Plant,23.62455,86.34807
Faridabad Industrial Site 0422,Steel Plant,28.45708,77.23645
Gurugram Industrial Site 0423,Cement Plant,28.42136,77.25205
Noida Industrial Site 0424,Refinery,28.3165,77.40083
Kota Industrial Site 0425,Chemical Plant,24.90042,75.89497
Agra Industrial Site 0426,Textile Industry,26.99699,77.8692
Nashik Industrial Site 0427,Paper Mill,19.86482,73.86468
Aurangabad Industrial Site 0428,Thermal Power Plant,19.67945,75.37978
Thane Industrial Site 0429,Manufacturing Unit,19.23506,72.81085
Jalandhar Industrial Site 0430,Industrial Estate,31.58773,75.68277
Panipat Industrial Site 0431,Power Plant,29.14416,76.91582
Vapi Industrial Site 0432,Steel Plant,20.63159,72.79505
Delhi Industrial Site 0433,Cement Plant,28.50292,77.14145
Mumbai Industrial Site 0434,Refinery,18.93219,73.13527
Kolkata Industrial Site 0435,Chemical Plant,22.59948,88.40944
Chennai Industrial Site 0436,Textile Industry,13.32595,80.69784
Bengaluru Industrial Site 0437,Paper Mill,12.90237,77.57942
Hyderabad Industrial Site 0438,Thermal Power Plant,17.37318,78.78937
Ahmedabad Industrial Site 0439,Manufacturing Unit,23.13122,72.35177
Pune Industrial Site 0440,Industrial Estate,18.73459,73.67499
Jaipur Industrial Site 0441,Power Plant,26.95525,75.70647
Lucknow Industrial Site 0442,Steel Plant,26.91404,80.77044
Kanpur Industrial Site 0443,Cement Plant,26.30955,80.2309
Patna Industrial Site 0444,Refinery,25.93024,85.16774
Bhopal Industrial Site 0445,Chemical Plant,23.35343,77.61029
Indore Industrial Site 0446,Textile Industry,22.8702,75.86861
Nagpur Industrial Site 0447,Paper Mill,21.1146,79.1338
Surat Industrial Site 0448,Thermal Power Plant,20.97456,72.83314
Vadodara Industrial Site 0449,Manufacturing Unit,22.36397,73.4418
Rajkot Industrial Site 0450,Industrial Estate,22.25504,70.71692
Ranchi Industrial Site 0451,Power Plant,23.61767,85.15615
Jamshedpur Industrial Site 0452,Steel Plant,22.89533,86.11926
Bhubaneswar Industrial Site 0453,Cement Plant,20.08464,85.66173
Visakhapatnam Industrial Site 0454,Refinery,17.83038,83.34204
Vijayawada Industrial Site 0455,Chemical Plant,16.57108,80.46392
Coimbatore Industrial Site 0456,Textile Industry,11.07743,76.93949
Kochi Industrial Site 0457,Paper Mill,9.78816,76.38791
Guwahati Industrial Site 0458,Thermal Power Plant,26.0609,91.63798
Ludhiana Industrial Site 0459,Manufacturing Unit,31.14396,76.01747
Amritsar Industrial Site 0460,Industrial Estate,31.61112,74.87997
Bikaner Industrial Site 0461,Power Plant,28.29026,73.39325
Jodhpur Industrial Site 0462,Steel Plant,26.4379,72.81456
Raipur Industrial Site 0463,Cement Plant,21.26663,81.53191
Durgapur Industrial Site 0464,Refinery,23.47646,87.3657
Asansol Industrial Site 0465,Chemical Plant,23.46888,86.97991
Gaya Industrial Site 0466,Textile Industry,24.76565,84.77344
Begusarai Industrial Site 0467,Paper Mill,25.56891,86.29811
Munger Industrial Site 0468,Thermal Power Plant,25.49913,86.35565
Bokaro Industrial Site 0469,Manufacturing Unit,23.39085,86.19528
Faridabad Industrial Site 0470,Industrial Estate,28.43997,77.64707
Gurugram Industrial Site 0471,Power Plant,28.73192,77.0201
Noida Industrial Site 0472,Steel Plant,28.42456,77.66182
Kota Industrial Site 0473,Cement Plant,25.2363,75.95306
Agra Industrial Site 0474,Refinery,27.23569,77.87629
Nashik Industrial Site 0475,Chemical Plant,20.21144,73.62237
Aurangabad Industrial Site 0476,Textile Industry,19.93669,75.36712
Thane Industrial Site 0477,Paper Mill,19.24201,72.85605
Jalandhar Industrial Site 0478,Thermal Power Plant,31.28506,75.75558
Panipat Industrial Site 0479,Manufacturing Unit,29.32148,76.95021
Vapi Industrial Site 0480,Industrial Estate,20.30069,72.80404
Delhi Industrial Site 0481,Power Plant,28.81325,77.34689
Mumbai Industrial Site 0482,Steel Plant,18.85717,72.9128
Kolkata Industrial Site 0483,Cement Plant,22.46984,88.41027
Chennai Industrial Site 0484,Refinery,13.32386,79.96807
Bengaluru Industrial Site 0485,Chemical Plant,12.86781,77.72908
Hyderabad Industrial Site 0486,Textile Industry,17.62857,78.1333
Ahmedabad Industrial Site 0487,Paper Mill,22.72379,72.53513
Pune Industrial Site 0488,Thermal Power Plant,18.3081,73.56161
Jaipur Industrial Site 0489,Manufacturing Unit,26.57107,75.85722
Lucknow Industrial Site 0490,Industrial Estate,26.61248,81.02506
Kanpur Industrial Site 0491,Power Plant,26.62798,80.34797
Patna Industrial Site 0492,Steel Plant,25.67752,84.83186
Bhopal Industrial Site 0493,Cement Plant,23.31766,77.39913
Indore Industrial Site 0494,Refinery,22.45138,75.94064
Nagpur Industrial Site 0495,Chemical Plant,21.09914,78.97769
Surat Industrial Site 0496,Textile Industry,21.25172,72.92548
Vadodara Industrial Site 0497,Paper Mill,22.31131,72.93578
Rajkot Industrial Site 0498,Thermal Power Plant,22.47435,70.82063
Ranchi Industrial Site 0499,Manufacturing Unit,23.47649,85.39667
Jamshedpur Industrial Site 0500,Industrial Estate,22.82013,86.16827
Bhubaneswar Industrial Site 0501,Power Plant,20.34581,85.67901
Visakhapatnam Industrial Site 0502,Steel Plant,17.81754,83.13468
Vijayawada Industrial Site 0503,Cement Plant,16.33284,80.85512
Coimbatore Industrial Site 0504,Refinery,10.96523,76.8578
Kochi Industrial Site 0505,Chemical Plant,9.93802,76.07545
Guwahati Industrial Site 0506,Textile Industry,26.42472,91.78728
Ludhiana Industrial Site 0507,Paper Mill,30.672,75.83221
Amritsar Industrial Site 0508,Thermal Power Plant,31.40881,74.50021
Bikaner Industrial Site 0509,Manufacturing Unit,27.9812,73.11082
Jodhpur Industrial Site 0510,Industrial Estate,26.26011,72.93261
Raipur Industrial Site 0511,Power Plant,21.11182,81.69746
Durgapur Industrial Site 0512,Steel Plant,23.62725,87.3762
Asansol Industrial Site 0513,Cement Plant,23.76285,86.95722
Gaya Industrial Site 0514,Refinery,24.75347,85.14829
Begusarai Industrial Site 0515,Chemical Plant,25.35392,86.07712
Munger Industrial Site 0516,Textile Industry,25.34066,86.59629
Bokaro Industrial Site 0517,Paper Mill,23.64292,86.14896
Faridabad Industrial Site 0518,Thermal Power Plant,28.25738,77.55559
Gurugram Industrial Site 0519,Manufacturing Unit,28.55797,77.05303
Noida Industrial Site 0520,Industrial Estate,28.3802,77.34677
Kota Industrial Site 0521,Power Plant,25.3618,76.15371
Agra Industrial Site 0522,Steel Plant,27.40372,77.97692
Nashik Industrial Site 0523,Cement Plant,20.16159,73.83077
Aurangabad Industrial Site 0524,Refinery,19.99357,75.39549
Thane Industrial Site 0525,Chemical Plant,19.31552,73.22477
Jalandhar Industrial Site 0526,Textile Industry,31.25852,75.48647
Panipat Industrial Site 0527,Paper Mill,29.57156,77.06123
Vapi Industrial Site 0528,Thermal Power Plant,20.32335,73.00138
Delhi Industrial Site 0529,Manufacturing Unit,28.59106,77.14858
Mumbai Industrial Site 0530,Industrial Estate,19.17615,73.05775
Kolkata Industrial Site 0531,Power Plant,22.46034,88.04905
Chennai Industrial Site 0532,Steel Plant,13.1265,80.36788
Bengaluru Industrial Site 0533,Cement Plant,12.96322,77.60646
Hyderabad Industrial Site 0534,Refinery,17.35278,78.3579
Ahmedabad Industrial Site 0535,Chemical Plant,23.14117,72.6984
Pune Industrial Site 0536,Textile Industry,18.58885,73.82593
Jaipur Industrial Site 0537,Paper Mill,26.7609,75.48303
Lucknow Industrial Site 0538,Thermal Power Plant,26.96011,81.12328
Kanpur Industrial Site 0539,Manufacturing Unit,26.59303,80.30733
Patna Industrial Site 0540,Industrial Estate,25.92062,84.81709
Bhopal Industrial Site 0541,Power Plant,23.1593,77.44858
Indore Industrial Site 0542,Steel Plant,22.82656,75.95957
Nagpur Industrial Site 0543,Cement Plant,21.12157,79.20117
Surat Industrial Site 0544,Refinery,21.22877,72.52432
Vadodara Industrial Site 0545,Chemical Plant,22.09495,73.35304
Rajkot Industrial Site 0546,Textile Industry,22.41265,70.67904
Ranchi Industrial Site 0547,Paper Mill,23.34164,85.24824
Jamshedpur Industrial Site 0548,Thermal Power Plant,22.55846,86.42562
Bhubaneswar Industrial Site 0549,Manufacturing Unit,20.3426,85.51895
Visakhapatnam Industrial Site 0550,Industrial Estate,17.76615,83.24287
Vijayawada Industrial Site 0551,Power Plant,16.33409,80.63187
Coimbatore Industrial Site 0552,Steel Plant,11.09892,76.93362
Kochi Industrial Site 0553,Cement Plant,9.75474,75.99769
Guwahati Industrial Site 0554,Refinery,26.07065,91.3988
Ludhiana Industrial Site 0555,Chemical Plant,31.22435,76.03704
Amritsar Industrial Site 0556,Textile Industry,31.60645,74.72834
Bikaner Industrial Site 0557,Paper Mill,28.07243,72.9779
Jodhpur Industrial Site 0558,Thermal Power Plant,26.05035,72.85603
Raipur Industrial Site 0559,Manufacturing Unit,21.27192,81.3669
Durgapur Industrial Site 0560,Industrial Estate,23.58724,87.33468
Asansol Industrial Site 0561,Power Plant,23.8,86.76961
Gaya Industrial Site 0562,Steel Plant,24.81702,84.93002
Begusarai Industrial Site 0563,Cement Plant,25.49841,86.22277
Munger Industrial Site 0564,Refinery,25.53869,86.58537
Bokaro Industrial Site 0565,Chemical Plant,23.75164,86.37284
Faridabad Industrial Site 0566,Textile Industry,28.60706,77.12101
Gurugram Industrial Site 0567,Paper Mill,28.49902,76.72389
Noida Industrial Site 0568,Thermal Power Plant,28.48488,77.22475
Kota Industrial Site 0569,Manufacturing Unit,24.91111,75.81195
Agra Industrial Site 0570,Industrial Estate,27.26376,77.73343
Nashik Industrial Site 0571,Power Plant,19.95463,73.88978
Aurangabad Industrial Site 0572,Steel Plant,19.80351,75.40054
Thane Industrial Site 0573,Cement Plant,19.40752,72.89989
Jalandhar Industrial Site 0574,Refinery,31.22569,75.38026
Panipat Industrial Site 0575,Chemical Plant,29.63727,77.06336
Vapi Industrial Site 0576,Textile Industry,20.39966,72.99636
Delhi Industrial Site 0577,Paper Mill,28.60211,76.97411
Mumbai Industrial Site 0578,Thermal Power Plant,18.82405,73.24939
Kolkata Industrial Site 0579,Manufacturing Unit,22.69169,88.52316
Chennai Industrial Site 0580,Industrial Estate,12.85548,80.08721
Bengaluru Industrial Site 0581,Power Plant,12.89847,77.36939
Hyderabad Industrial Site 0582,Steel Plant,17.25094,78.56013
Ahmedabad Industrial Site 0583,Cement Plant,23.26939,72.216
Pune Industrial Site 0584,Refinery,18.60541,73.59161
Jaipur Industrial Site 0585,Chemical Plant,27.0253,75.4379
Lucknow Industrial Site 0586,Textile Industry,27.08229,80.71651
Kanpur Industrial Site 0587,Paper Mill,26.31261,80.26718
Patna Industrial Site 0588,Thermal Power Plant,25.76825,85.12567
Bhopal Industrial Site 0589,Manufacturing Unit,23.34349,77.4444
Indore Industrial Site 0590,Industrial Estate,22.58262,75.82394
Nagpur Industrial Site 0591,Power Plant,21.15068,79.00955
Surat Industrial Site 0592,Steel Plant,21.29529,72.89363
Vadodara Industrial Site 0593,Cement Plant,22.05104,73.17162
Rajkot Industrial Site 0594,Refinery,22.40668,70.84263
Ranchi Industrial Site 0595,Chemical Plant,23.5493,85.07149
Jamshedpur Industrial Site 0596,Textile Industry,22.60089,86.40559
Bhubaneswar Industrial Site 0597,Paper Mill,20.21587,85.56327
Visakhapatnam Industrial Site 0598,Thermal Power Plant,17.8122,83.13897
Vijayawada Industrial Site 0599,Manufacturing Unit,16.675,80.96409
Coimbatore Industrial Site 0600,Industrial Estate,11.07328,76.91922
Kochi Industrial Site 0601,Power Plant,10.08775,76.34965
Guwahati Industrial Site 0602,Steel Plant,26.06075,91.67489
Ludhiana Industrial Site 0603,Cement Plant,30.63472,75.91025
Amritsar Industrial Site 0604,Refinery,31.93305,74.84098
Bikaner Industrial Site 0605,Chemical Plant,28.18615,73.55432
Jodhpur Industrial Site 0606,Textile Industry,26.19585,73.00089
Raipur Industrial Site 0607,Paper Mill,21.32243,81.6211
Durgapur Industrial Site 0608,Thermal Power Plant,23.59693,87.4599
Asansol Industrial Site 0609,Manufacturing Unit,23.97293,86.98324
Gaya Industrial Site 0610,Industrial Estate,24.70531,85.001
Begusarai Industrial Site 0611,Power Plant,25.27512,86.4201
Munger Industrial Site 0612,Steel Plant,25.41355,86.37603
Bokaro Industrial Site 0613,Cement Plant,23.64718,85.91833
Faridabad Industrial Site 0614,Refinery,28.34966,77.23178
Gurugram Industrial Site 0615,Chemical Plant,28.41368,77.34325
Noida Industrial Site 0616,Textile Industry,28.66164,77.34998
Kota Industrial Site 0617,Paper Mill,25.44091,75.78574
Agra Industrial Site 0618,Thermal Power Plant,27.10744,78.0473
Nashik Industrial Site 0619,Manufacturing Unit,20.05537,74.11268
Aurangabad Industrial Site 0620,Industrial Estate,19.59112,75.23226
Thane Industrial Site 0621,Power Plant,19.07791,72.78191
Jalandhar Industrial Site 0622,Steel Plant,31.39052,75.3094
Panipat Industrial Site 0623,Cement Plant,29.37723,77.18877
Vapi Industrial Site 0624,Refinery,20.12741,72.70139
Delhi Industrial Site 0625,Chemical Plant,28.58227,77.00968
Mumbai Industrial Site 0626,Textile Industry,19.54429,73.16149
Kolkata Industrial Site 0627,Paper Mill,22.43635,88.03086
Chennai Industrial Site 0628,Thermal Power Plant,13.13367,79.92715
Bengaluru Industrial Site 0629,Manufacturing Unit,13.26145,77.58238
Hyderabad Industrial Site 0630,Industrial Estate,17.20542,78.55253
Ahmedabad Industrial Site 0631,Power Plant,23.37776,72.67046
Pune Industrial Site 0632,Steel Plant,18.84083,73.88362
Jaipur Industrial Site 0633,Cement Plant,26.70798,75.78276
Lucknow Industrial Site 0634,Refinery,26.86205,80.92716
Kanpur Industrial Site 0635,Chemical Plant,26.61986,80.19012
Patna Industrial Site 0636,Textile Industry,25.7304,85.14366
Bhopal Industrial Site 0637,Paper Mill,23.34962,77.28521
Indore Industrial Site 0638,Thermal Power Plant,22.55314,75.99687
Nagpur Industrial Site 0639,Manufacturing Unit,21.09588,78.99132
Surat Industrial Site 0640,Industrial Estate,20.90183,72.86469
Vadodara Industrial Site 0641,Power Plant,22.39285,73.05823
Rajkot Industrial Site 0642,Steel Plant,22.15129,70.81652
Ranchi Industrial Site 0643,Cement Plant,23.16062,85.4108
Jamshedpur Industrial Site 0644,Refinery,22.88331,86.16106
Bhubaneswar Industrial Site 0645,Chemical Plant,20.33391,85.80186
Visakhapatnam Industrial Site 0646,Textile Industry,17.72127,83.2808
Vijayawada Industrial Site 0647,Paper Mill,16.43474,80.57077
Coimbatore Industrial Site 0648,Thermal Power Plant,11.01952,77.04323
Kochi Industrial Site 0649,Manufacturing Unit,10.18158,76.41047
Guwahati Industrial Site 0650,Industrial Estate,25.79065,91.7343
Ludhiana Industrial Site 0651,Power Plant,31.00402,75.83416
Amritsar Industrial Site 0652,Steel Plant,31.79082,74.79259
Bikaner Industrial Site 0653,Cement Plant,28.30332,73.22312
Jodhpur Industrial Site 0654,Refinery,26.07295,72.91813
Raipur Industrial Site 0655,Chemical Plant,21.14368,81.84274
Durgapur Industrial Site 0656,Textile Industry,23.36525,87.06832
Asansol Industrial Site 0657,Paper Mill,23.39971,87.02737
Gaya Industrial Site 0658,Thermal Power Plant,25.07092,85.30765
Begusarai Industrial Site 0659,Manufacturing Unit,25.50067,86.30457
Munger Industrial Site 0660,Industrial Estate,25.33938,86.33427
Bokaro Industrial Site 0661,Power Plant,23.83888,85.98761
Faridabad Industrial Site 0662,Steel Plant,28.75707,77.05113
Gurugram Industrial Site 0663,Cement Plant,28.37324,77.07382
Noida Industrial Site 0664,Refinery,28.43928,77.17707
Kota Industrial Site 0665,Chemical Plant,25.19866,75.7875
Agra Industrial Site 0666,Textile Industry,27.45005,77.85143
Nashik Industrial Site 0667,Paper Mill,19.59209,73.86651
Aurangabad Industrial Site 0668,Thermal Power Plant,20.02307,75.42143
Thane Industrial Site 0669,Manufacturing Unit,19.06216,73.07066
Jalandhar Industrial Site 0670,Industrial Estate,31.32246,75.6085
Panipat Industrial Site 0671,Power Plant,29.14788,76.82489
Vapi Industrial Site 0672,Steel Plant,20.13248,72.96611
Delhi Industrial Site 0673,Cement Plant,28.66712,77.42636
Mumbai Industrial Site 0674,Refinery,18.89532,72.86796
Kolkata Industrial Site 0675,Chemical Plant,22.5992,88.5738
Chennai Industrial Site 0676,Textile Industry,13.01327,80.16664
Bengaluru Industrial Site 0677,Paper Mill,12.87259,77.61088
Hyderabad Industrial Site 0678,Thermal Power Plant,17.46688,78.32196
Ahmedabad Industrial Site 0679,Manufacturing Unit,23.06845,72.71212
Pune Industrial Site 0680,Industrial Estate,18.40399,73.70039
Jaipur Industrial Site 0681,Power Plant,26.63643,75.72249
Lucknow Industrial Site 0682,Steel Plant,26.8125,81.07798
Kanpur Industrial Site 0683,Cement Plant,26.32669,80.36263
Patna Industrial Site 0684,Refinery,25.29338,85.15088
Bhopal Industrial Site 0685,Chemical Plant,23.37262,77.38913
Indore Industrial Site 0686,Textile Industry,22.51995,75.87866
Nagpur Industrial Site 0687,Paper Mill,21.17013,78.9885
Surat Industrial Site 0688,Thermal Power Plant,21.18583,72.80331
Vadodara Industrial Site 0689,Manufacturing Unit,22.48388,73.09559
Rajkot Industrial Site 0690,Industrial Estate,22.16442,70.77588
Ranchi Industrial Site 0691,Power Plant,23.5448,85.07949
Jamshedpur Industrial Site 0692,Steel Plant,22.80697,86.40087
Bhubaneswar Industrial Site 0693,Cement Plant,20.22819,85.93361
Visakhapatnam Industrial Site 0694,Refinery,17.58145,83.19189
Vijayawada Industrial Site 0695,Chemical Plant,16.51274,80.80401
Coimbatore Industrial Site 0696,Textile Industry,11.00098,77.11473
Kochi Industrial Site 0697,Paper Mill,9.65478,76.24367
Guwahati Industrial Site 0698,Thermal Power Plant,26.4293,91.80786
Ludhiana Industrial Site 0699,Manufacturing Unit,31.04678,75.86371
Amritsar Industrial Site 0700,Industrial Estate,31.8291,74.74562
Bikaner Industrial Site 0701,Power Plant,28.14293,73.37625
Jodhpur Industrial Site 0702,Steel Plant,26.00212,72.75782
Raipur Industrial Site 0703,Cement Plant,21.37694,81.33511
Durgapur Industrial Site 0704,Refinery,23.65788,87.29585
Asansol Industrial Site 0705,Chemical Plant,23.91151,87.05737
Gaya Industrial Site 0706,Textile Industry,24.69636,85.07473
Begusarai Industrial Site 0707,Paper Mill,25.28163,86.15746
Munger Industrial Site 0708,Thermal Power Plant,25.28545,86.80291
Bokaro Industrial Site 0709,Manufacturing Unit,23.60935,86.21581
Faridabad Industrial Site 0710,Industrial Estate,28.57922,77.57511
Gurugram Industrial Site 0711,Power Plant,28.25793,76.99468
Noida Industrial Site 0712,Steel Plant,28.46764,77.24325
Kota Industrial Site 0713,Cement Plant,25.22904,75.92677
Agra Industrial Site 0714,Refinery,27.16269,78.11844
Nashik Industrial Site 0715,Chemical Plant,19.76428,73.70577
Aurangabad Industrial Site 0716,Textile Industry,19.86534,75.29048
Thane Industrial Site 0717,Paper Mill,19.33372,72.95572
Jalandhar Industrial Site 0718,Thermal Power Plant,31.276,75.60766
Panipat Industrial Site 0719,Manufacturing Unit,29.49372,77.10112
Vapi Industrial Site 0720,Industrial Estate,19.98043,73.31832
Delhi Industrial Site 0721,Power Plant,28.80974,77.16488
Mumbai Industrial Site 0722,Steel Plant,18.80006,72.69448
Kolkata Industrial Site 0723,Cement Plant,22.70935,88.677
Chennai Industrial Site 0724,Refinery,13.19735,80.32948
Bengaluru Industrial Site 0725,Chemical Plant,12.83481,77.443
Hyderabad Industrial Site 0726,Textile Industry,17.3524,78.48279
Ahmedabad Industrial Site 0727,Paper Mill,23.0579,72.80302
Pune Industrial Site 0728,Thermal Power Plant,18.6965,73.90891
Jaipur Industrial Site 0729,Manufacturing Unit,26.71587,75.59928
Lucknow Industrial Site 0730,Industrial Estate,26.88437,80.95057
Kanpur Industrial Site 0731,Power Plant,26.8597,80.41174
Patna Industrial Site 0732,Steel Plant,25.63447,85.24885
Bhopal Industrial Site 0733,Cement Plant,23.30376,77.21957
Indore Industrial Site 0734,Refinery,22.82313,75.98077
Nagpur Industrial Site 0735,Chemical Plant,21.09887,79.03424
Surat Industrial Site 0736,Textile Industry,20.82481,72.9597
Vadodara Industrial Site 0737,Paper Mill,22.36085,73.16958
Rajkot Industrial Site 0738,Thermal Power Plant,22.42642,70.66707
Ranchi Industrial Site 0739,Manufacturing Unit,23.24179,84.98602
Jamshedpur Industrial Site 0740,Industrial Estate,22.71596,86.2425
Bhubaneswar Industrial Site 0741,Power Plant,19.95674,85.59831
Visakhapatnam Industrial Site 0742,Steel Plant,17.62574,83.21464
Vijayawada Industrial Site 0743,Cement Plant,16.4226,80.67786
Coimbatore Industrial Site 0744,Refinery,10.76777,77.17858
Kochi Industrial Site 0745,Chemical Plant,9.80704,75.99291
Guwahati Industrial Site 0746,Textile Industry,26.05009,92.01779
Ludhiana Industrial Site 0747,Paper Mill,30.94258,76.01087
Amritsar Industrial Site 0748,Thermal Power Plant,32.03302,74.81119
Bikaner Industrial Site 0749,Manufacturing Unit,27.95169,73.27647
Jodhpur Industrial Site 0750,Industrial Estate,26.35226,73.0043
Raipur Industrial Site 0751,Power Plant,21.35278,81.62181
Durgapur Industrial Site 0752,Steel Plant,23.54387,87.31118
Asansol Industrial Site 0753,Cement Plant,23.39586,86.97755
Gaya Industrial Site 0754,Refinery,24.95142,84.79611
Begusarai Industrial Site 0755,Chemical Plant,25.25823,86.20651
Munger Industrial Site 0756,Textile Industry,25.38461,86.47565
Bokaro Industrial Site 0757,Paper Mill,23.37136,86.26192
Faridabad Industrial Site 0758,Thermal Power Plant,28.51702,77.23293
Gurugram Industrial Site 0759,Manufacturing Unit,28.50668,77.23372
Noida Industrial Site 0760,Industrial Estate,28.75065,77.28841
Kota Industrial Site 0761,Power Plant,25.2524,75.83054
Agra Industrial Site 0762,Steel Plant,27.04875,77.98698
Nashik Industrial Site 0763,Cement Plant,19.68714,74.14279
Aurangabad Industrial Site 0764,Refinery,20.24963,75.16806
Thane Industrial Site 0765,Chemical Plant,19.26439,73.09651
Jalandhar Industrial Site 0766,Textile Industry,31.23231,75.44939
Panipat Industrial Site 0767,Paper Mill,29.28294,76.91339
Vapi Industrial Site 0768,Thermal Power Plant,20.2699,72.84085
Delhi Industrial Site 0769,Manufacturing Unit,28.62559,77.131
Mumbai Industrial Site 0770,Industrial Estate,19.30835,72.70662
Kolkata Industrial Site 0771,Power Plant,22.48444,88.3794
Chennai Industrial Site 0772,Steel Plant,13.13425,80.23145
Bengaluru Industrial Site 0773,Cement Plant,12.75151,77.36863
Hyderabad Industrial Site 0774,Refinery,17.71558,78.34533
Ahmedabad Industrial Site 0775,Chemical Plant,22.8709,72.52335
Pune Industrial Site 0776,Textile Industry,18.45122,73.85512
Jaipur Industrial Site 0777,Paper Mill,26.72376,75.55779
Lucknow Industrial Site 0778,Thermal Power Plant,26.75918,80.78879
Kanpur Industrial Site 0779,Manufacturing Unit,26.21412,80.34657
Patna Industrial Site 0780,Industrial Estate,25.44336,85.28289
Bhopal Industrial Site 0781,Power Plant,23.49832,77.34399
Indore Industrial Site 0782,Steel Plant,22.81629,75.81784
Nagpur Industrial Site 0783,Cement Plant,21.03344,79.3558
Surat Industrial Site 0784,Refinery,21.15518,72.63933
Vadodara Industrial Site 0785,Chemical Plant,22.25993,73.11049
Rajkot Industrial Site 0786,Textile Industry,22.15053,70.77107
Ranchi Industrial Site 0787,Paper Mill,23.38406,85.19126
Jamshedpur Industrial Site 0788,Thermal Power Plant,22.65172,86.14287
Bhubaneswar Industrial Site 0789,Manufacturing Unit,20.13434,85.9776
Visakhapatnam Industrial Site 0790,Industrial Estate,17.66973,83.16882
Vijayawada Industrial Site 0791,Power Plant,16.29569,80.5749
Coimbatore Industrial Site 0792,Steel Plant,11.0787,76.99601
Kochi Industrial Site 0793,Cement Plant,10.21255,76.3165
Guwahati Industrial Site 0794,Refinery,26.05006,91.68533
Ludhiana Industrial Site 0795,Chemical Plant,30.64189,75.35156
Amritsar Industrial Site 0796,Textile Industry,31.50159,74.84464
Bikaner Industrial Site 0797,Paper Mill,28.15547,73.40267
Jodhpur Industrial Site 0798,Thermal Power Plant,26.17155,73.04676
Raipur Industrial Site 0799,Manufacturing Unit,21.31437,81.49175
Durgapur Industrial Site 0800,Industrial Estate,23.45678,87.29584
Asansol Industrial Site 0801,Power Plant,23.69284,86.86423
Gaya Industrial Site 0802,Steel Plant,25.08707,85.1316
Begusarai Industrial Site 0803,Cement Plant,25.35091,86.19868
Munger Industrial Site 0804,Refinery,25.32556,86.67544
Bokaro Industrial Site 0805,Chemical Plant,23.94529,86.03778
Faridabad Industrial Site 0806,Textile Industry,28.26721,77.33067
Gurugram Industrial Site 0807,Paper Mill,28.74076,77.25654
Noida Industrial Site 0808,Thermal Power Plant,28.346,77.18192
Kota Industrial Site 0809,Manufacturing Unit,25.15659,75.85396
Agra Industrial Site 0810,Industrial Estate,27.36269,78.092
Nashik Industrial Site 0811,Power Plant,20.17455,73.56177
Aurangabad Industrial Site 0812,Steel Plant,19.65146,75.06587
Thane Industrial Site 0813,Cement Plant,19.42336,72.80881
Jalandhar Industrial Site 0814,Refinery,31.16195,75.65174
Panipat Industrial Site 0815,Chemical Plant,29.57712,77.07745
Vapi Industrial Site 0816,Textile Industry,20.68006,73.2089
Delhi Industrial Site 0817,Paper Mill,28.61074,77.17479
Mumbai Industrial Site 0818,Thermal Power Plant,19.13319,72.84289
Kolkata Industrial Site 0819,Manufacturing Unit,22.48871,88.55629
Chennai Industrial Site 0820,Industrial Estate,13.26806,80.3547
Bengaluru Industrial Site 0821,Power Plant,12.86516,77.71956
Hyderabad Industrial Site 0822,Steel Plant,17.68509,78.55331
Ahmedabad Industrial Site 0823,Cement Plant,22.84388,72.46767
Pune Industrial Site 0824,Refinery,18.31989,73.91971
Jaipur Industrial Site 0825,Chemical Plant,26.93143,75.89666
Lucknow Industrial Site 0826,Textile Industry,27.05009,80.79581
Kanpur Industrial Site 0827,Paper Mill,26.57655,80.49372
Patna Industrial Site 0828,Thermal Power Plant,25.44584,85.10934
Bhopal Industrial Site 0829,Manufacturing Unit,23.08699,77.21014
Indore Industrial Site 0830,Industrial Estate,22.67978,76.04529
Nagpur Industrial Site 0831,Power Plant,21.05187,79.21679
Surat Industrial Site 0832,Steel Plant,21.18689,73.16248
Vadodara Industrial Site 0833,Cement Plant,22.37773,73.12931
Rajkot Industrial Site 0834,Refinery,22.4725,70.56282
Ranchi Industrial Site 0835,Chemical Plant,23.49076,85.14287
Jamshedpur Industrial Site 0836,Textile Industry,23.02887,86.31745
Bhubaneswar Industrial Site 0837,Paper Mill,20.40403,86.25611
Visakhapatnam Industrial Site 0838,Thermal Power Plant,17.64394,83.13654
Vijayawada Industrial Site 0839,Manufacturing Unit,16.86421,80.22189
Coimbatore Industrial Site 0840,Industrial Estate,11.10727,77.29922
Kochi Industrial Site 0841,Power Plant,9.92536,76.38652
Guwahati Industrial Site 0842,Steel Plant,26.0233,91.66743
Ludhiana Industrial Site 0843,Cement Plant,31.08971,75.86936
Amritsar Industrial Site 0844,Refinery,31.83862,74.62549
Bikaner Industrial Site 0845,Chemical Plant,28.27847,73.30597
Jodhpur Industrial Site 0846,Textile Industry,26.29618,72.88331
Raipur Industrial Site 0847,Paper Mill,21.01436,81.49025
Durgapur Industrial Site 0848,Thermal Power Plant,23.66391,87.10457
Asansol Industrial Site 0849,Manufacturing Unit,23.75144,86.71976
Gaya Industrial Site 0850,Industrial Estate,24.80314,85.27944
Begusarai Industrial Site 0851,Power Plant,25.55574,86.37006
Munger Industrial Site 0852,Steel Plant,25.48729,86.7553
Bokaro Industrial Site 0853,Cement Plant,23.58787,86.51376
Faridabad Industrial Site 0854,Refinery,28.51705,77.50908
Gurugram Industrial Site 0855,Chemical Plant,28.33705,77.0395
Noida Industrial Site 0856,Textile Industry,28.52733,77.51824
Kota Industrial Site 0857,Paper Mill,25.22183,75.79931
Agra Industrial Site 0858,Thermal Power Plant,27.32336,78.04242
Nashik Industrial Site 0859,Manufacturing Unit,20.05081,73.88096
Aurangabad Industrial Site 0860,Industrial Estate,19.77436,75.46514
Thane Industrial Site 0861,Power Plant,19.26335,72.88153
Jalandhar Industrial Site 0862,Steel Plant,30.96347,75.3919
Panipat Industrial Site 0863,Cement Plant,29.20469,77.01362
Vapi Industrial Site 0864,Refinery,20.23044,73.06538
Delhi Industrial Site 0865,Chemical Plant,28.5428,77.12154
Mumbai Industrial Site 0866,Textile Industry,19.06705,72.77798
Kolkata Industrial Site 0867,Paper Mill,22.55341,88.26921
Chennai Industrial Site 0868,Thermal Power Plant,12.87091,80.54109
Bengaluru Industrial Site 0869,Manufacturing Unit,12.86083,77.55787
Hyderabad Industrial Site 0870,Industrial Estate,17.36096,78.40303
Ahmedabad Industrial Site 0871,Power Plant,23.17851,72.43726
Pune Industrial Site 0872,Steel Plant,18.62244,73.98235
Jaipur Industrial Site 0873,Cement Plant,26.85649,75.96997
Lucknow Industrial Site 0874,Refinery,26.95348,80.98422
Kanpur Industrial Site 0875,Chemical Plant,26.06662,80.45066
Patna Industrial Site 0876,Textile Industry,25.75585,85.06294
Bhopal Industrial Site 0877,Paper Mill,23.09079,77.46588
Indore Industrial Site 0878,Thermal Power Plant,22.65817,75.76844
Nagpur Industrial Site 0879,Manufacturing Unit,21.06552,78.93747
Surat Industrial Site 0880,Industrial Estate,21.33797,73.14416
Vadodara Industrial Site 0881,Power Plant,22.14914,73.22053
Rajkot Industrial Site 0882,Steel Plant,22.08115,71.19939
Ranchi Industrial Site 0883,Cement Plant,23.2532,85.02625
Jamshedpur Industrial Site 0884,Refinery,22.86254,86.15845
Bhubaneswar Industrial Site 0885,Chemical Plant,20.08613,85.71239
Visakhapatnam Industrial Site 0886,Textile Industry,17.84778,83.28647
Vijayawada Industrial Site 0887,Paper Mill,16.67569,80.92516
Coimbatore Industrial Site 0888,Thermal Power Plant,10.93636,76.89817
Kochi Industrial Site 0889,Manufacturing Unit,9.94034,76.32366
Guwahati Industrial Site 0890,Industrial Estate,25.66532,91.98177
Ludhiana Industrial Site 0891,Power Plant,30.91687,75.87634
Amritsar Industrial Site 0892,Steel Plant,31.55143,74.56312
Bikaner Industrial Site 0893,Cement Plant,28.2316,73.31081
Jodhpur Industrial Site 0894,Refinery,26.30682,73.28343
Raipur Industrial Site 0895,Chemical Plant,21.14731,81.69399
Durgapur Industrial Site 0896,Textile Industry,23.6608,87.49112
Asansol Industrial Site 0897,Paper Mill,23.66866,86.32687
Gaya Industrial Site 0898,Thermal Power Plant,24.62849,85.09411
Begusarai Industrial Site 0899,Manufacturing Unit,25.49188,86.40104
Munger Industrial Site 0900,Industrial Estate,25.30041,86.14079
Bokaro Industrial Site 0901,Power Plant,23.58677,85.9839
Faridabad Industrial Site 0902,Steel Plant,28.22221,77.39368
Gurugram Industrial Site 0903,Cement Plant,28.32257,77.18265
Noida Industrial Site 0904,Refinery,28.56513,77.57252
Kota Industrial Site 0905,Chemical Plant,25.02561,75.87401
Agra Industrial Site 0906,Textile Industry,27.0375,77.98199
Nashik Industrial Site 0907,Paper Mill,20.23851,73.67761
Aurangabad Industrial Site 0908,Thermal Power Plant,20.07094,75.30359
Thane Industrial Site 0909,Manufacturing Unit,19.26557,73.13282
Jalandhar Industrial Site 0910,Industrial Estate,31.45124,75.38162
Panipat Industrial Site 0911,Power Plant,29.62136,77.10518
Vapi Industrial Site 0912,Steel Plant,20.50426,72.87682
Delhi Industrial Site 0913,Cement Plant,28.7822,77.24252
Mumbai Industrial Site 0914,Refinery,19.09447,72.76073
Kolkata Industrial Site 0915,Chemical Plant,22.64694,88.16823
Chennai Industrial Site 0916,Textile Industry,13.17869,80.35171
Bengaluru Industrial Site 0917,Paper Mill,13.29129,77.42551
Hyderabad Industrial Site 0918,Thermal Power Plant,17.50344,78.85872
Ahmedabad Industrial Site 0919,Manufacturing Unit,23.19037,72.49825
Pune Industrial Site 0920,Industrial Estate,18.41648,73.66513
Jaipur Industrial Site 0921,Power Plant,27.13623,75.95903
Lucknow Industrial Site 0922,Steel Plant,26.68874,80.97993
Kanpur Industrial Site 0923,Cement Plant,26.27597,80.29359
Patna Industrial Site 0924,Refinery,25.58359,85.09546
Bhopal Industrial Site 0925,Chemical Plant,23.24645,77.35072
Indore Industrial Site 0926,Textile Industry,22.7547,75.67743
Nagpur Industrial Site 0927,Paper Mill,20.98561,79.35007
Surat Industrial Site 0928,Thermal Power Plant,21.31704,73.0162
Vadodara Industrial Site 0929,Manufacturing Unit,22.20338,73.33038
Rajkot Industrial Site 0930,Industrial Estate,21.99568,70.90676
Ranchi Industrial Site 0931,Power Plant,23.29438,85.07376
Jamshedpur Industrial Site 0932,Steel Plant,22.82806,86.10407
Bhubaneswar Industrial Site 0933,Cement Plant,20.13662,85.82873
Visakhapatnam Industrial Site 0934,Refinery,17.67092,83.37883
Vijayawada Industrial Site 0935,Chemical Plant,16.46624,80.44306
Coimbatore Industrial Site 0936,Textile Industry,11.01059,76.96806
Kochi Industrial Site 0937,Paper Mill,9.99633,76.3699
Guwahati Industrial Site 0938,Thermal Power Plant,26.19798,91.87549
Ludhiana Industrial Site 0939,Manufacturing Unit,30.96705,75.82252
Amritsar Industrial Site 0940,Industrial Estate,31.54335,75.04386
Bikaner Industrial Site 0941,Power Plant,27.9388,73.08845
Jodhpur Industrial Site 0942,Steel Plant,26.07022,73.0165
Raipur Industrial Site 0943,Cement Plant,21.35616,81.58138
Durgapur Industrial Site 0944,Refinery,23.59543,87.2969
Asansol Industrial Site 0945,Chemical Plant,23.7413,87.27124
Gaya Industrial Site 0946,Textile Industry,24.73709,84.93927
Begusarai Industrial Site 0947,Paper Mill,25.49224,85.99837
Munger Industrial Site 0948,Thermal Power Plant,25.17527,86.74153
Bokaro Industrial Site 0949,Manufacturing Unit,23.49422,86.14632
Faridabad Industrial Site 0950,Industrial Estate,28.27188,77.2303
Gurugram Industrial Site 0951,Power Plant,28.63699,77.10362
Noida Industrial Site 0952,Steel Plant,28.07246,77.37737
Kota Industrial Site 0953,Cement Plant,25.41252,75.94691
Agra Industrial Site 0954,Refinery,27.13097,77.96945
Nashik Industrial Site 0955,Chemical Plant,20.01091,73.87246
Aurangabad Industrial Site 0956,Textile Industry,19.93749,75.55421
Thane Industrial Site 0957,Paper Mill,19.1933,73.04439
Jalandhar Industrial Site 0958,Thermal Power Plant,31.22322,75.61676
Panipat Industrial Site 0959,Manufacturing Unit,29.48101,76.90234
Vapi Industrial Site 0960,Industrial Estate,20.37556,72.66023
Delhi Industrial Site 0961,Power Plant,28.60931,77.14159
Mumbai Industrial Site 0962,Steel Plant,19.0968,73.05842
Kolkata Industrial Site 0963,Cement Plant,22.90123,88.44522
Chennai Industrial Site 0964,Refinery,13.06147,80.40612
Bengaluru Industrial Site 0965,Chemical Plant,12.97389,77.68662
Hyderabad Industrial Site 0966,Textile Industry,17.3386,78.47492
Ahmedabad Industrial Site 0967,Paper Mill,23.12031,72.76862
Pune Industrial Site 0968,Thermal Power Plant,18.50856,73.90058
Jaipur Industrial Site 0969,Manufacturing Unit,27.01128,75.78653
Lucknow Industrial Site 0970,Industrial Estate,26.86527,80.95611
Kanpur Industrial Site 0971,Power Plant,26.47812,80.56772
Patna Industrial Site 0972,Steel Plant,25.41165,85.08924
Bhopal Industrial Site 0973,Cement Plant,22.89382,77.47515
Indore Industrial Site 0974,Refinery,22.91901,75.6299
Nagpur Industrial Site 0975,Chemical Plant,20.9232,78.93846
Surat Industrial Site 0976,Textile Industry,21.15518,72.8634
Vadodara Industrial Site 0977,Paper Mill,22.5636,73.26582
Rajkot Industrial Site 0978,Thermal Power Plant,22.35666,70.94391
Ranchi Industrial Site 0979,Manufacturing Unit,23.37964,85.31477
Jamshedpur Industrial Site 0980,Industrial Estate,23.03689,86.10065
Bhubaneswar Industrial Site 0981,Power Plant,20.19001,85.58605
Visakhapatnam Industrial Site 0982,Steel Plant,17.77399,83.26147
Vijayawada Industrial Site 0983,Cement Plant,16.44939,80.68798
Coimbatore Industrial Site 0984,Refinery,11.05582,77.13379
Kochi Industrial Site 0985,Chemical Plant,9.9137,76.2859
Guwahati Industrial Site 0986,Textile Industry,26.28607,91.68288
Ludhiana Industrial Site 0987,Paper Mill,31.1063,76.03664
Amritsar Industrial Site 0988,Thermal Power Plant,31.54413,74.69171
Bikaner Industrial Site 0989,Manufacturing Unit,28.17106,73.33415
Jodhpur Industrial Site 0990,Industrial Estate,26.34844,72.93674
Raipur Industrial Site 0991,Power Plant,20.91998,81.75113
Durgapur Industrial Site 0992,Steel Plant,23.55871,87.24088
Asansol Industrial Site 0993,Cement Plant,23.97073,86.89969
Gaya Industrial Site 0994,Refinery,24.74157,84.95146
Begusarai Industrial Site 0995,Chemical Plant,25.34968,86.10167
Munger Industrial Site 0996,Textile Industry,25.53674,86.4433
Bokaro Industrial Site 0997,Paper Mill,23.76582,86.1783
Faridabad Industrial Site 0998,Thermal Power Plant,28.62474,77.16751
Gurugram Industrial Site 0999,Manufacturing Unit,28.32252,76.95488
Noida Industrial Site 1000,Industrial Estate,28.46906,77.36633
Kota Industrial Site 1001,Power Plant,25.08519,75.78199
Agra Industrial Site 1002,Steel Plant,26.86387,78.48011
Nashik Industrial Site 1003,Cement Plant,20.13355,73.83567
Aurangabad Industrial Site 1004,Refinery,20.04129,75.37737
Thane Industrial Site 1005,Chemical Plant,19.24232,73.06065
Jalandhar Industrial Site 1006,Textile Industry,31.47714,75.77715
Panipat Industrial Site 1007,Paper Mill,29.30542,77.05634
Vapi Industrial Site 1008,Thermal Power Plant,20.2455,73.25138
Delhi Industrial Site 1009,Manufacturing Unit,28.25674,77.27116
Mumbai Industrial Site 1010,Industrial Estate,19.07335,73.10814
Kolkata Industrial Site 1011,Power Plant,22.67994,88.13471
Chennai Industrial Site 1012,Steel Plant,13.29842,80.64856
Bengaluru Industrial Site 1013,Cement Plant,13.25392,77.60851
Hyderabad Industrial Site 1014,Refinery,17.63129,78.40448
Ahmedabad Industrial Site 1015,Chemical Plant,22.72292,72.2803
Pune Industrial Site 1016,Textile Industry,18.49061,73.7958
Jaipur Industrial Site 1017,Paper Mill,26.78373,75.79432
Lucknow Industrial Site 1018,Thermal Power Plant,26.8097,81.02601
Kanpur Industrial Site 1019,Manufacturing Unit,26.33432,80.38967
Patna Industrial Site 1020,Industrial Estate,25.44461,84.93923
Bhopal Industrial Site 1021,Power Plant,23.16628,77.43988
Indore Industrial Site 1022,Steel Plant,22.66979,75.75337
Nagpur Industrial Site 1023,Cement Plant,21.31845,79.22352
Surat Industrial Site 1024,Refinery,21.21473,72.77193
Vadodara Industrial Site 1025,Chemical Plant,22.20045,73.04234
Rajkot Industrial Site 1026,Textile Industry,22.50675,70.73375
Ranchi Industrial Site 1027,Paper Mill,23.31654,85.35508
Jamshedpur Industrial Site 1028,Thermal Power Plant,22.90686,86.31682
Bhubaneswar Industrial Site 1029,Manufacturing Unit,20.0221,85.98939
Visakhapatnam Industrial Site 1030,Industrial Estate,17.35605,83.39224
Vijayawada Industrial Site 1031,Power Plant,16.53318,80.59486
Coimbatore Industrial Site 1032,Steel Plant,11.16272,76.98414
Kochi Industrial Site 1033,Cement Plant,10.18023,76.41822
Guwahati Industrial Site 1034,Refinery,26.08026,91.56331
Ludhiana Industrial Site 1035,Chemical Plant,30.86702,75.84691
Amritsar Industrial Site 1036,Textile Industry,31.74528,74.82001
Bikaner Industrial Site 1037,Paper Mill,28.15334,73.41047
Jodhpur Industrial Site 1038,Thermal Power Plant,26.31128,73.24897
Raipur Industrial Site 1039,Manufacturing Unit,21.34533,81.41056
Durgapur Industrial Site 1040,Industrial Estate,23.47278,87.23644
Asansol Industrial Site 1041,Power Plant,23.80357,87.01366
Gaya Industrial Site 1042,Steel Plant,25.20044,85.20684
Begusarai Industrial Site 1043,Cement Plant,25.34813,86.0883
Munger Industrial Site 1044,Refinery,25.56898,86.20632
Bokaro Industrial Site 1045,Chemical Plant,23.73911,86.31432
Faridabad Industrial Site 1046,Textile Industry,28.55557,77.17147
Gurugram Industrial Site 1047,Paper Mill,28.33844,77.06415
Noida Industrial Site 1048,Thermal Power Plant,28.82083,77.24074
Kota Industrial Site 1049,Manufacturing Unit,25.14551,75.79244
Agra Industrial Site 1050,Industrial Estate,27.11141,78.02687
Nashik Industrial Site 1051,Power Plant,19.79864,73.79102
Aurangabad Industrial Site 1052,Steel Plant,19.95504,75.20805
Thane Industrial Site 1053,Cement Plant,19.07601,72.82937
Jalandhar Industrial Site 1054,Refinery,31.50721,75.47842
Panipat Industrial Site 1055,Chemical Plant,29.55794,76.94542
Vapi Industrial Site 1056,Textile Industry,20.39079,73.02045
Delhi Industrial Site 1057,Paper Mill,28.66133,77.37684
Mumbai Industrial Site 1058,Thermal Power Plant,19.08427,73.00993
Kolkata Industrial Site 1059,Manufacturing Unit,22.44458,88.31716
Chennai Industrial Site 1060,Industrial Estate,13.34508,80.22851
Bengaluru Industrial Site 1061,Power Plant,12.91161,77.43804
Hyderabad Industrial Site 1062,Steel Plant,17.10443,78.34788
Ahmedabad Industrial Site 1063,Cement Plant,23.24744,72.45893
Pune Industrial Site 1064,Refinery,18.65679,73.84698
Jaipur Industrial Site 1065,Chemical Plant,26.96932,75.72225
Lucknow Industrial Site 1066,Textile Industry,26.88269,80.65402
Kanpur Industrial Site 1067,Paper Mill,26.29613,80.29408
Patna Industrial Site 1068,Thermal Power Plant,25.65358,85.01126
Bhopal Industrial Site 1069,Manufacturing Unit,23.22768,77.60898
Indore Industrial Site 1070,Industrial Estate,22.73969,75.83606
Nagpur Industrial Site 1071,Power Plant,21.44577,79.22423
Surat Industrial Site 1072,Steel Plant,21.15637,72.87283
Vadodara Industrial Site 1073,Cement Plant,22.54122,73.15593
Rajkot Industrial Site 1074,Refinery,22.33478,71.00721
Ranchi Industrial Site 1075,Chemical Plant,23.37957,85.17985
Jamshedpur Industrial Site 1076,Textile Industry,22.81163,86.43017
Bhubaneswar Industrial Site 1077,Paper Mill,20.34139,85.55958
Visakhapatnam Industrial Site 1078,Thermal Power Plant,17.65476,83.19924
Vijayawada Industrial Site 1079,Manufacturing Unit,16.13134,80.64896
Coimbatore Industrial Site 1080,Industrial Estate,11.19231,76.91113
Kochi Industrial Site 1081,Power Plant,9.99845,76.21876
Guwahati Industrial Site 1082,Steel Plant,26.13937,91.6767
Ludhiana Industrial Site 1083,Cement Plant,30.65937,76.07551
Amritsar Industrial Site 1084,Refinery,31.57821,74.97949
Bikaner Industrial Site 1085,Chemical Plant,27.78256,73.3366
Jodhpur Industrial Site 1086,Textile Industry,26.21698,72.96485
Raipur Industrial Site 1087,Paper Mill,21.50623,81.50827
Durgapur Industrial Site 1088,Thermal Power Plant,23.6212,87.42046
Asansol Industrial Site 1089,Manufacturing Unit,23.70891,86.97117
Gaya Industrial Site 1090,Industrial Estate,24.57584,85.01448
Begusarai Industrial Site 1091,Power Plant,25.64217,86.24991
Munger Industrial Site 1092,Steel Plant,25.34066,86.29266
Bokaro Industrial Site 1093,Cement Plant,23.60971,85.81356
Faridabad Industrial Site 1094,Refinery,28.47276,77.36375
Gurugram Industrial Site 1095,Chemical Plant,28.33833,77.03831
Noida Industrial Site 1096,Textile Industry,28.41843,77.30784
Kota Industrial Site 1097,Paper Mill,25.34057,75.73743
Agra Industrial Site 1098,Thermal Power Plant,27.44928,78.02792
Nashik Industrial Site 1099,Manufacturing Unit,20.22582,73.87868
Aurangabad Industrial Site 1100,Industrial Estate,19.9062,75.42396
Thane Industrial Site 1101,Power Plant,19.07886,73.18712
Jalandhar Industrial Site 1102,Steel Plant,31.26839,75.46133
Panipat Industrial Site 1103,Cement Plant,29.38147,77.05626
Vapi Industrial Site 1104,Refinery,20.26868,72.98529
Delhi Industrial Site 1105,Chemical Plant,28.57871,77.02011
Mumbai Industrial Site 1106,Textile Industry,18.69601,72.95484
Kolkata Industrial Site 1107,Paper Mill,22.37591,88.49981
Chennai Industrial Site 1108,Thermal Power Plant,13.26454,80.18252
Bengaluru Industrial Site 1109,Manufacturing Unit,13.24925,77.63849
Hyderabad Industrial Site 1110,Industrial Estate,17.32723,78.77948
Ahmedabad Industrial Site 1111,Power Plant,22.80231,72.1819
Pune Industrial Site 1112,Steel Plant,18.43281,73.83495
Jaipur Industrial Site 1113,Cement Plant,26.80551,76.03061
Lucknow Industrial Site 1114,Refinery,26.79704,80.76465
Kanpur Industrial Site 1115,Chemical Plant,26.429,80.07154
Patna Industrial Site 1116,Textile Industry,25.64278,84.8324
Bhopal Industrial Site 1117,Paper Mill,23.50846,77.28359
Indore Industrial Site 1118,Thermal Power Plant,22.88838,76.00402
Nagpur Industrial Site 1119,Manufacturing Unit,21.18822,79.32203
Surat Industrial Site 1120,Industrial Estate,21.53317,72.9624
Vadodara Industrial Site 1121,Power Plant,22.32316,73.07532
Rajkot Industrial Site 1122,Steel Plant,22.32747,71.20592
Ranchi Industrial Site 1123,Cement Plant,23.17587,85.15428
Jamshedpur Industrial Site 1124,Refinery,22.71603,86.242
Bhubaneswar Industrial Site 1125,Chemical Plant,20.38595,85.86136
Visakhapatnam Industrial Site 1126,Textile Industry,17.60854,83.02656
Vijayawada Industrial Site 1127,Paper Mill,16.39653,80.77004
Coimbatore Industrial Site 1128,Thermal Power Plant,10.96618,77.21201
Kochi Industrial Site 1129,Manufacturing Unit,10.19808,76.3981
Guwahati Industrial Site 1130,Industrial Estate,26.21599,91.97796
Ludhiana Industrial Site 1131,Power Plant,31.01795,75.95942
Amritsar Industrial Site 1132,Steel Plant,31.68655,74.77083
Bikaner Industrial Site 1133,Cement Plant,27.85243,73.6577
Jodhpur Industrial Site 1134,Refinery,26.053,73.06731
Raipur Industrial Site 1135,Chemical Plant,20.88697,81.48819
Durgapur Industrial Site 1136,Textile Industry,23.72574,87.26534
Asansol Industrial Site 1137,Paper Mill,23.88701,86.8642
Gaya Industrial Site 1138,Thermal Power Plant,24.59586,85.0741
Begusarai Industrial Site 1139,Manufacturing Unit,25.26169,86.02466
Munger Industrial Site 1140,Industrial Estate,25.14916,86.35767
Bokaro Industrial Site 1141,Power Plant,23.62781,86.2413
Faridabad Industrial Site 1142,Steel Plant,28.50455,77.46282
Gurugram Industrial Site 1143,Cement Plant,28.50108,77.07548
Noida Industrial Site 1144,Refinery,28.36961,77.58102
Kota Industrial Site 1145,Chemical Plant,25.09507,76.0439
Agra Industrial Site 1146,Textile Industry,27.40583,77.9642
Nashik Industrial Site 1147,Paper Mill,19.94005,73.70939
Aurangabad Industrial Site 1148,Thermal Power Plant,19.99337,75.19525
Thane Industrial Site 1149,Manufacturing Unit,18.85524,73.31591
Jalandhar Industrial Site 1150,Industrial Estate,31.37148,75.45933
Panipat Industrial Site 1151,Power Plant,29.53293,76.99037
Vapi Industrial Site 1152,Steel Plant,20.53567,73.22723
Delhi Industrial Site 1153,Cement Plant,28.63238,77.2277
Mumbai Industrial Site 1154,Refinery,19.22129,72.81482
Kolkata Industrial Site 1155,Chemical Plant,22.55116,88.41502
Chennai Industrial Site 1156,Textile Industry,13.06059,80.46192
Bengaluru Industrial Site 1157,Paper Mill,13.0087,77.67504
Hyderabad Industrial Site 1158,Thermal Power Plant,17.59442,78.34911
Ahmedabad Industrial Site 1159,Manufacturing Unit,23.26306,72.56023
Pune Industrial Site 1160,Industrial Estate,18.53072,74.18949
Jaipur Industrial Site 1161,Power Plant,27.10624,75.40294
Lucknow Industrial Site 1162,Steel Plant,26.84409,80.78704
Kanpur Industrial Site 1163,Cement Plant,26.38884,80.35754
Patna Industrial Site 1164,Refinery,25.57215,85.30888
Bhopal Industrial Site 1165,Chemical Plant,23.26618,77.30519
Indore Industrial Site 1166,Textile Industry,22.79969,75.8762
Nagpur Industrial Site 1167,Paper Mill,21.04205,79.06181
Surat Industrial Site 1168,Thermal Power Plant,21.30617,72.62319
Vadodara Industrial Site 1169,Manufacturing Unit,22.39332,72.96567
Rajkot Industrial Site 1170,Industrial Estate,22.41009,71.08447
Ranchi Industrial Site 1171,Power Plant,23.26346,85.36043
Jamshedpur Industrial Site 1172,Steel Plant,22.69699,86.05654
Bhubaneswar Industrial Site 1173,Cement Plant,20.30354,85.78114
Visakhapatnam Industrial Site 1174,Refinery,17.47423,83.28542
Vijayawada Industrial Site 1175,Chemical Plant,16.3926,80.57932
Coimbatore Industrial Site 1176,Textile Industry,11.03033,76.98436
Kochi Industrial Site 1177,Paper Mill,9.98379,76.34919
Guwahati Industrial Site 1178,Thermal Power Plant,26.07023,91.94776
Ludhiana Industrial Site 1179,Manufacturing Unit,31.19372,75.63357
Amritsar Industrial Site 1180,Industrial Estate,31.46542,74.8953
Bikaner Industrial Site 1181,Power Plant,28.25646,73.1674
Jodhpur Industrial Site 1182,Steel Plant,26.28129,72.80345
Raipur Industrial Site 1183,Cement Plant,21.08518,81.81645
Durgapur Industrial Site 1184,Refinery,23.59596,87.63713
Asansol Industrial Site 1185,Chemical Plant,24.06818,86.66926
Gaya Industrial Site 1186,Textile Industry,24.71492,85.06769
Begusarai Industrial Site 1187,Paper Mill,25.41558,85.85131
Munger Industrial Site 1188,Thermal Power Plant,25.43496,86.47303
Bokaro Industrial Site 1189,Manufacturing Unit,23.59238,86.32182
Faridabad Industrial Site 1190,Industrial Estate,28.21565,77.58536
Gurugram Industrial Site 1191,Power Plant,28.41878,76.54774
Noida Industrial Site 1192,Steel Plant,28.43404,77.63068
Kota Industrial Site 1193,Cement Plant,25.36663,75.69186
Agra Industrial Site 1194,Refinery,27.36525,78.07051
Nashik Industrial Site 1195,Chemical Plant,19.88391,73.55273
Aurangabad Industrial Site 1196,Textile Industry,19.91412,75.44173
Thane Industrial Site 1197,Paper Mill,19.06675,72.86033
Jalandhar Industrial Site 1198,Thermal Power Plant,31.49394,75.24978
Panipat Industrial Site 1199,Manufacturing Unit,29.56455,77.11525
Vapi Industrial Site 1200,Industrial Estate,20.6921,72.79312
Delhi Industrial Site 0001,Power Plant,28.55071,77.06972
Mumbai Industrial Site 0002,Steel Plant,19.06465,72.78268
Kolkata Industrial Site 0003,Cement Plant,22.11302,88.18802
Chennai Industrial Site 0004,Refinery,12.92504,80.26767
Bengaluru Industrial Site 0005,Chemical Plant,12.87835,77.55741
Hyderabad Industrial Site 0006,Textile Industry,17.60499,78.5461
Ahmedabad Industrial Site 0007,Paper Mill,22.86482,72.62941
Pune Industrial Site 0008,Thermal Power Plant,18.42449,73.69853
Jaipur Industrial Site 0009,Manufacturing Unit,26.8273,75.66376
Lucknow Industrial Site 0010,Industrial Estate,26.72363,80.84816
Kanpur Industrial Site 0011,Power Plant,26.48796,80.3457
Patna Industrial Site 0012,Steel Plant,25.86149,84.70086
Bhopal Industrial Site 0013,Cement Plant,23.57181,77.20322
Indore Industrial Site 0014,Refinery,22.35438,75.71856
Nagpur Industrial Site 0015,Chemical Plant,21.00487,79.24417
Surat Industrial Site 0016,Textile Industry,21.03249,72.50242
Vadodara Industrial Site 0017,Paper Mill,22.33489,73.17428
Rajkot Industrial Site 0018,Thermal Power Plant,22.19208,70.84445
Ranchi Industrial Site 0019,Manufacturing Unit,23.11137,85.31297
Jamshedpur Industrial Site 0020,Industrial Estate,22.83951,86.19311
Bhubaneswar Industrial Site 0021,Power Plant,20.1622,85.84296
Visakhapatnam Industrial Site 0022,Steel Plant,17.74784,83.33989
Vijayawada Industrial Site 0023,Cement Plant,16.31456,80.57306
Coimbatore Industrial Site 0024,Refinery,11.13861,77.03764
Kochi Industrial Site 0025,Chemical Plant,10.0933,76.10909
Guwahati Industrial Site 0026,Textile Industry,26.40876,91.90288
Ludhiana Industrial Site 0027,Paper Mill,30.95699,75.6008
Amritsar Industrial Site 0028,Thermal Power Plant,31.61285,74.69174
Bikaner Industrial Site 0029,Manufacturing Unit,28.06934,73.34709
Jodhpur Industrial Site 0030,Industrial Estate,26.40067,72.81732
Raipur Industrial Site 0031,Power Plant,21.36449,81.68816
Durgapur Industrial Site 0032,Steel Plant,23.50171,87.50927
Asansol Industrial Site 0033,Cement Plant,23.88216,86.97633
Gaya Industrial Site 0034,Refinery,24.7701,85.03015
Begusarai Industrial Site 0035,Chemical Plant,25.67963,86.30559
Munger Industrial Site 0036,Textile Industry,25.48064,86.60325
Bokaro Industrial Site 0037,Paper Mill,23.58867,86.03271
Faridabad Industrial Site 0038,Thermal Power Plant,28.74654,77.23742
Gurugram Industrial Site 0039,Manufacturing Unit,28.37366,77.04712
Noida Industrial Site 0040,Industrial Estate,28.25251,77.4561
Kota Industrial Site 0041,Power Plant,25.28683,75.75602
Agra Industrial Site 0042,Steel Plant,27.36508,78.06709
Nashik Industrial Site 0043,Cement Plant,19.91867,73.83478
Aurangabad Industrial Site 0044,Refinery,19.90844,75.27841
Thane Industrial Site 0045,Chemical Plant,19.57919,72.91753
Jalandhar Industrial Site 0046,Textile Industry,31.22875,75.74668
Panipat Industrial Site 0047,Paper Mill,29.29542,77.16187
Vapi Industrial Site 0048,Thermal Power Plant,20.45599,73.05646
Delhi Industrial Site 0049,Manufacturing Unit,28.44876,77.03419
Mumbai Industrial Site 0050,Industrial Estate,19.24911,72.47864
Kolkata Industrial Site 0051,Power Plant,22.89701,88.35603
Chennai Industrial Site 0052,Steel Plant,12.96149,80.21749
Bengaluru Industrial Site 0053,Cement Plant,13.12249,77.87389
Hyderabad Industrial Site 0054,Refinery,17.42656,78.29285
Ahmedabad Industrial Site 0055,Chemical Plant,23.07579,73.04555
Pune Industrial Site 0056,Textile Industry,18.65306,73.87117
Jaipur Industrial Site 0057,Paper Mill,26.75139,75.62694
Lucknow Industrial Site 0058,Thermal Power Plant,27.24068,80.85658
Kanpur Industrial Site 0059,Manufacturing Unit,26.38052,80.38832
Patna Industrial Site 0060,Industrial Estate,25.71727,85.30228
Bhopal Industrial Site 0061,Power Plant,23.18842,77.60392
Indore Industrial Site 0062,Steel Plant,22.61512,75.82892
Nagpur Industrial Site 0063,Cement Plant,21.09422,78.76569
Surat Industrial Site 0064,Refinery,21.2531,73.00551
Vadodara Industrial Site 0065,Chemical Plant,22.40873,73.64592
Rajkot Industrial Site 0066,Textile Industry,21.98452,70.63924
Ranchi Industrial Site 0067,Paper Mill,23.34306,85.39381
Jamshedpur Industrial Site 0068,Thermal Power Plant,22.73693,86.3813
Bhubaneswar Industrial Site 0069,Manufacturing Unit,20.32311,85.6276
Visakhapatnam Industrial Site 0070,Industrial Estate,17.79492,83.13205
Vijayawada Industrial Site 0071,Power Plant,16.39218,80.58973
Coimbatore Industrial Site 0072,Steel Plant,10.85437,77.11425
Kochi Industrial Site 0073,Cement Plant,10.15243,76.0712
Guwahati Industrial Site 0074,Refinery,26.17628,91.95528
Ludhiana Industrial Site 0075,Chemical Plant,31.0202,76.00132
Amritsar Industrial Site 0076,Textile Industry,31.24774,74.93003
Bikaner Industrial Site 0077,Paper Mill,27.90684,73.13918
Jodhpur Industrial Site 0078,Thermal Power Plant,26.15003,72.9443
Raipur Industrial Site 0079,Manufacturing Unit,21.13216,81.56427
Durgapur Industrial Site 0080,Industrial Estate,23.5375,87.47265
Asansol Industrial Site 0081,Power Plant,23.84028,87.10892
Gaya Industrial Site 0082,Steel Plant,24.80677,84.70658
Begusarai Industrial Site 0083,Cement Plant,25.54148,86.09829
Munger Industrial Site 0084,Refinery,25.29637,86.27816
Bokaro Industrial Site 0085,Chemical Plant,23.63402,86.06147
Faridabad Industrial Site 0086,Textile Industry,28.21801,77.20436
Gurugram Industrial Site 0087,Paper Mill,28.5082,77.03174
Noida Industrial Site 0088,Thermal Power Plant,28.47892,77.36134
Kota Industrial Site 0089,Manufacturing Unit,25.26391,75.81499
Agra Industrial Site 0090,Industrial Estate,27.49143,77.88421
Nashik Industrial Site 0091,Power Plant,19.88663,73.86931
Aurangabad Industrial Site 0092,Steel Plant,19.80439,75.42489
Thane Industrial Site 0093,Cement Plant,18.9147,72.71068
Jalandhar Industrial Site 0094,Refinery,31.52914,75.73765
Panipat Industrial Site 0095,Chemical Plant,29.45529,76.93394
Vapi Industrial Site 0096,Textile Industry,20.61392,73.03159
Delhi Industrial Site 0097,Paper Mill,28.8708,77.67093
Mumbai Industrial Site 0098,Thermal Power Plant,18.80455,72.69144
Kolkata Industrial Site 0099,Manufacturing Unit,22.64743,88.3817
Chennai Industrial Site 0100,Industrial Estate,12.88404,80.27941
Bengaluru Industrial Site 0101,Power Plant,12.93745,77.78541
Hyderabad Industrial Site 0102,Steel Plant,17.31224,78.6069
Ahmedabad Industrial Site 0103,Cement Plant,22.84258,72.72656
Pune Industrial Site 0104,Refinery,18.71563,73.90259
Jaipur Industrial Site 0105,Chemical Plant,26.71894,75.75447
Lucknow Industrial Site 0106,Textile Industry,26.90405,80.89546
Kanpur Industrial Site 0107,Paper Mill,26.50692,80.37709
Patna Industrial Site 0108,Thermal Power Plant,25.60338,84.90271
Bhopal Industrial Site 0109,Manufacturing Unit,23.34387,77.39988
Indore Industrial Site 0110,Industrial Estate,22.69688,75.78866
Nagpur Industrial Site 0111,Power Plant,20.91703,79.17025
Surat Industrial Site 0112,Steel Plant,21.09863,72.78297
Vadodara Industrial Site 0113,Cement Plant,22.28623,73.18411
Rajkot Industrial Site 0114,Refinery,22.41417,70.76629
Ranchi Industrial Site 0115,Chemical Plant,23.27368,85.42075
Jamshedpur Industrial Site 0116,Textile Industry,23.00721,86.28379
Bhubaneswar Industrial Site 0117,Paper Mill,20.42281,85.7288
Visakhapatnam Industrial Site 0118,Thermal Power Plant,17.57519,83.29435
Vijayawada Industrial Site 0119,Manufacturing Unit,16.38507,80.61858
Coimbatore Industrial Site 0120,Industrial Estate,10.71924,77.00051
Kochi Industrial Site 0121,Power Plant,10.06947,76.44374
Guwahati Industrial Site 0122,Steel Plant,26.06974,91.71423
Ludhiana Industrial Site 0123,Cement Plant,30.74939,75.8266
Amritsar Industrial Site 0124,Refinery,31.54125,74.87275
Bikaner Industrial Site 0125,Chemical Plant,27.77114,73.39044
Jodhpur Industrial Site 0126,Textile Industry,26.4499,72.71717
Raipur Industrial Site 0127,Paper Mill,21.11168,81.89181
Durgapur Industrial Site 0128,Thermal Power Plant,23.48961,87.09572
Asansol Industrial Site 0129,Manufacturing Unit,23.68522,86.95733
Gaya Industrial Site 0130,Industrial Estate,24.63357,84.9567
Begusarai Industrial Site 0131,Power Plant,25.72459,86.23015
Munger Industrial Site 0132,Steel Plant,25.15276,86.56209
Bokaro Industrial Site 0133,Cement Plant,23.42807,86.13604
Faridabad Industrial Site 0134,Refinery,28.26151,77.40978
Gurugram Industrial Site 0135,Chemical Plant,28.45016,76.76052
Noida Industrial Site 0136,Textile Industry,28.48343,77.54359
Kota Industrial Site 0137,Paper Mill,25.26288,75.79756
Agra Industrial Site 0138,Thermal Power Plant,27.33242,77.76241
Nashik Industrial Site 0139,Manufacturing Unit,19.96283,73.63156
Aurangabad Industrial Site 0140,Industrial Estate,19.8497,74.91694
Thane Industrial Site 0141,Power Plant,18.99666,73.00502
Jalandhar Industrial Site 0142,Steel Plant,31.66654,75.84887
Panipat Industrial Site 0143,Cement Plant,29.13863,77.01371
Vapi Industrial Site 0144,Refinery,20.05196,72.74447
Delhi Industrial Site 0145,Chemical Plant,28.69797,77.00665
Mumbai Industrial Site 0146,Textile Industry,19.3212,72.77317
Kolkata Industrial Site 0147,Paper Mill,22.60679,88.1246
Chennai Industrial Site 0148,Thermal Power Plant,12.97434,80.36134
Bengaluru Industrial Site 0149,Manufacturing Unit,12.95555,77.66697
Hyderabad Industrial Site 0150,Industrial Estate,17.37859,78.70901
Ahmedabad Industrial Site 0151,Power Plant,23.09663,72.56231
Pune Industrial Site 0152,Steel Plant,18.50648,73.79768
Jaipur Industrial Site 0153,Cement Plant,26.74428,75.59652
Lucknow Industrial Site 0154,Refinery,26.95847,80.83274
Kanpur Industrial Site 0155,Chemical Plant,26.36384,80.19799
Patna Industrial Site 0156,Textile Industry,25.60914,85.44651
Bhopal Industrial Site 0157,Paper Mill,23.26638,77.32013
Indore Industrial Site 0158,Thermal Power Plant,22.39271,75.76245
Nagpur Industrial Site 0159,Manufacturing Unit,21.13515,78.97703
Surat Industrial Site 0160,Industrial Estate,21.00707,72.7666
Vadodara Industrial Site 0161,Power Plant,22.36563,73.1469
Rajkot Industrial Site 0162,Steel Plant,22.2425,70.82445
Ranchi Industrial Site 0163,Cement Plant,23.43389,85.27922
Jamshedpur Industrial Site 0164,Refinery,22.87435,86.42395
Bhubaneswar Industrial Site 0165,Chemical Plant,20.28836,85.73241
Visakhapatnam Industrial Site 0166,Textile Industry,17.71778,83.4621
Vijayawada Industrial Site 0167,Paper Mill,16.4924,80.7234
Coimbatore Industrial Site 0168,Thermal Power Plant,10.8733,77.07814
Kochi Industrial Site 0169,Manufacturing Unit,10.0955,76.18333
Guwahati Industrial Site 0170,Industrial Estate,26.09522,91.78939
Ludhiana Industrial Site 0171,Power Plant,31.01285,75.77298
Amritsar Industrial Site 0172,Steel Plant,31.8334,74.78529
Bikaner Industrial Site 0173,Cement Plant,27.84796,73.23198
Jodhpur Industrial Site 0174,Refinery,26.00884,73.29245
Raipur Industrial Site 0175,Chemical Plant,21.29403,81.64327
Durgapur Industrial Site 0176,Textile Industry,23.63923,87.14514
Asansol Industrial Site 0177,Paper Mill,23.45284,86.91382
Gaya Industrial Site 0178,Thermal Power Plant,24.73392,85.0094
Begusarai Industrial Site 0179,Manufacturing Unit,25.30494,86.14145
Munger Industrial Site 0180,Industrial Estate,25.38393,86.21279
Bokaro Industrial Site 0181,Power Plant,23.79615,86.20975
Faridabad Industrial Site 0182,Steel Plant,28.52649,77.38361
Gurugram Industrial Site 0183,Cement Plant,28.69395,77.24324
Noida Industrial Site 0184,Refinery,28.58966,77.2599
Kota Industrial Site 0185,Chemical Plant,25.05319,76.06399
Agra Industrial Site 0186,Textile Industry,27.44472,77.96904
Nashik Industrial Site 0187,Paper Mill,20.22297,73.61706
Aurangabad Industrial Site 0188,Thermal Power Plant,19.98949,75.04723
Thane Industrial Site 0189,Manufacturing Unit,19.56077,73.05941
Jalandhar Industrial Site 0190,Industrial Estate,31.44082,75.71056
Panipat Industrial Site 0191,Power Plant,29.29756,76.8738
Vapi Industrial Site 0192,Steel Plant,20.32377,72.88091
Delhi Industrial Site 0193,Cement Plant,28.68578,77.27668
Mumbai Industrial Site 0194,Refinery,19.10932,72.9067
Kolkata Industrial Site 0195,Chemical Plant,22.59232,88.44088
Chennai Industrial Site 0196,Textile Industry,13.01902,80.37459
Bengaluru Industrial Site 0197,Paper Mill,12.88919,77.27655
Hyderabad Industrial Site 0198,Thermal Power Plant,17.58853,78.4759
Ahmedabad Industrial Site 0199,Manufacturing Unit,22.97902,72.34584
Pune Industrial Site 0200,Industrial Estate,18.51229,73.95821
Jaipur Industrial Site 0201,Power Plant,26.93996,75.83119
Lucknow Industrial Site 0202,Steel Plant,26.66779,80.96157
Kanpur Industrial Site 0203,Cement Plant,26.57023,80.23422
Patna Industrial Site 0204,Refinery,25.65276,85.38755
Bhopal Industrial Site 0205,Chemical Plant,23.05724,77.24131
Indore Industrial Site 0206,Textile Industry,22.90979,75.65529
Nagpur Industrial Site 0207,Paper Mill,21.23364,79.133
Surat Industrial Site 0208,Thermal Power Plant,21.25617,72.68772
Vadodara Industrial Site 0209,Manufacturing Unit,22.11195,72.88399
Rajkot Industrial Site 0210,Industrial Estate,22.30713,70.74276
Ranchi Industrial Site 0211,Power Plant,23.28496,85.33692
Jamshedpur Industrial Site 0212,Steel Plant,22.80901,86.53029
Bhubaneswar Industrial Site 0213,Cement Plant,20.51385,85.57833
Visakhapatnam Industrial Site 0214,Refinery,17.71497,83.19673
Vijayawada Industrial Site 0215,Chemical Plant,16.25426,80.31199
Coimbatore Industrial Site 0216,Textile Industry,11.04906,76.8157
Kochi Industrial Site 0217,Paper Mill,10.01432,76.17434
Guwahati Industrial Site 0218,Thermal Power Plant,26.17757,91.76217
Ludhiana Industrial Site 0219,Manufacturing Unit,30.82281,75.87511
Amritsar Industrial Site 0220,Industrial Estate,31.79142,74.98215
Bikaner Industrial Site 0221,Power Plant,28.12025,73.11068
Jodhpur Industrial Site 0222,Steel Plant,26.09623,73.0015
Raipur Industrial Site 0223,Cement Plant,21.12305,81.13315
Durgapur Industrial Site 0224,Refinery,23.47069,87.1433
Asansol Industrial Site 0225,Chemical Plant,23.69248,86.88502
Gaya Industrial Site 0226,Textile Industry,24.92801,84.88106
Begusarai Industrial Site 0227,Paper Mill,25.16816,85.97139
Munger Industrial Site 0228,Thermal Power Plant,25.30082,86.59402
Bokaro Industrial Site 0229,Manufacturing Unit,23.54656,85.99994
Faridabad Industrial Site 0230,Industrial Estate,28.46786,77.09326
Gurugram Industrial Site 0231,Power Plant,28.28133,76.8553
Noida Industrial Site 0232,Steel Plant,28.82841,77.55214
Kota Industrial Site 0233,Cement Plant,25.19589,75.92357
Agra Industrial Site 0234,Refinery,27.24841,78.1925
Nashik Industrial Site 0235,Chemical Plant,20.00578,73.65247
Aurangabad Industrial Site 0236,Textile Industry,19.75612,75.69362
Thane Industrial Site 0237,Paper Mill,19.49181,73.27079
Jalandhar Industrial Site 0238,Thermal Power Plant,31.1476,75.50965
Panipat Industrial Site 0239,Manufacturing Unit,29.70706,77.19909
Vapi Industrial Site 0240,Industrial Estate,20.80694,72.67842
Delhi Industrial Site 0241,Power Plant,28.20007,77.10446
Mumbai Industrial Site 0242,Steel Plant,19.09454,72.91793
Kolkata Industrial Site 0243,Cement Plant,22.56049,88.19346
Chennai Industrial Site 0244,Refinery,12.73364,79.88237
Bengaluru Industrial Site 0245,Chemical Plant,12.93566,77.71537
Hyderabad Industrial Site 0246,Textile Industry,17.22902,78.50601
Ahmedabad Industrial Site 0247,Paper Mill,23.1646,72.11044
Pune Industrial Site 0248,Thermal Power Plant,18.42415,73.96665
Jaipur Industrial Site 0249,Manufacturing Unit,27.12195,75.78069
Lucknow Industrial Site 0250,Industrial Estate,26.92423,81.16091
Kanpur Industrial Site 0251,Power Plant,26.14668,80.65161
Patna Industrial Site 0252,Steel Plant,25.6662,85.25774
Bhopal Industrial Site 0253,Cement Plant,23.12171,77.31859
Indore Industrial Site 0254,Refinery,23.01051,76.02529
Nagpur Industrial Site 0255,Chemical Plant,20.97013,79.31022
Surat Industrial Site 0256,Textile Industry,21.45728,72.71207
Vadodara Industrial Site 0257,Paper Mill,22.37949,73.33331
Rajkot Industrial Site 0258,Thermal Power Plant,22.29624,70.81693
Ranchi Industrial Site 0259,Manufacturing Unit,23.60588,85.40167
Jamshedpur Industrial Site 0260,Industrial Estate,22.61744,86.10826
Bhubaneswar Industrial Site 0261,Power Plant,20.23281,85.97165
Visakhapatnam Industrial Site 0262,Steel Plant,17.72005,83.34495
Vijayawada Industrial Site 0263,Cement Plant,16.51978,80.41136
Coimbatore Industrial Site 0264,Refinery,11.36669,76.50711
Kochi Industrial Site 0265,Chemical Plant,9.64975,76.6743
Guwahati Industrial Site 0266,Textile Industry,26.31404,91.75994
Ludhiana Industrial Site 0267,Paper Mill,30.79949,75.97353
Amritsar Industrial Site 0268,Thermal Power Plant,31.5369,74.76135
Bikaner Industrial Site 0269,Manufacturing Unit,27.81852,73.37693
Jodhpur Industrial Site 0270,Industrial Estate,26.02539,73.21163
Raipur Industrial Site 0271,Power Plant,21.28004,81.80919
Durgapur Industrial Site 0272,Steel Plant,23.72268,87.33453
Asansol Industrial Site 0273,Cement Plant,23.77219,87.13316
Gaya Industrial Site 0274,Refinery,24.37731,84.96937
Begusarai Industrial Site 0275,Chemical Plant,25.63808,86.05371
Munger Industrial Site 0276,Textile Industry,25.64138,86.36005
Bokaro Industrial Site 0277,Paper Mill,23.53424,86.40885
Faridabad Industrial Site 0278,Thermal Power Plant,28.36276,77.28164
Gurugram Industrial Site 0279,Manufacturing Unit,28.49754,76.88204
Noida Industrial Site 0280,Industrial Estate,28.63789,77.3733
Kota Industrial Site 0281,Power Plant,25.16077,75.93524
Agra Industrial Site 0282,Steel Plant,27.18802,78.08412
Nashik Industrial Site 0283,Cement Plant,20.1665,73.69418
Aurangabad Industrial Site 0284,Refinery,19.71136,75.43695
Thane Industrial Site 0285,Chemical Plant,19.29182,72.91394
Jalandhar Industrial Site 0286,Textile Industry,31.24372,75.70464
Panipat Industrial Site 0287,Paper Mill,29.63595,76.90433
Vapi Industrial Site 0288,Thermal Power Plant,20.42552,72.95243
Delhi Industrial Site 0289,Manufacturing Unit,28.35214,76.94985
Mumbai Industrial Site 0290,Industrial Estate,19.17535,73.11964
Kolkata Industrial Site 0291,Power Plant,22.50046,88.47319
Chennai Industrial Site 0292,Steel Plant,12.84731,80.47701
Bengaluru Industrial Site 0293,Cement Plant,13.26304,77.44249
Hyderabad Industrial Site 0294,Refinery,17.50133,78.5582
Ahmedabad Industrial Site 0295,Chemical Plant,23.20047,72.41831
Pune Industrial Site 0296,Textile Industry,18.49619,73.79409
Jaipur Industrial Site 0297,Paper Mill,27.04322,75.60717
Lucknow Industrial Site 0298,Thermal Power Plant,26.86775,80.75131
Kanpur Industrial Site 0299,Manufacturing Unit,26.36249,80.59397
Patna Industrial Site 0300,Industrial Estate,25.56863,85.16426
Bhopal Industrial Site 0301,Power Plant,23.04028,77.57381
Indore Industrial Site 0302,Steel Plant,22.5428,75.77108
Nagpur Industrial Site 0303,Cement Plant,20.84281,79.06835
Surat Industrial Site 0304,Refinery,21.16578,72.58922
Vadodara Industrial Site 0305,Chemical Plant,22.23218,73.511
Rajkot Industrial Site 0306,Textile Industry,22.27875,70.66619
Ranchi Industrial Site 0307,Paper Mill,23.43347,85.4045
Jamshedpur Industrial Site 0308,Thermal Power Plant,22.80897,86.19919
Bhubaneswar Industrial Site 0309,Manufacturing Unit,20.45088,85.91342
Visakhapatnam Industrial Site 0310,Industrial Estate,17.51122,83.19646
Vijayawada Industrial Site 0311,Power Plant,16.51797,80.84688
Coimbatore Industrial Site 0312,Steel Plant,11.04436,76.81395
Kochi Industrial Site 0313,Cement Plant,10.05587,76.30732
Guwahati Industrial Site 0314,Refinery,26.06849,91.76239
Ludhiana Industrial Site 0315,Chemical Plant,30.80292,75.51853
Amritsar Industrial Site 0316,Textile Industry,31.47708,74.86931
Bikaner Industrial Site 0317,Paper Mill,27.98055,73.22983
Jodhpur Industrial Site 0318,Thermal Power Plant,26.26059,73.38789
Raipur Industrial Site 0319,Manufacturing Unit,21.07921,81.49309
Durgapur Industrial Site 0320,Industrial Estate,23.75447,87.24422
Asansol Industrial Site 0321,Power Plant,23.6019,87.03637
Gaya Industrial Site 0322,Steel Plant,24.57637,84.96589
Begusarai Industrial Site 0323,Cement Plant,25.22736,86.20865
Munger Industrial Site 0324,Refinery,25.44578,86.20154
Bokaro Industrial Site 0325,Chemical Plant,23.37889,86.01111
Faridabad Industrial Site 0326,Textile Industry,28.26359,77.1694
Gurugram Industrial Site 0327,Paper Mill,28.41229,77.02769
Noida Industrial Site 0328,Thermal Power Plant,28.48347,77.40626
Kota Industrial Site 0329,Manufacturing Unit,25.01911,75.64854
Agra Industrial Site 0330,Industrial Estate,27.04624,78.06843
Nashik Industrial Site 0331,Power Plant,20.11568,73.9006
Aurangabad Industrial Site 0332,Steel Plant,19.55589,75.5703
Thane Industrial Site 0333,Cement Plant,19.41397,73.05626
Jalandhar Industrial Site 0334,Refinery,31.29384,75.85355
Panipat Industrial Site 0335,Chemical Plant,29.36729,77.0194
Vapi Industrial Site 0336,Textile Industry,20.16732,72.97401
Delhi Industrial Site 0337,Paper Mill,28.50031,77.30715
Mumbai Industrial Site 0338,Thermal Power Plant,19.02774,72.8088
Kolkata Industrial Site 0339,Manufacturing Unit,22.69315,88.47105
Chennai Industrial Site 0340,Industrial Estate,13.00323,80.12982
Bengaluru Industrial Site 0341,Power Plant,12.86958,77.73549
Hyderabad Industrial Site 0342,Steel Plant,17.41633,78.62886
Ahmedabad Industrial Site 0343,Cement Plant,22.95537,72.6884
Pune Industrial Site 0344,Refinery,18.4038,74.08657
Jaipur Industrial Site 0345,Chemical Plant,26.99126,75.51677
Lucknow Industrial Site 0346,Textile Industry,26.99962,80.94416
Kanpur Industrial Site 0347,Paper Mill,26.2993,80.64255
Patna Industrial Site 0348,Thermal Power Plant,25.53692,85.26804
Bhopal Industrial Site 0349,Manufacturing Unit,23.43478,77.37508
Indore Industrial Site 0350,Industrial Estate,22.77506,75.76483
Nagpur Industrial Site 0351,Power Plant,21.1561,78.99986
Surat Industrial Site 0352,Steel Plant,20.88161,72.9654
Vadodara Industrial Site 0353,Cement Plant,22.35525,73.21063
Rajkot Industrial Site 0354,Refinery,22.34492,70.98814
Ranchi Industrial Site 0355,Chemical Plant,23.19629,85.30468
Jamshedpur Industrial Site 0356,Textile Industry,22.80225,86.40656
Bhubaneswar Industrial Site 0357,Paper Mill,20.45359,85.60015
Visakhapatnam Industrial Site 0358,Thermal Power Plant,17.67937,83.4417
Vijayawada Industrial Site 0359,Manufacturing Unit,16.66234,80.71256
Coimbatore Industrial Site 0360,Industrial Estate,10.88584,76.93924
Kochi Industrial Site 0361,Power Plant,9.68696,76.3948
Guwahati Industrial Site 0362,Steel Plant,26.02363,91.74947
Ludhiana Industrial Site 0363,Cement Plant,30.88644,75.92005
Amritsar Industrial Site 0364,Refinery,31.79718,74.95426
Bikaner Industrial Site 0365,Chemical Plant,27.86296,73.43531
Jodhpur Industrial Site 0366,Textile Industry,26.15476,72.97342
Raipur Industrial Site 0367,Paper Mill,21.38501,81.40282
Durgapur Industrial Site 0368,Thermal Power Plant,23.60924,87.32651
Asansol Industrial Site 0369,Manufacturing Unit,23.59537,86.73919
Gaya Industrial Site 0370,Industrial Estate,24.56809,84.8127
Begusarai Industrial Site 0371,Power Plant,25.72408,86.09782
Munger Industrial Site 0372,Steel Plant,25.32823,86.47897
Bokaro Industrial Site 0373,Cement Plant,23.62495,86.33582
Faridabad Industrial Site 0374,Refinery,28.54149,77.27082
Gurugram Industrial Site 0375,Chemical Plant,28.65379,77.09726
Noida Industrial Site 0376,Textile Industry,28.54953,77.23205
Kota Industrial Site 0377,Paper Mill,25.19791,75.67012
Agra Industrial Site 0378,Thermal Power Plant,27.22632,78.09795
Nashik Industrial Site 0379,Manufacturing Unit,20.28729,73.73725
Aurangabad Industrial Site 0380,Industrial Estate,19.88823,75.7148
Thane Industrial Site 0381,Power Plant,19.16313,72.96088
Jalandhar Industrial Site 0382,Steel Plant,31.31707,75.40216
Panipat Industrial Site 0383,Cement Plant,29.57964,76.79134
Vapi Industrial Site 0384,Refinery,20.45303,72.83107
Delhi Industrial Site 0385,Chemical Plant,28.46449,77.14524
Mumbai Industrial Site 0386,Textile Industry,19.18347,72.97801
Kolkata Industrial Site 0387,Paper Mill,22.67434,88.27811
Chennai Industrial Site 0388,Thermal Power Plant,12.99258,80.36148
Bengaluru Industrial Site 0389,Manufacturing Unit,13.16347,77.64853
Hyderabad Industrial Site 0390,Industrial Estate,17.46562,78.53819
Ahmedabad Industrial Site 0391,Power Plant,23.12789,72.27955
Pune Industrial Site 0392,Steel Plant,18.77098,73.5463
Jaipur Industrial Site 0393,Cement Plant,27.09682,75.78692
Lucknow Industrial Site 0394,Refinery,26.63615,81.13753
Kanpur Industrial Site 0395,Chemical Plant,26.24614,80.31881
Patna Industrial Site 0396,Textile Industry,25.84971,85.27635
Bhopal Industrial Site 0397,Paper Mill,23.32045,77.58832
Indore Industrial Site 0398,Thermal Power Plant,22.69463,75.94919
Nagpur Industrial Site 0399,Manufacturing Unit,21.28653,78.83698
Surat Industrial Site 0400,Industrial Estate,21.24947,72.72047
Vadodara Industrial Site 0401,Power Plant,22.37515,73.18671
Rajkot Industrial Site 0402,Steel Plant,22.38122,70.88678
Ranchi Industrial Site 0403,Cement Plant,23.24302,85.30241
Jamshedpur Industrial Site 0404,Refinery,22.9211,86.19548
Bhubaneswar Industrial Site 0405,Chemical Plant,20.23544,85.76024
Visakhapatnam Industrial Site 0406,Textile Industry,17.59301,83.25604
Vijayawada Industrial Site 0407,Paper Mill,16.44022,80.39793
Coimbatore Industrial Site 0408,Thermal Power Plant,11.12082,76.72263
Kochi Industrial Site 0409,Manufacturing Unit,9.98854,76.44022
Guwahati Industrial Site 0410,Industrial Estate,25.85554,91.72983
Ludhiana Industrial Site 0411,Power Plant,30.88847,75.63992
Amritsar Industrial Site 0412,Steel Plant,31.45533,75.03496
Bikaner Industrial Site 0413,Cement Plant,28.00377,73.23257
Jodhpur Industrial Site 0414,Refinery,26.4372,72.64958
Raipur Industrial Site 0415,Chemical Plant,21.2507,81.37479
Durgapur Industrial Site 0416,Textile Industry,23.55549,87.16468
Asansol Industrial Site 0417,Paper Mill,23.67007,86.6571
Gaya Industrial Site 0418,Thermal Power Plant,24.96102,85.11021
Begusarai Industrial Site 0419,Manufacturing Unit,25.60276,85.83699
Munger Industrial Site 0420,Industrial Estate,25.21286,86.54393
Bokaro Industrial Site 0421,Power Plant,23.62455,86.34807
Faridabad Industrial Site 0422,Steel Plant,28.45708,77.23645
Gurugram Industrial Site 0423,Cement Plant,28.42136,77.25205
Noida Industrial Site 0424,Refinery,28.3165,77.40083
Kota Industrial Site 0425,Chemical Plant,24.90042,75.89497
Agra Industrial Site 0426,Textile Industry,26.99699,77.8692
Nashik Industrial Site 0427,Paper Mill,19.86482,73.86468
Aurangabad Industrial Site 0428,Thermal Power Plant,19.67945,75.37978
Thane Industrial Site 0429,Manufacturing Unit,19.23506,72.81085
Jalandhar Industrial Site 0430,Industrial Estate,31.58773,75.68277
Panipat Industrial Site 0431,Power Plant,29.14416,76.91582
Vapi Industrial Site 0432,Steel Plant,20.63159,72.79505
Delhi Industrial Site 0433,Cement Plant,28.50292,77.14145
Mumbai Industrial Site 0434,Refinery,18.93219,73.13527
Kolkata Industrial Site 0435,Chemical Plant,22.59948,88.40944
Chennai Industrial Site 0436,Textile Industry,13.32595,80.69784
Bengaluru Industrial Site 0437,Paper Mill,12.90237,77.57942
Hyderabad Industrial Site 0438,Thermal Power Plant,17.37318,78.78937
Ahmedabad Industrial Site 0439,Manufacturing Unit,23.13122,72.35177
Pune Industrial Site 0440,Industrial Estate,18.73459,73.67499
Jaipur Industrial Site 0441,Power Plant,26.95525,75.70647
Lucknow Industrial Site 0442,Steel Plant,26.91404,80.77044
Kanpur Industrial Site 0443,Cement Plant,26.30955,80.2309
Patna Industrial Site 0444,Refinery,25.93024,85.16774
Bhopal Industrial Site 0445,Chemical Plant,23.35343,77.61029
Indore Industrial Site 0446,Textile Industry,22.8702,75.86861
Nagpur Industrial Site 0447,Paper Mill,21.1146,79.1338
Surat Industrial Site 0448,Thermal Power Plant,20.97456,72.83314
Vadodara Industrial Site 0449,Manufacturing Unit,22.36397,73.4418
Rajkot Industrial Site 0450,Industrial Estate,22.25504,70.71692
Ranchi Industrial Site 0451,Power Plant,23.61767,85.15615
Jamshedpur Industrial Site 0452,Steel Plant,22.89533,86.11926
Bhubaneswar Industrial Site 0453,Cement Plant,20.08464,85.66173
Visakhapatnam Industrial Site 0454,Refinery,17.83038,83.34204
Vijayawada Industrial Site 0455,Chemical Plant,16.57108,80.46392
Coimbatore Industrial Site 0456,Textile Industry,11.07743,76.93949
Kochi Industrial Site 0457,Paper Mill,9.78816,76.38791
Guwahati Industrial Site 0458,Thermal Power Plant,26.0609,91.63798
Ludhiana Industrial Site 0459,Manufacturing Unit,31.14396,76.01747
Amritsar Industrial Site 0460,Industrial Estate,31.61112,74.87997
Bikaner Industrial Site 0461,Power Plant,28.29026,73.39325
Jodhpur Industrial Site 0462,Steel Plant,26.4379,72.81456
Raipur Industrial Site 0463,Cement Plant,21.26663,81.53191
Durgapur Industrial Site 0464,Refinery,23.47646,87.3657
Asansol Industrial Site 0465,Chemical Plant,23.46888,86.97991
Gaya Industrial Site 0466,Textile Industry,24.76565,84.77344
Begusarai Industrial Site 0467,Paper Mill,25.56891,86.29811
Munger Industrial Site 0468,Thermal Power Plant,25.49913,86.35565
Bokaro Industrial Site 0469,Manufacturing Unit,23.39085,86.19528
Faridabad Industrial Site 0470,Industrial Estate,28.43997,77.64707
Gurugram Industrial Site 0471,Power Plant,28.73192,77.0201
Noida Industrial Site 0472,Steel Plant,28.42456,77.66182
Kota Industrial Site 0473,Cement Plant,25.2363,75.95306
Agra Industrial Site 0474,Refinery,27.23569,77.87629
Nashik Industrial Site 0475,Chemical Plant,20.21144,73.62237
Aurangabad Industrial Site 0476,Textile Industry,19.93669,75.36712
Thane Industrial Site 0477,Paper Mill,19.24201,72.85605
Jalandhar Industrial Site 0478,Thermal Power Plant,31.28506,75.75558
Panipat Industrial Site 0479,Manufacturing Unit,29.32148,76.95021
Vapi Industrial Site 0480,Industrial Estate,20.30069,72.80404
Delhi Industrial Site 0481,Power Plant,28.81325,77.34689
Mumbai Industrial Site 0482,Steel Plant,18.85717,72.9128
Kolkata Industrial Site 0483,Cement Plant,22.46984,88.41027
Chennai Industrial Site 0484,Refinery,13.32386,79.96807
Bengaluru Industrial Site 0485,Chemical Plant,12.86781,77.72908
Hyderabad Industrial Site 0486,Textile Industry,17.62857,78.1333
Ahmedabad Industrial Site 0487,Paper Mill,22.72379,72.53513
Pune Industrial Site 0488,Thermal Power Plant,18.3081,73.56161
Jaipur Industrial Site 0489,Manufacturing Unit,26.57107,75.85722
Lucknow Industrial Site 0490,Industrial Estate,26.61248,81.02506
Kanpur Industrial Site 0491,Power Plant,26.62798,80.34797
Patna Industrial Site 0492,Steel Plant,25.67752,84.83186
Bhopal Industrial Site 0493,Cement Plant,23.31766,77.39913
Indore Industrial Site 0494,Refinery,22.45138,75.94064
Nagpur Industrial Site 0495,Chemical Plant,21.09914,78.97769
Surat Industrial Site 0496,Textile Industry,21.25172,72.92548
Vadodara Industrial Site 0497,Paper Mill,22.31131,72.93578
Rajkot Industrial Site 0498,Thermal Power Plant,22.47435,70.82063
Ranchi Industrial Site 0499,Manufacturing Unit,23.47649,85.39667
Jamshedpur Industrial Site 0500,Industrial Estate,22.82013,86.16827
Bhubaneswar Industrial Site 0501,Power Plant,20.34581,85.67901
Visakhapatnam Industrial Site 0502,Steel Plant,17.81754,83.13468
Vijayawada Industrial Site 0503,Cement Plant,16.33284,80.85512
Coimbatore Industrial Site 0504,Refinery,10.96523,76.8578
Kochi Industrial Site 0505,Chemical Plant,9.93802,76.07545
Guwahati Industrial Site 0506,Textile Industry,26.42472,91.78728
Ludhiana Industrial Site 0507,Paper Mill,30.672,75.83221
Amritsar Industrial Site 0508,Thermal Power Plant,31.40881,74.50021
Bikaner Industrial Site 0509,Manufacturing Unit,27.9812,73.11082
Jodhpur Industrial Site 0510,Industrial Estate,26.26011,72.93261
Raipur Industrial Site 0511,Power Plant,21.11182,81.69746
Durgapur Industrial Site 0512,Steel Plant,23.62725,87.3762
Asansol Industrial Site 0513,Cement Plant,23.76285,86.95722
Gaya Industrial Site 0514,Refinery,24.75347,85.14829
Begusarai Industrial Site 0515,Chemical Plant,25.35392,86.07712
Munger Industrial Site 0516,Textile Industry,25.34066,86.59629
Bokaro Industrial Site 0517,Paper Mill,23.64292,86.14896
Faridabad Industrial Site 0518,Thermal Power Plant,28.25738,77.55559
Gurugram Industrial Site 0519,Manufacturing Unit,28.55797,77.05303
Noida Industrial Site 0520,Industrial Estate,28.3802,77.34677
Kota Industrial Site 0521,Power Plant,25.3618,76.15371
Agra Industrial Site 0522,Steel Plant,27.40372,77.97692
Nashik Industrial Site 0523,Cement Plant,20.16159,73.83077
Aurangabad Industrial Site 0524,Refinery,19.99357,75.39549
Thane Industrial Site 0525,Chemical Plant,19.31552,73.22477
Jalandhar Industrial Site 0526,Textile Industry,31.25852,75.48647
Panipat Industrial Site 0527,Paper Mill,29.57156,77.06123
Vapi Industrial Site 0528,Thermal Power Plant,20.32335,73.00138
Delhi Industrial Site 0529,Manufacturing Unit,28.59106,77.14858
Mumbai Industrial Site 0530,Industrial Estate,19.17615,73.05775
Kolkata Industrial Site 0531,Power Plant,22.46034,88.04905
Chennai Industrial Site 0532,Steel Plant,13.1265,80.36788
Bengaluru Industrial Site 0533,Cement Plant,12.96322,77.60646
Hyderabad Industrial Site 0534,Refinery,17.35278,78.3579
Ahmedabad Industrial Site 0535,Chemical Plant,23.14117,72.6984
Pune Industrial Site 0536,Textile Industry,18.58885,73.82593
Jaipur Industrial Site 0537,Paper Mill,26.7609,75.48303
Lucknow Industrial Site 0538,Thermal Power Plant,26.96011,81.12328
Kanpur Industrial Site 0539,Manufacturing Unit,26.59303,80.30733
Patna Industrial Site 0540,Industrial Estate,25.92062,84.81709
Bhopal Industrial Site 0541,Power Plant,23.1593,77.44858
Indore Industrial Site 0542,Steel Plant,22.82656,75.95957
Nagpur Industrial Site 0543,Cement Plant,21.12157,79.20117
Surat Industrial Site 0544,Refinery,21.22877,72.52432
Vadodara Industrial Site 0545,Chemical Plant,22.09495,73.35304
Rajkot Industrial Site 0546,Textile Industry,22.41265,70.67904
Ranchi Industrial Site 0547,Paper Mill,23.34164,85.24824
Jamshedpur Industrial Site 0548,Thermal Power Plant,22.55846,86.42562
Bhubaneswar Industrial Site 0549,Manufacturing Unit,20.3426,85.51895
Visakhapatnam Industrial Site 0550,Industrial Estate,17.76615,83.24287
Vijayawada Industrial Site 0551,Power Plant,16.33409,80.63187
Coimbatore Industrial Site 0552,Steel Plant,11.09892,76.93362
Kochi Industrial Site 0553,Cement Plant,9.75474,75.99769
Guwahati Industrial Site 0554,Refinery,26.07065,91.3988
Ludhiana Industrial Site 0555,Chemical Plant,31.22435,76.03704
Amritsar Industrial Site 0556,Textile Industry,31.60645,74.72834
Bikaner Industrial Site 0557,Paper Mill,28.07243,72.9779
Jodhpur Industrial Site 0558,Thermal Power Plant,26.05035,72.85603
Raipur Industrial Site 0559,Manufacturing Unit,21.27192,81.3669
Durgapur Industrial Site 0560,Industrial Estate,23.58724,87.33468
Asansol Industrial Site 0561,Power Plant,23.8,86.76961
Gaya Industrial Site 0562,Steel Plant,24.81702,84.93002
Begusarai Industrial Site 0563,Cement Plant,25.49841,86.22277
Munger Industrial Site 0564,Refinery,25.53869,86.58537
Bokaro Industrial Site 0565,Chemical Plant,23.75164,86.37284
Faridabad Industrial Site 0566,Textile Industry,28.60706,77.12101
Gurugram Industrial Site 0567,Paper Mill,28.49902,76.72389
Noida Industrial Site 0568,Thermal Power Plant,28.48488,77.22475
Kota Industrial Site 0569,Manufacturing Unit,24.91111,75.81195
Agra Industrial Site 0570,Industrial Estate,27.26376,77.73343
Nashik Industrial Site 0571,Power Plant,19.95463,73.88978
Aurangabad Industrial Site 0572,Steel Plant,19.80351,75.40054
Thane Industrial Site 0573,Cement Plant,19.40752,72.89989
Jalandhar Industrial Site 0574,Refinery,31.22569,75.38026
Panipat Industrial Site 0575,Chemical Plant,29.63727,77.06336
Vapi Industrial Site 0576,Textile Industry,20.39966,72.99636
Delhi Industrial Site 0577,Paper Mill,28.60211,76.97411
Mumbai Industrial Site 0578,Thermal Power Plant,18.82405,73.24939
Kolkata Industrial Site 0579,Manufacturing Unit,22.69169,88.52316
Chennai Industrial Site 0580,Industrial Estate,12.85548,80.08721
Bengaluru Industrial Site 0581,Power Plant,12.89847,77.36939
Hyderabad Industrial Site 0582,Steel Plant,17.25094,78.56013
Ahmedabad Industrial Site 0583,Cement Plant,23.26939,72.216
Pune Industrial Site 0584,Refinery,18.60541,73.59161
Jaipur Industrial Site 0585,Chemical Plant,27.0253,75.4379
Lucknow Industrial Site 0586,Textile Industry,27.08229,80.71651
Kanpur Industrial Site 0587,Paper Mill,26.31261,80.26718
Patna Industrial Site 0588,Thermal Power Plant,25.76825,85.12567
Bhopal Industrial Site 0589,Manufacturing Unit,23.34349,77.4444
Indore Industrial Site 0590,Industrial Estate,22.58262,75.82394
Nagpur Industrial Site 0591,Power Plant,21.15068,79.00955
Surat Industrial Site 0592,Steel Plant,21.29529,72.89363
Vadodara Industrial Site 0593,Cement Plant,22.05104,73.17162
Rajkot Industrial Site 0594,Refinery,22.40668,70.84263
Ranchi Industrial Site 0595,Chemical Plant,23.5493,85.07149
Jamshedpur Industrial Site 0596,Textile Industry,22.60089,86.40559
Bhubaneswar Industrial Site 0597,Paper Mill,20.21587,85.56327
Visakhapatnam Industrial Site 0598,Thermal Power Plant,17.8122,83.13897
Vijayawada Industrial Site 0599,Manufacturing Unit,16.675,80.96409
Coimbatore Industrial Site 0600,Industrial Estate,11.07328,76.91922
Kochi Industrial Site 0601,Power Plant,10.08775,76.34965
Guwahati Industrial Site 0602,Steel Plant,26.06075,91.67489
Ludhiana Industrial Site 0603,Cement Plant,30.63472,75.91025
Amritsar Industrial Site 0604,Refinery,31.93305,74.84098
Bikaner Industrial Site 0605,Chemical Plant,28.18615,73.55432
Jodhpur Industrial Site 0606,Textile Industry,26.19585,73.00089
Raipur Industrial Site 0607,Paper Mill,21.32243,81.6211
Durgapur Industrial Site 0608,Thermal Power Plant,23.59693,87.4599
Asansol Industrial Site 0609,Manufacturing Unit,23.97293,86.98324
Gaya Industrial Site 0610,Industrial Estate,24.70531,85.001
Begusarai Industrial Site 0611,Power Plant,25.27512,86.4201
Munger Industrial Site 0612,Steel Plant,25.41355,86.37603
Bokaro Industrial Site 0613,Cement Plant,23.64718,85.91833
Faridabad Industrial Site 0614,Refinery,28.34966,77.23178
Gurugram Industrial Site 0615,Chemical Plant,28.41368,77.34325
Noida Industrial Site 0616,Textile Industry,28.66164,77.34998
Kota Industrial Site 0617,Paper Mill,25.44091,75.78574
Agra Industrial Site 0618,Thermal Power Plant,27.10744,78.0473
Nashik Industrial Site 0619,Manufacturing Unit,20.05537,74.11268
Aurangabad Industrial Site 0620,Industrial Estate,19.59112,75.23226
Thane Industrial Site 0621,Power Plant,19.07791,72.78191
Jalandhar Industrial Site 0622,Steel Plant,31.39052,75.3094
Panipat Industrial Site 0623,Cement Plant,29.37723,77.18877
Vapi Industrial Site 0624,Refinery,20.12741,72.70139
Delhi Industrial Site 0625,Chemical Plant,28.58227,77.00968
Mumbai Industrial Site 0626,Textile Industry,19.54429,73.16149
Kolkata Industrial Site 0627,Paper Mill,22.43635,88.03086
Chennai Industrial Site 0628,Thermal Power Plant,13.13367,79.92715
Bengaluru Industrial Site 0629,Manufacturing Unit,13.26145,77.58238
Hyderabad Industrial Site 0630,Industrial Estate,17.20542,78.55253
Ahmedabad Industrial Site 0631,Power Plant,23.37776,72.67046
Pune Industrial Site 0632,Steel Plant,18.84083,73.88362
Jaipur Industrial Site 0633,Cement Plant,26.70798,75.78276
Lucknow Industrial Site 0634,Refinery,26.86205,80.92716
Kanpur Industrial Site 0635,Chemical Plant,26.61986,80.19012
Patna Industrial Site 0636,Textile Industry,25.7304,85.14366
Bhopal Industrial Site 0637,Paper Mill,23.34962,77.28521
Indore Industrial Site 0638,Thermal Power Plant,22.55314,75.99687
Nagpur Industrial Site 0639,Manufacturing Unit,21.09588,78.99132
Surat Industrial Site 0640,Industrial Estate,20.90183,72.86469
Vadodara Industrial Site 0641,Power Plant,22.39285,73.05823
Rajkot Industrial Site 0642,Steel Plant,22.15129,70.81652
Ranchi Industrial Site 0643,Cement Plant,23.16062,85.4108
Jamshedpur Industrial Site 0644,Refinery,22.88331,86.16106
Bhubaneswar Industrial Site 0645,Chemical Plant,20.33391,85.80186
Visakhapatnam Industrial Site 0646,Textile Industry,17.72127,83.2808
Vijayawada Industrial Site 0647,Paper Mill,16.43474,80.57077
Coimbatore Industrial Site 0648,Thermal Power Plant,11.01952,77.04323
Kochi Industrial Site 0649,Manufacturing Unit,10.18158,76.41047
Guwahati Industrial Site 0650,Industrial Estate,25.79065,91.7343
Ludhiana Industrial Site 0651,Power Plant,31.00402,75.83416
Amritsar Industrial Site 0652,Steel Plant,31.79082,74.79259
Bikaner Industrial Site 0653,Cement Plant,28.30332,73.22312
Jodhpur Industrial Site 0654,Refinery,26.07295,72.91813
Raipur Industrial Site 0655,Chemical Plant,21.14368,81.84274
Durgapur Industrial Site 0656,Textile Industry,23.36525,87.06832
Asansol Industrial Site 0657,Paper Mill,23.39971,87.02737
Gaya Industrial Site 0658,Thermal Power Plant,25.07092,85.30765
Begusarai Industrial Site 0659,Manufacturing Unit,25.50067,86.30457
Munger Industrial Site 0660,Industrial Estate,25.33938,86.33427
Bokaro Industrial Site 0661,Power Plant,23.83888,85.98761
Faridabad Industrial Site 0662,Steel Plant,28.75707,77.05113
Gurugram Industrial Site 0663,Cement Plant,28.37324,77.07382
Noida Industrial Site 0664,Refinery,28.43928,77.17707
Kota Industrial Site 0665,Chemical Plant,25.19866,75.7875
Agra Industrial Site 0666,Textile Industry,27.45005,77.85143
Nashik Industrial Site 0667,Paper Mill,19.59209,73.86651
Aurangabad Industrial Site 0668,Thermal Power Plant,20.02307,75.42143
Thane Industrial Site 0669,Manufacturing Unit,19.06216,73.07066
Jalandhar Industrial Site 0670,Industrial Estate,31.32246,75.6085
Panipat Industrial Site 0671,Power Plant,29.14788,76.82489
Vapi Industrial Site 0672,Steel Plant,20.13248,72.96611
Delhi Industrial Site 0673,Cement Plant,28.66712,77.42636
Mumbai Industrial Site 0674,Refinery,18.89532,72.86796
Kolkata Industrial Site 0675,Chemical Plant,22.5992,88.5738
Chennai Industrial Site 0676,Textile Industry,13.01327,80.16664
Bengaluru Industrial Site 0677,Paper Mill,12.87259,77.61088
Hyderabad Industrial Site 0678,Thermal Power Plant,17.46688,78.32196
Ahmedabad Industrial Site 0679,Manufacturing Unit,23.06845,72.71212
Pune Industrial Site 0680,Industrial Estate,18.40399,73.70039
Jaipur Industrial Site 0681,Power Plant,26.63643,75.72249
Lucknow Industrial Site 0682,Steel Plant,26.8125,81.07798
Kanpur Industrial Site 0683,Cement Plant,26.32669,80.36263
Patna Industrial Site 0684,Refinery,25.29338,85.15088
Bhopal Industrial Site 0685,Chemical Plant,23.37262,77.38913
Indore Industrial Site 0686,Textile Industry,22.51995,75.87866
Nagpur Industrial Site 0687,Paper Mill,21.17013,78.9885
Surat Industrial Site 0688,Thermal Power Plant,21.18583,72.80331
Vadodara Industrial Site 0689,Manufacturing Unit,22.48388,73.09559
Rajkot Industrial Site 0690,Industrial Estate,22.16442,70.77588
Ranchi Industrial Site 0691,Power Plant,23.5448,85.07949
Jamshedpur Industrial Site 0692,Steel Plant,22.80697,86.40087
Bhubaneswar Industrial Site 0693,Cement Plant,20.22819,85.93361
Visakhapatnam Industrial Site 0694,Refinery,17.58145,83.19189
Vijayawada Industrial Site 0695,Chemical Plant,16.51274,80.80401
Coimbatore Industrial Site 0696,Textile Industry,11.00098,77.11473
Kochi Industrial Site 0697,Paper Mill,9.65478,76.24367
Guwahati Industrial Site 0698,Thermal Power Plant,26.4293,91.80786
Ludhiana Industrial Site 0699,Manufacturing Unit,31.04678,75.86371
Amritsar Industrial Site 0700,Industrial Estate,31.8291,74.74562
Bikaner Industrial Site 0701,Power Plant,28.14293,73.37625
Jodhpur Industrial Site 0702,Steel Plant,26.00212,72.75782
Raipur Industrial Site 0703,Cement Plant,21.37694,81.33511
Durgapur Industrial Site 0704,Refinery,23.65788,87.29585
Asansol Industrial Site 0705,Chemical Plant,23.91151,87.05737
Gaya Industrial Site 0706,Textile Industry,24.69636,85.07473
Begusarai Industrial Site 0707,Paper Mill,25.28163,86.15746
Munger Industrial Site 0708,Thermal Power Plant,25.28545,86.80291
Bokaro Industrial Site 0709,Manufacturing Unit,23.60935,86.21581
Faridabad Industrial Site 0710,Industrial Estate,28.57922,77.57511
Gurugram Industrial Site 0711,Power Plant,28.25793,76.99468
Noida Industrial Site 0712,Steel Plant,28.46764,77.24325
Kota Industrial Site 0713,Cement Plant,25.22904,75.92677
Agra Industrial Site 0714,Refinery,27.16269,78.11844
Nashik Industrial Site 0715,Chemical Plant,19.76428,73.70577
Aurangabad Industrial Site 0716,Textile Industry,19.86534,75.29048
Thane Industrial Site 0717,Paper Mill,19.33372,72.95572
Jalandhar Industrial Site 0718,Thermal Power Plant,31.276,75.60766
Panipat Industrial Site 0719,Manufacturing Unit,29.49372,77.10112
Vapi Industrial Site 0720,Industrial Estate,19.98043,73.31832
Delhi Industrial Site 0721,Power Plant,28.80974,77.16488
Mumbai Industrial Site 0722,Steel Plant,18.80006,72.69448
Kolkata Industrial Site 0723,Cement Plant,22.70935,88.677
Chennai Industrial Site 0724,Refinery,13.19735,80.32948
Bengaluru Industrial Site 0725,Chemical Plant,12.83481,77.443
Hyderabad Industrial Site 0726,Textile Industry,17.3524,78.48279
Ahmedabad Industrial Site 0727,Paper Mill,23.0579,72.80302
Pune Industrial Site 0728,Thermal Power Plant,18.6965,73.90891
Jaipur Industrial Site 0729,Manufacturing Unit,26.71587,75.59928
Lucknow Industrial Site 0730,Industrial Estate,26.88437,80.95057
Kanpur Industrial Site 0731,Power Plant,26.8597,80.41174
Patna Industrial Site 0732,Steel Plant,25.63447,85.24885
Bhopal Industrial Site 0733,Cement Plant,23.30376,77.21957
Indore Industrial Site 0734,Refinery,22.82313,75.98077
Nagpur Industrial Site 0735,Chemical Plant,21.09887,79.03424
Surat Industrial Site 0736,Textile Industry,20.82481,72.9597
Vadodara Industrial Site 0737,Paper Mill,22.36085,73.16958
Rajkot Industrial Site 0738,Thermal Power Plant,22.42642,70.66707
Ranchi Industrial Site 0739,Manufacturing Unit,23.24179,84.98602
Jamshedpur Industrial Site 0740,Industrial Estate,22.71596,86.2425
Bhubaneswar Industrial Site 0741,Power Plant,19.95674,85.59831
Visakhapatnam Industrial Site 0742,Steel Plant,17.62574,83.21464
Vijayawada Industrial Site 0743,Cement Plant,16.4226,80.67786
Coimbatore Industrial Site 0744,Refinery,10.76777,77.17858
Kochi Industrial Site 0745,Chemical Plant,9.80704,75.99291
Guwahati Industrial Site 0746,Textile Industry,26.05009,92.01779
Ludhiana Industrial Site 0747,Paper Mill,30.94258,76.01087
Amritsar Industrial Site 0748,Thermal Power Plant,32.03302,74.81119
Bikaner Industrial Site 0749,Manufacturing Unit,27.95169,73.27647
Jodhpur Industrial Site 0750,Industrial Estate,26.35226,73.0043
Raipur Industrial Site 0751,Power Plant,21.35278,81.62181
Durgapur Industrial Site 0752,Steel Plant,23.54387,87.31118
Asansol Industrial Site 0753,Cement Plant,23.39586,86.97755
Gaya Industrial Site 0754,Refinery,24.95142,84.79611
Begusarai Industrial Site 0755,Chemical Plant,25.25823,86.20651
Munger Industrial Site 0756,Textile Industry,25.38461,86.47565
Bokaro Industrial Site 0757,Paper Mill,23.37136,86.26192
Faridabad Industrial Site 0758,Thermal Power Plant,28.51702,77.23293
Gurugram Industrial Site 0759,Manufacturing Unit,28.50668,77.23372
Noida Industrial Site 0760,Industrial Estate,28.75065,77.28841
Kota Industrial Site 0761,Power Plant,25.2524,75.83054
Agra Industrial Site 0762,Steel Plant,27.04875,77.98698
Nashik Industrial Site 0763,Cement Plant,19.68714,74.14279
Aurangabad Industrial Site 0764,Refinery,20.24963,75.16806
Thane Industrial Site 0765,Chemical Plant,19.26439,73.09651
Jalandhar Industrial Site 0766,Textile Industry,31.23231,75.44939
Panipat Industrial Site 0767,Paper Mill,29.28294,76.91339
Vapi Industrial Site 0768,Thermal Power Plant,20.2699,72.84085
Delhi Industrial Site 0769,Manufacturing Unit,28.62559,77.131
Mumbai Industrial Site 0770,Industrial Estate,19.30835,72.70662
Kolkata Industrial Site 0771,Power Plant,22.48444,88.3794
Chennai Industrial Site 0772,Steel Plant,13.13425,80.23145
Bengaluru Industrial Site 0773,Cement Plant,12.75151,77.36863
Hyderabad Industrial Site 0774,Refinery,17.71558,78.34533
Ahmedabad Industrial Site 0775,Chemical Plant,22.8709,72.52335
Pune Industrial Site 0776,Textile Industry,18.45122,73.85512
Jaipur Industrial Site 0777,Paper Mill,26.72376,75.55779
Lucknow Industrial Site 0778,Thermal Power Plant,26.75918,80.78879
Kanpur Industrial Site 0779,Manufacturing Unit,26.21412,80.34657
Patna Industrial Site 0780,Industrial Estate,25.44336,85.28289
Bhopal Industrial Site 0781,Power Plant,23.49832,77.34399
Indore Industrial Site 0782,Steel Plant,22.81629,75.81784
Nagpur Industrial Site 0783,Cement Plant,21.03344,79.3558
Surat Industrial Site 0784,Refinery,21.15518,72.63933
Vadodara Industrial Site 0785,Chemical Plant,22.25993,73.11049
Rajkot Industrial Site 0786,Textile Industry,22.15053,70.77107
Ranchi Industrial Site 0787,Paper Mill,23.38406,85.19126
Jamshedpur Industrial Site 0788,Thermal Power Plant,22.65172,86.14287
Bhubaneswar Industrial Site 0789,Manufacturing Unit,20.13434,85.9776
Visakhapatnam Industrial Site 0790,Industrial Estate,17.66973,83.16882
Vijayawada Industrial Site 0791,Power Plant,16.29569,80.5749
Coimbatore Industrial Site 0792,Steel Plant,11.0787,76.99601
Kochi Industrial Site 0793,Cement Plant,10.21255,76.3165
Guwahati Industrial Site 0794,Refinery,26.05006,91.68533
Ludhiana Industrial Site 0795,Chemical Plant,30.64189,75.35156
Amritsar Industrial Site 0796,Textile Industry,31.50159,74.84464
Bikaner Industrial Site 0797,Paper Mill,28.15547,73.40267
Jodhpur Industrial Site 0798,Thermal Power Plant,26.17155,73.04676
Raipur Industrial Site 0799,Manufacturing Unit,21.31437,81.49175
Durgapur Industrial Site 0800,Industrial Estate,23.45678,87.29584
Asansol Industrial Site 0801,Power Plant,23.69284,86.86423
Gaya Industrial Site 0802,Steel Plant,25.08707,85.1316
Begusarai Industrial Site 0803,Cement Plant,25.35091,86.19868
Munger Industrial Site 0804,Refinery,25.32556,86.67544
Bokaro Industrial Site 0805,Chemical Plant,23.94529,86.03778
Faridabad Industrial Site 0806,Textile Industry,28.26721,77.33067
Gurugram Industrial Site 0807,Paper Mill,28.74076,77.25654
Noida Industrial Site 0808,Thermal Power Plant,28.346,77.18192
Kota Industrial Site 0809,Manufacturing Unit,25.15659,75.85396
Agra Industrial Site 0810,Industrial Estate,27.36269,78.092
Nashik Industrial Site 0811,Power Plant,20.17455,73.56177
Aurangabad Industrial Site 0812,Steel Plant,19.65146,75.06587
Thane Industrial Site 0813,Cement Plant,19.42336,72.80881
Jalandhar Industrial Site 0814,Refinery,31.16195,75.65174
Panipat Industrial Site 0815,Chemical Plant,29.57712,77.07745
Vapi Industrial Site 0816,Textile Industry,20.68006,73.2089
Delhi Industrial Site 0817,Paper Mill,28.61074,77.17479
Mumbai Industrial Site 0818,Thermal Power Plant,19.13319,72.84289
Kolkata Industrial Site 0819,Manufacturing Unit,22.48871,88.55629
Chennai Industrial Site 0820,Industrial Estate,13.26806,80.3547
Bengaluru Industrial Site 0821,Power Plant,12.86516,77.71956
Hyderabad Industrial Site 0822,Steel Plant,17.68509,78.55331
Ahmedabad Industrial Site 0823,Cement Plant,22.84388,72.46767
Pune Industrial Site 0824,Refinery,18.31989,73.91971
Jaipur Industrial Site 0825,Chemical Plant,26.93143,75.89666
Lucknow Industrial Site 0826,Textile Industry,27.05009,80.79581
Kanpur Industrial Site 0827,Paper Mill,26.57655,80.49372
Patna Industrial Site 0828,Thermal Power Plant,25.44584,85.10934
Bhopal Industrial Site 0829,Manufacturing Unit,23.08699,77.21014
Indore Industrial Site 0830,Industrial Estate,22.67978,76.04529
Nagpur Industrial Site 0831,Power Plant,21.05187,79.21679
Surat Industrial Site 0832,Steel Plant,21.18689,73.16248
Vadodara Industrial Site 0833,Cement Plant,22.37773,73.12931
Rajkot Industrial Site 0834,Refinery,22.4725,70.56282
Ranchi Industrial Site 0835,Chemical Plant,23.49076,85.14287
Jamshedpur Industrial Site 0836,Textile Industry,23.02887,86.31745
Bhubaneswar Industrial Site 0837,Paper Mill,20.40403,86.25611
Visakhapatnam Industrial Site 0838,Thermal Power Plant,17.64394,83.13654
Vijayawada Industrial Site 0839,Manufacturing Unit,16.86421,80.22189
Coimbatore Industrial Site 0840,Industrial Estate,11.10727,77.29922
Kochi Industrial Site 0841,Power Plant,9.92536,76.38652
Guwahati Industrial Site 0842,Steel Plant,26.0233,91.66743
Ludhiana Industrial Site 0843,Cement Plant,31.08971,75.86936
Amritsar Industrial Site 0844,Refinery,31.83862,74.62549
Bikaner Industrial Site 0845,Chemical Plant,28.27847,73.30597
Jodhpur Industrial Site 0846,Textile Industry,26.29618,72.88331
Raipur Industrial Site 0847,Paper Mill,21.01436,81.49025
Durgapur Industrial Site 0848,Thermal Power Plant,23.66391,87.10457
Asansol Industrial Site 0849,Manufacturing Unit,23.75144,86.71976
Gaya Industrial Site 0850,Industrial Estate,24.80314,85.27944
Begusarai Industrial Site 0851,Power Plant,25.55574,86.37006
Munger Industrial Site 0852,Steel Plant,25.48729,86.7553
Bokaro Industrial Site 0853,Cement Plant,23.58787,86.51376
Faridabad Industrial Site 0854,Refinery,28.51705,77.50908
Gurugram Industrial Site 0855,Chemical Plant,28.33705,77.0395
Noida Industrial Site 0856,Textile Industry,28.52733,77.51824
Kota Industrial Site 0857,Paper Mill,25.22183,75.79931
Agra Industrial Site 0858,Thermal Power Plant,27.32336,78.04242
Nashik Industrial Site 0859,Manufacturing Unit,20.05081,73.88096
Aurangabad Industrial Site 0860,Industrial Estate,19.77436,75.46514
Thane Industrial Site 0861,Power Plant,19.26335,72.88153
Jalandhar Industrial Site 0862,Steel Plant,30.96347,75.3919
Panipat Industrial Site 0863,Cement Plant,29.20469,77.01362
Vapi Industrial Site 0864,Refinery,20.23044,73.06538
Delhi Industrial Site 0865,Chemical Plant,28.5428,77.12154
Mumbai Industrial Site 0866,Textile Industry,19.06705,72.77798
Kolkata Industrial Site 0867,Paper Mill,22.55341,88.26921
Chennai Industrial Site 0868,Thermal Power Plant,12.87091,80.54109
Bengaluru Industrial Site 0869,Manufacturing Unit,12.86083,77.55787
Hyderabad Industrial Site 0870,Industrial Estate,17.36096,78.40303
Ahmedabad Industrial Site 0871,Power Plant,23.17851,72.43726
Pune Industrial Site 0872,Steel Plant,18.62244,73.98235
Jaipur Industrial Site 0873,Cement Plant,26.85649,75.96997
Lucknow Industrial Site 0874,Refinery,26.95348,80.98422
Kanpur Industrial Site 0875,Chemical Plant,26.06662,80.45066
Patna Industrial Site 0876,Textile Industry,25.75585,85.06294
Bhopal Industrial Site 0877,Paper Mill,23.09079,77.46588
Indore Industrial Site 0878,Thermal Power Plant,22.65817,75.76844
Nagpur Industrial Site 0879,Manufacturing Unit,21.06552,78.93747
Surat Industrial Site 0880,Industrial Estate,21.33797,73.14416
Vadodara Industrial Site 0881,Power Plant,22.14914,73.22053
Rajkot Industrial Site 0882,Steel Plant,22.08115,71.19939
Ranchi Industrial Site 0883,Cement Plant,23.2532,85.02625
Jamshedpur Industrial Site 0884,Refinery,22.86254,86.15845
Bhubaneswar Industrial Site 0885,Chemical Plant,20.08613,85.71239
Visakhapatnam Industrial Site 0886,Textile Industry,17.84778,83.28647
Vijayawada Industrial Site 0887,Paper Mill,16.67569,80.92516
Coimbatore Industrial Site 0888,Thermal Power Plant,10.93636,76.89817
Kochi Industrial Site 0889,Manufacturing Unit,9.94034,76.32366
Guwahati Industrial Site 0890,Industrial Estate,25.66532,91.98177
Ludhiana Industrial Site 0891,Power Plant,30.91687,75.87634
Amritsar Industrial Site 0892,Steel Plant,31.55143,74.56312
Bikaner Industrial Site 0893,Cement Plant,28.2316,73.31081
Jodhpur Industrial Site 0894,Refinery,26.30682,73.28343
Raipur Industrial Site 0895,Chemical Plant,21.14731,81.69399
Durgapur Industrial Site 0896,Textile Industry,23.6608,87.49112
Asansol Industrial Site 0897,Paper Mill,23.66866,86.32687
Gaya Industrial Site 0898,Thermal Power Plant,24.62849,85.09411
Begusarai Industrial Site 0899,Manufacturing Unit,25.49188,86.40104
Munger Industrial Site 0900,Industrial Estate,25.30041,86.14079
Bokaro Industrial Site 0901,Power Plant,23.58677,85.9839
Faridabad Industrial Site 0902,Steel Plant,28.22221,77.39368
Gurugram Industrial Site 0903,Cement Plant,28.32257,77.18265
Noida Industrial Site 0904,Refinery,28.56513,77.57252
Kota Industrial Site 0905,Chemical Plant,25.02561,75.87401
Agra Industrial Site 0906,Textile Industry,27.0375,77.98199
Nashik Industrial Site 0907,Paper Mill,20.23851,73.67761
Aurangabad Industrial Site 0908,Thermal Power Plant,20.07094,75.30359
Thane Industrial Site 0909,Manufacturing Unit,19.26557,73.13282
Jalandhar Industrial Site 0910,Industrial Estate,31.45124,75.38162
Panipat Industrial Site 0911,Power Plant,29.62136,77.10518
Vapi Industrial Site 0912,Steel Plant,20.50426,72.87682
Delhi Industrial Site 0913,Cement Plant,28.7822,77.24252
Mumbai Industrial Site 0914,Refinery,19.09447,72.76073
Kolkata Industrial Site 0915,Chemical Plant,22.64694,88.16823
Chennai Industrial Site 0916,Textile Industry,13.17869,80.35171
Bengaluru Industrial Site 0917,Paper Mill,13.29129,77.42551
Hyderabad Industrial Site 0918,Thermal Power Plant,17.50344,78.85872
Ahmedabad Industrial Site 0919,Manufacturing Unit,23.19037,72.49825
Pune Industrial Site 0920,Industrial Estate,18.41648,73.66513
Jaipur Industrial Site 0921,Power Plant,27.13623,75.95903
Lucknow Industrial Site 0922,Steel Plant,26.68874,80.97993
Kanpur Industrial Site 0923,Cement Plant,26.27597,80.29359
Patna Industrial Site 0924,Refinery,25.58359,85.09546
Bhopal Industrial Site 0925,Chemical Plant,23.24645,77.35072
Indore Industrial Site 0926,Textile Industry,22.7547,75.67743
Nagpur Industrial Site 0927,Paper Mill,20.98561,79.35007
Surat Industrial Site 0928,Thermal Power Plant,21.31704,73.0162
Vadodara Industrial Site 0929,Manufacturing Unit,22.20338,73.33038
Rajkot Industrial Site 0930,Industrial Estate,21.99568,70.90676
Ranchi Industrial Site 0931,Power Plant,23.29438,85.07376
Jamshedpur Industrial Site 0932,Steel Plant,22.82806,86.10407
Bhubaneswar Industrial Site 0933,Cement Plant,20.13662,85.82873
Visakhapatnam Industrial Site 0934,Refinery,17.67092,83.37883
Vijayawada Industrial Site 0935,Chemical Plant,16.46624,80.44306
Coimbatore Industrial Site 0936,Textile Industry,11.01059,76.96806
Kochi Industrial Site 0937,Paper Mill,9.99633,76.3699
Guwahati Industrial Site 0938,Thermal Power Plant,26.19798,91.87549
Ludhiana Industrial Site 0939,Manufacturing Unit,30.96705,75.82252
Amritsar Industrial Site 0940,Industrial Estate,31.54335,75.04386
Bikaner Industrial Site 0941,Power Plant,27.9388,73.08845
Jodhpur Industrial Site 0942,Steel Plant,26.07022,73.0165
Raipur Industrial Site 0943,Cement Plant,21.35616,81.58138
Durgapur Industrial Site 0944,Refinery,23.59543,87.2969
Asansol Industrial Site 0945,Chemical Plant,23.7413,87.27124
Gaya Industrial Site 0946,Textile Industry,24.73709,84.93927
Begusarai Industrial Site 0947,Paper Mill,25.49224,85.99837
Munger Industrial Site 0948,Thermal Power Plant,25.17527,86.74153
Bokaro Industrial Site 0949,Manufacturing Unit,23.49422,86.14632
Faridabad Industrial Site 0950,Industrial Estate,28.27188,77.2303
Gurugram Industrial Site 0951,Power Plant,28.63699,77.10362
Noida Industrial Site 0952,Steel Plant,28.07246,77.37737
Kota Industrial Site 0953,Cement Plant,25.41252,75.94691
Agra Industrial Site 0954,Refinery,27.13097,77.96945
Nashik Industrial Site 0955,Chemical Plant,20.01091,73.87246
Aurangabad Industrial Site 0956,Textile Industry,19.93749,75.55421
Thane Industrial Site 0957,Paper Mill,19.1933,73.04439
Jalandhar Industrial Site 0958,Thermal Power Plant,31.22322,75.61676
Panipat Industrial Site 0959,Manufacturing Unit,29.48101,76.90234
Vapi Industrial Site 0960,Industrial Estate,20.37556,72.66023
Delhi Industrial Site 0961,Power Plant,28.60931,77.14159
Mumbai Industrial Site 0962,Steel Plant,19.0968,73.05842
Kolkata Industrial Site 0963,Cement Plant,22.90123,88.44522
Chennai Industrial Site 0964,Refinery,13.06147,80.40612
Bengaluru Industrial Site 0965,Chemical Plant,12.97389,77.68662
Hyderabad Industrial Site 0966,Textile Industry,17.3386,78.47492
Ahmedabad Industrial Site 0967,Paper Mill,23.12031,72.76862
Pune Industrial Site 0968,Thermal Power Plant,18.50856,73.90058
Jaipur Industrial Site 0969,Manufacturing Unit,27.01128,75.78653
Lucknow Industrial Site 0970,Industrial Estate,26.86527,80.95611
Kanpur Industrial Site 0971,Power Plant,26.47812,80.56772
Patna Industrial Site 0972,Steel Plant,25.41165,85.08924
Bhopal Industrial Site 0973,Cement Plant,22.89382,77.47515
Indore Industrial Site 0974,Refinery,22.91901,75.6299
Nagpur Industrial Site 0975,Chemical Plant,20.9232,78.93846
Surat Industrial Site 0976,Textile Industry,21.15518,72.8634
Vadodara Industrial Site 0977,Paper Mill,22.5636,73.26582
Rajkot Industrial Site 0978,Thermal Power Plant,22.35666,70.94391
Ranchi Industrial Site 0979,Manufacturing Unit,23.37964,85.31477
Jamshedpur Industrial Site 0980,Industrial Estate,23.03689,86.10065
Bhubaneswar Industrial Site 0981,Power Plant,20.19001,85.58605
Visakhapatnam Industrial Site 0982,Steel Plant,17.77399,83.26147
Vijayawada Industrial Site 0983,Cement Plant,16.44939,80.68798
Coimbatore Industrial Site 0984,Refinery,11.05582,77.13379
Kochi Industrial Site 0985,Chemical Plant,9.9137,76.2859
Guwahati Industrial Site 0986,Textile Industry,26.28607,91.68288
Ludhiana Industrial Site 0987,Paper Mill,31.1063,76.03664
Amritsar Industrial Site 0988,Thermal Power Plant,31.54413,74.69171
Bikaner Industrial Site 0989,Manufacturing Unit,28.17106,73.33415
Jodhpur Industrial Site 0990,Industrial Estate,26.34844,72.93674
Raipur Industrial Site 0991,Power Plant,20.91998,81.75113
Durgapur Industrial Site 0992,Steel Plant,23.55871,87.24088
Asansol Industrial Site 0993,Cement Plant,23.97073,86.89969
Gaya Industrial Site 0994,Refinery,24.74157,84.95146
Begusarai Industrial Site 0995,Chemical Plant,25.34968,86.10167
Munger Industrial Site 0996,Textile Industry,25.53674,86.4433
Bokaro Industrial Site 0997,Paper Mill,23.76582,86.1783
Faridabad Industrial Site 0998,Thermal Power Plant,28.62474,77.16751
Gurugram Industrial Site 0999,Manufacturing Unit,28.32252,76.95488
Noida Industrial Site 1000,Industrial Estate,28.46906,77.36633
Kota Industrial Site 1001,Power Plant,25.08519,75.78199
Agra Industrial Site 1002,Steel Plant,26.86387,78.48011
Nashik Industrial Site 1003,Cement Plant,20.13355,73.83567
Aurangabad Industrial Site 1004,Refinery,20.04129,75.37737
Thane Industrial Site 1005,Chemical Plant,19.24232,73.06065
Jalandhar Industrial Site 1006,Textile Industry,31.47714,75.77715
Panipat Industrial Site 1007,Paper Mill,29.30542,77.05634
Vapi Industrial Site 1008,Thermal Power Plant,20.2455,73.25138
Delhi Industrial Site 1009,Manufacturing Unit,28.25674,77.27116
Mumbai Industrial Site 1010,Industrial Estate,19.07335,73.10814
Kolkata Industrial Site 1011,Power Plant,22.67994,88.13471
Chennai Industrial Site 1012,Steel Plant,13.29842,80.64856
Bengaluru Industrial Site 1013,Cement Plant,13.25392,77.60851
Hyderabad Industrial Site 1014,Refinery,17.63129,78.40448
Ahmedabad Industrial Site 1015,Chemical Plant,22.72292,72.2803
Pune Industrial Site 1016,Textile Industry,18.49061,73.7958
Jaipur Industrial Site 1017,Paper Mill,26.78373,75.79432
Lucknow Industrial Site 1018,Thermal Power Plant,26.8097,81.02601
Kanpur Industrial Site 1019,Manufacturing Unit,26.33432,80.38967
Patna Industrial Site 1020,Industrial Estate,25.44461,84.93923
Bhopal Industrial Site 1021,Power Plant,23.16628,77.43988
Indore Industrial Site 1022,Steel Plant,22.66979,75.75337
Nagpur Industrial Site 1023,Cement Plant,21.31845,79.22352
Surat Industrial Site 1024,Refinery,21.21473,72.77193
Vadodara Industrial Site 1025,Chemical Plant,22.20045,73.04234
Rajkot Industrial Site 1026,Textile Industry,22.50675,70.73375
Ranchi Industrial Site 1027,Paper Mill,23.31654,85.35508
Jamshedpur Industrial Site 1028,Thermal Power Plant,22.90686,86.31682
Bhubaneswar Industrial Site 1029,Manufacturing Unit,20.0221,85.98939
Visakhapatnam Industrial Site 1030,Industrial Estate,17.35605,83.39224
Vijayawada Industrial Site 1031,Power Plant,16.53318,80.59486
Coimbatore Industrial Site 1032,Steel Plant,11.16272,76.98414
Kochi Industrial Site 1033,Cement Plant,10.18023,76.41822
Guwahati Industrial Site 1034,Refinery,26.08026,91.56331
Ludhiana Industrial Site 1035,Chemical Plant,30.86702,75.84691
Amritsar Industrial Site 1036,Textile Industry,31.74528,74.82001
Bikaner Industrial Site 1037,Paper Mill,28.15334,73.41047
Jodhpur Industrial Site 1038,Thermal Power Plant,26.31128,73.24897
Raipur Industrial Site 1039,Manufacturing Unit,21.34533,81.41056
Durgapur Industrial Site 1040,Industrial Estate,23.47278,87.23644
Asansol Industrial Site 1041,Power Plant,23.80357,87.01366
Gaya Industrial Site 1042,Steel Plant,25.20044,85.20684
Begusarai Industrial Site 1043,Cement Plant,25.34813,86.0883
Munger Industrial Site 1044,Refinery,25.56898,86.20632
Bokaro Industrial Site 1045,Chemical Plant,23.73911,86.31432
Faridabad Industrial Site 1046,Textile Industry,28.55557,77.17147
Gurugram Industrial Site 1047,Paper Mill,28.33844,77.06415
Noida Industrial Site 1048,Thermal Power Plant,28.82083,77.24074
Kota Industrial Site 1049,Manufacturing Unit,25.14551,75.79244
Agra Industrial Site 1050,Industrial Estate,27.11141,78.02687
Nashik Industrial Site 1051,Power Plant,19.79864,73.79102
Aurangabad Industrial Site 1052,Steel Plant,19.95504,75.20805
Thane Industrial Site 1053,Cement Plant,19.07601,72.82937
Jalandhar Industrial Site 1054,Refinery,31.50721,75.47842
Panipat Industrial Site 1055,Chemical Plant,29.55794,76.94542
Vapi Industrial Site 1056,Textile Industry,20.39079,73.02045
Delhi Industrial Site 1057,Paper Mill,28.66133,77.37684
Mumbai Industrial Site 1058,Thermal Power Plant,19.08427,73.00993
Kolkata Industrial Site 1059,Manufacturing Unit,22.44458,88.31716
Chennai Industrial Site 1060,Industrial Estate,13.34508,80.22851
Bengaluru Industrial Site 1061,Power Plant,12.91161,77.43804
Hyderabad Industrial Site 1062,Steel Plant,17.10443,78.34788
Ahmedabad Industrial Site 1063,Cement Plant,23.24744,72.45893
Pune Industrial Site 1064,Refinery,18.65679,73.84698
Jaipur Industrial Site 1065,Chemical Plant,26.96932,75.72225
Lucknow Industrial Site 1066,Textile Industry,26.88269,80.65402
Kanpur Industrial Site 1067,Paper Mill,26.29613,80.29408
Patna Industrial Site 1068,Thermal Power Plant,25.65358,85.01126
Bhopal Industrial Site 1069,Manufacturing Unit,23.22768,77.60898
Indore Industrial Site 1070,Industrial Estate,22.73969,75.83606
Nagpur Industrial Site 1071,Power Plant,21.44577,79.22423
Surat Industrial Site 1072,Steel Plant,21.15637,72.87283
Vadodara Industrial Site 1073,Cement Plant,22.54122,73.15593
Rajkot Industrial Site 1074,Refinery,22.33478,71.00721
Ranchi Industrial Site 1075,Chemical Plant,23.37957,85.17985
Jamshedpur Industrial Site 1076,Textile Industry,22.81163,86.43017
Bhubaneswar Industrial Site 1077,Paper Mill,20.34139,85.55958
Visakhapatnam Industrial Site 1078,Thermal Power Plant,17.65476,83.19924
Vijayawada Industrial Site 1079,Manufacturing Unit,16.13134,80.64896
Coimbatore Industrial Site 1080,Industrial Estate,11.19231,76.91113
Kochi Industrial Site 1081,Power Plant,9.99845,76.21876
Guwahati Industrial Site 1082,Steel Plant,26.13937,91.6767
Ludhiana Industrial Site 1083,Cement Plant,30.65937,76.07551
Amritsar Industrial Site 1084,Refinery,31.57821,74.97949
Bikaner Industrial Site 1085,Chemical Plant,27.78256,73.3366
Jodhpur Industrial Site 1086,Textile Industry,26.21698,72.96485
Raipur Industrial Site 1087,Paper Mill,21.50623,81.50827
Durgapur Industrial Site 1088,Thermal Power Plant,23.6212,87.42046
Asansol Industrial Site 1089,Manufacturing Unit,23.70891,86.97117
Gaya Industrial Site 1090,Industrial Estate,24.57584,85.01448
Begusarai Industrial Site 1091,Power Plant,25.64217,86.24991
Munger Industrial Site 1092,Steel Plant,25.34066,86.29266
Bokaro Industrial Site 1093,Cement Plant,23.60971,85.81356
Faridabad Industrial Site 1094,Refinery,28.47276,77.36375
Gurugram Industrial Site 1095,Chemical Plant,28.33833,77.03831
Noida Industrial Site 1096,Textile Industry,28.41843,77.30784
Kota Industrial Site 1097,Paper Mill,25.34057,75.73743
Agra Industrial Site 1098,Thermal Power Plant,27.44928,78.02792
Nashik Industrial Site 1099,Manufacturing Unit,20.22582,73.87868
Aurangabad Industrial Site 1100,Industrial Estate,19.9062,75.42396
Thane Industrial Site 1101,Power Plant,19.07886,73.18712
Jalandhar Industrial Site 1102,Steel Plant,31.26839,75.46133
Panipat Industrial Site 1103,Cement Plant,29.38147,77.05626
Vapi Industrial Site 1104,Refinery,20.26868,72.98529
Delhi Industrial Site 1105,Chemical Plant,28.57871,77.02011
Mumbai Industrial Site 1106,Textile Industry,18.69601,72.95484
Kolkata Industrial Site 1107,Paper Mill,22.37591,88.49981
Chennai Industrial Site 1108,Thermal Power Plant,13.26454,80.18252
Bengaluru Industrial Site 1109,Manufacturing Unit,13.24925,77.63849
Hyderabad Industrial Site 1110,Industrial Estate,17.32723,78.77948
Ahmedabad Industrial Site 1111,Power Plant,22.80231,72.1819
Pune Industrial Site 1112,Steel Plant,18.43281,73.83495
Jaipur Industrial Site 1113,Cement Plant,26.80551,76.03061
Lucknow Industrial Site 1114,Refinery,26.79704,80.76465
Kanpur Industrial Site 1115,Chemical Plant,26.429,80.07154
Patna Industrial Site 1116,Textile Industry,25.64278,84.8324
Bhopal Industrial Site 1117,Paper Mill,23.50846,77.28359
Indore Industrial Site 1118,Thermal Power Plant,22.88838,76.00402
Nagpur Industrial Site 1119,Manufacturing Unit,21.18822,79.32203
Surat Industrial Site 1120,Industrial Estate,21.53317,72.9624
Vadodara Industrial Site 1121,Power Plant,22.32316,73.07532
Rajkot Industrial Site 1122,Steel Plant,22.32747,71.20592
Ranchi Industrial Site 1123,Cement Plant,23.17587,85.15428
Jamshedpur Industrial Site 1124,Refinery,22.71603,86.242
Bhubaneswar Industrial Site 1125,Chemical Plant,20.38595,85.86136
Visakhapatnam Industrial Site 1126,Textile Industry,17.60854,83.02656
Vijayawada Industrial Site 1127,Paper Mill,16.39653,80.77004
Coimbatore Industrial Site 1128,Thermal Power Plant,10.96618,77.21201
Kochi Industrial Site 1129,Manufacturing Unit,10.19808,76.3981
Guwahati Industrial Site 1130,Industrial Estate,26.21599,91.97796
Ludhiana Industrial Site 1131,Power Plant,31.01795,75.95942
Amritsar Industrial Site 1132,Steel Plant,31.68655,74.77083
Bikaner Industrial Site 1133,Cement Plant,27.85243,73.6577
Jodhpur Industrial Site 1134,Refinery,26.053,73.06731
Raipur Industrial Site 1135,Chemical Plant,20.88697,81.48819
Durgapur Industrial Site 1136,Textile Industry,23.72574,87.26534
Asansol Industrial Site 1137,Paper Mill,23.88701,86.8642
Gaya Industrial Site 1138,Thermal Power Plant,24.59586,85.0741
Begusarai Industrial Site 1139,Manufacturing Unit,25.26169,86.02466
Munger Industrial Site 1140,Industrial Estate,25.14916,86.35767
Bokaro Industrial Site 1141,Power Plant,23.62781,86.2413
Faridabad Industrial Site 1142,Steel Plant,28.50455,77.46282
Gurugram Industrial Site 1143,Cement Plant,28.50108,77.07548
Noida Industrial Site 1144,Refinery,28.36961,77.58102
Kota Industrial Site 1145,Chemical Plant,25.09507,76.0439
Agra Industrial Site 1146,Textile Industry,27.40583,77.9642
Nashik Industrial Site 1147,Paper Mill,19.94005,73.70939
Aurangabad Industrial Site 1148,Thermal Power Plant,19.99337,75.19525
Thane Industrial Site 1149,Manufacturing Unit,18.85524,73.31591
Jalandhar Industrial Site 1150,Industrial Estate,31.37148,75.45933
Panipat Industrial Site 1151,Power Plant,29.53293,76.99037
Vapi Industrial Site 1152,Steel Plant,20.53567,73.22723
Delhi Industrial Site 1153,Cement Plant,28.63238,77.2277
Mumbai Industrial Site 1154,Refinery,19.22129,72.81482
Kolkata Industrial Site 1155,Chemical Plant,22.55116,88.41502
Chennai Industrial Site 1156,Textile Industry,13.06059,80.46192
Bengaluru Industrial Site 1157,Paper Mill,13.0087,77.67504
Hyderabad Industrial Site 1158,Thermal Power Plant,17.59442,78.34911
Ahmedabad Industrial Site 1159,Manufacturing Unit,23.26306,72.56023
Pune Industrial Site 1160,Industrial Estate,18.53072,74.18949
Jaipur Industrial Site 1161,Power Plant,27.10624,75.40294
Lucknow Industrial Site 1162,Steel Plant,26.84409,80.78704
Kanpur Industrial Site 1163,Cement Plant,26.38884,80.35754
Patna Industrial Site 1164,Refinery,25.57215,85.30888
Bhopal Industrial Site 1165,Chemical Plant,23.26618,77.30519
Indore Industrial Site 1166,Textile Industry,22.79969,75.8762
Nagpur Industrial Site 1167,Paper Mill,21.04205,79.06181
Surat Industrial Site 1168,Thermal Power Plant,21.30617,72.62319
Vadodara Industrial Site 1169,Manufacturing Unit,22.39332,72.96567
Rajkot Industrial Site 1170,Industrial Estate,22.41009,71.08447
Ranchi Industrial Site 1171,Power Plant,23.26346,85.36043
Jamshedpur Industrial Site 1172,Steel Plant,22.69699,86.05654
Bhubaneswar Industrial Site 1173,Cement Plant,20.30354,85.78114
Visakhapatnam Industrial Site 1174,Refinery,17.47423,83.28542
Vijayawada Industrial Site 1175,Chemical Plant,16.3926,80.57932
Coimbatore Industrial Site 1176,Textile Industry,11.03033,76.98436
Kochi Industrial Site 1177,Paper Mill,9.98379,76.34919
Guwahati Industrial Site 1178,Thermal Power Plant,26.07023,91.94776
Ludhiana Industrial Site 1179,Manufacturing Unit,31.19372,75.63357
Amritsar Industrial Site 1180,Industrial Estate,31.46542,74.8953
Bikaner Industrial Site 1181,Power Plant,28.25646,73.1674
Jodhpur Industrial Site 1182,Steel Plant,26.28129,72.80345
Raipur Industrial Site 1183,Cement Plant,21.08518,81.81645
Durgapur Industrial Site 1184,Refinery,23.59596,87.63713
Asansol Industrial Site 1185,Chemical Plant,24.06818,86.66926
Gaya Industrial Site 1186,Textile Industry,24.71492,85.06769
Begusarai Industrial Site 1187,Paper Mill,25.41558,85.85131
Munger Industrial Site 1188,Thermal Power Plant,25.43496,86.47303
Bokaro Industrial Site 1189,Manufacturing Unit,23.59238,86.32182
Faridabad Industrial Site 1190,Industrial Estate,28.21565,77.58536
Gurugram Industrial Site 1191,Power Plant,28.41878,76.54774
Noida Industrial Site 1192,Steel Plant,28.43404,77.63068
Kota Industrial Site 1193,Cement Plant,25.36663,75.69186
Agra Industrial Site 1194,Refinery,27.36525,78.07051
Nashik Industrial Site 1195,Chemical Plant,19.88391,73.55273
Aurangabad Industrial Site 1196,Textile Industry,19.91412,75.44173
Thane Industrial Site 1197,Paper Mill,19.06675,72.86033
Jalandhar Industrial Site 1198,Thermal Power Plant,31.49394,75.24978
Panipat Industrial Site 1199,Manufacturing Unit,29.56455,77.11525
Vapi Industrial Site 1200,Industrial Estate,20.6921,72.79312
Delhi Industrial Site 0001,Power Plant,28.55071,77.06972
Mumbai Industrial Site 0002,Steel Plant,19.06465,72.78268
Kolkata Industrial Site 0003,Cement Plant,22.11302,88.18802
Chennai Industrial Site 0004,Refinery,12.92504,80.26767
Bengaluru Industrial Site 0005,Chemical Plant,12.87835,77.55741
Hyderabad Industrial Site 0006,Textile Industry,17.60499,78.5461
Ahmedabad Industrial Site 0007,Paper Mill,22.86482,72.62941
Pune Industrial Site 0008,Thermal Power Plant,18.42449,73.69853
Jaipur Industrial Site 0009,Manufacturing Unit,26.8273,75.66376
Lucknow Industrial Site 0010,Industrial Estate,26.72363,80.84816
Kanpur Industrial Site 0011,Power Plant,26.48796,80.3457
Patna Industrial Site 0012,Steel Plant,25.86149,84.70086
Bhopal Industrial Site 0013,Cement Plant,23.57181,77.20322
Indore Industrial Site 0014,Refinery,22.35438,75.71856
Nagpur Industrial Site 0015,Chemical Plant,21.00487,79.24417
Surat Industrial Site 0016,Textile Industry,21.03249,72.50242
Vadodara Industrial Site 0017,Paper Mill,22.33489,73.17428
Rajkot Industrial Site 0018,Thermal Power Plant,22.19208,70.84445
Ranchi Industrial Site 0019,Manufacturing Unit,23.11137,85.31297
Jamshedpur Industrial Site 0020,Industrial Estate,22.83951,86.19311
Bhubaneswar Industrial Site 0021,Power Plant,20.1622,85.84296
Visakhapatnam Industrial Site 0022,Steel Plant,17.74784,83.33989
Vijayawada Industrial Site 0023,Cement Plant,16.31456,80.57306
Coimbatore Industrial Site 0024,Refinery,11.13861,77.03764
Kochi Industrial Site 0025,Chemical Plant,10.0933,76.10909
Guwahati Industrial Site 0026,Textile Industry,26.40876,91.90288
Ludhiana Industrial Site 0027,Paper Mill,30.95699,75.6008
Amritsar Industrial Site 0028,Thermal Power Plant,31.61285,74.69174
Bikaner Industrial Site 0029,Manufacturing Unit,28.06934,73.34709
Jodhpur Industrial Site 0030,Industrial Estate,26.40067,72.81732
Raipur Industrial Site 0031,Power Plant,21.36449,81.68816
Durgapur Industrial Site 0032,Steel Plant,23.50171,87.50927
Asansol Industrial Site 0033,Cement Plant,23.88216,86.97633
Gaya Industrial Site 0034,Refinery,24.7701,85.03015
Begusarai Industrial Site 0035,Chemical Plant,25.67963,86.30559
Munger Industrial Site 0036,Textile Industry,25.48064,86.60325
Bokaro Industrial Site 0037,Paper Mill,23.58867,86.03271
Faridabad Industrial Site 0038,Thermal Power Plant,28.74654,77.23742
Gurugram Industrial Site 0039,Manufacturing Unit,28.37366,77.04712
Noida Industrial Site 0040,Industrial Estate,28.25251,77.4561
Kota Industrial Site 0041,Power Plant,25.28683,75.75602
Agra Industrial Site 0042,Steel Plant,27.36508,78.06709
Nashik Industrial Site 0043,Cement Plant,19.91867,73.83478
Aurangabad Industrial Site 0044,Refinery,19.90844,75.27841
Thane Industrial Site 0045,Chemical Plant,19.57919,72.91753
Jalandhar Industrial Site 0046,Textile Industry,31.22875,75.74668
Panipat Industrial Site 0047,Paper Mill,29.29542,77.16187
Vapi Industrial Site 0048,Thermal Power Plant,20.45599,73.05646
Delhi Industrial Site 0049,Manufacturing Unit,28.44876,77.03419
Mumbai Industrial Site 0050,Industrial Estate,19.24911,72.47864
Kolkata Industrial Site 0051,Power Plant,22.89701,88.35603
Chennai Industrial Site 0052,Steel Plant,12.96149,80.21749
Bengaluru Industrial Site 0053,Cement Plant,13.12249,77.87389
Hyderabad Industrial Site 0054,Refinery,17.42656,78.29285
Ahmedabad Industrial Site 0055,Chemical Plant,23.07579,73.04555
Pune Industrial Site 0056,Textile Industry,18.65306,73.87117
Jaipur Industrial Site 0057,Paper Mill,26.75139,75.62694
Lucknow Industrial Site 0058,Thermal Power Plant,27.24068,80.85658
Kanpur Industrial Site 0059,Manufacturing Unit,26.38052,80.38832
Patna Industrial Site 0060,Industrial Estate,25.71727,85.30228
Bhopal Industrial Site 0061,Power Plant,23.18842,77.60392
Indore Industrial Site 0062,Steel Plant,22.61512,75.82892
Nagpur Industrial Site 0063,Cement Plant,21.09422,78.76569
Surat Industrial Site 0064,Refinery,21.2531,73.00551
Vadodara Industrial Site 0065,Chemical Plant,22.40873,73.64592
Rajkot Industrial Site 0066,Textile Industry,21.98452,70.63924
Ranchi Industrial Site 0067,Paper Mill,23.34306,85.39381
Jamshedpur Industrial Site 0068,Thermal Power Plant,22.73693,86.3813
Bhubaneswar Industrial Site 0069,Manufacturing Unit,20.32311,85.6276
Visakhapatnam Industrial Site 0070,Industrial Estate,17.79492,83.13205
Vijayawada Industrial Site 0071,Power Plant,16.39218,80.58973
Coimbatore Industrial Site 0072,Steel Plant,10.85437,77.11425
Kochi Industrial Site 0073,Cement Plant,10.15243,76.0712
Guwahati Industrial Site 0074,Refinery,26.17628,91.95528
Ludhiana Industrial Site 0075,Chemical Plant,31.0202,76.00132
Amritsar Industrial Site 0076,Textile Industry,31.24774,74.93003
Bikaner Industrial Site 0077,Paper Mill,27.90684,73.13918
Jodhpur Industrial Site 0078,Thermal Power Plant,26.15003,72.9443
Raipur Industrial Site 0079,Manufacturing Unit,21.13216,81.56427
Durgapur Industrial Site 0080,Industrial Estate,23.5375,87.47265
Asansol Industrial Site 0081,Power Plant,23.84028,87.10892
Gaya Industrial Site 0082,Steel Plant,24.80677,84.70658
Begusarai Industrial Site 0083,Cement Plant,25.54148,86.09829
Munger Industrial Site 0084,Refinery,25.29637,86.27816
Bokaro Industrial Site 0085,Chemical Plant,23.63402,86.06147
Faridabad Industrial Site 0086,Textile Industry,28.21801,77.20436
Gurugram Industrial Site 0087,Paper Mill,28.5082,77.03174
Noida Industrial Site 0088,Thermal Power Plant,28.47892,77.36134
Kota Industrial Site 0089,Manufacturing Unit,25.26391,75.81499
Agra Industrial Site 0090,Industrial Estate,27.49143,77.88421
Nashik Industrial Site 0091,Power Plant,19.88663,73.86931
Aurangabad Industrial Site 0092,Steel Plant,19.80439,75.42489
Thane Industrial Site 0093,Cement Plant,18.9147,72.71068
Jalandhar Industrial Site 0094,Refinery,31.52914,75.73765
Panipat Industrial Site 0095,Chemical Plant,29.45529,76.93394
Vapi Industrial Site 0096,Textile Industry,20.61392,73.03159
Delhi Industrial Site 0097,Paper Mill,28.8708,77.67093
Mumbai Industrial Site 0098,Thermal Power Plant,18.80455,72.69144
Kolkata Industrial Site 0099,Manufacturing Unit,22.64743,88.3817
Chennai Industrial Site 0100,Industrial Estate,12.88404,80.27941
Bengaluru Industrial Site 0101,Power Plant,12.93745,77.78541
Hyderabad Industrial Site 0102,Steel Plant,17.31224,78.6069
Ahmedabad Industrial Site 0103,Cement Plant,22.84258,72.72656
Pune Industrial Site 0104,Refinery,18.71563,73.90259
Jaipur Industrial Site 0105,Chemical Plant,26.71894,75.75447
Lucknow Industrial Site 0106,Textile Industry,26.90405,80.89546
Kanpur Industrial Site 0107,Paper Mill,26.50692,80.37709
Patna Industrial Site 0108,Thermal Power Plant,25.60338,84.90271
Bhopal Industrial Site 0109,Manufacturing Unit,23.34387,77.39988
Indore Industrial Site 0110,Industrial Estate,22.69688,75.78866
Nagpur Industrial Site 0111,Power Plant,20.91703,79.17025
Surat Industrial Site 0112,Steel Plant,21.09863,72.78297
Vadodara Industrial Site 0113,Cement Plant,22.28623,73.18411
Rajkot Industrial Site 0114,Refinery,22.41417,70.76629
Ranchi Industrial Site 0115,Chemical Plant,23.27368,85.42075
Jamshedpur Industrial Site 0116,Textile Industry,23.00721,86.28379
Bhubaneswar Industrial Site 0117,Paper Mill,20.42281,85.7288
Visakhapatnam Industrial Site 0118,Thermal Power Plant,17.57519,83.29435
Vijayawada Industrial Site 0119,Manufacturing Unit,16.38507,80.61858
Coimbatore Industrial Site 0120,Industrial Estate,10.71924,77.00051
Kochi Industrial Site 0121,Power Plant,10.06947,76.44374
Guwahati Industrial Site 0122,Steel Plant,26.06974,91.71423
Ludhiana Industrial Site 0123,Cement Plant,30.74939,75.8266
Amritsar Industrial Site 0124,Refinery,31.54125,74.87275
Bikaner Industrial Site 0125,Chemical Plant,27.77114,73.39044
Jodhpur Industrial Site 0126,Textile Industry,26.4499,72.71717
Raipur Industrial Site 0127,Paper Mill,21.11168,81.89181
Durgapur Industrial Site 0128,Thermal Power Plant,23.48961,87.09572
Asansol Industrial Site 0129,Manufacturing Unit,23.68522,86.95733
Gaya Industrial Site 0130,Industrial Estate,24.63357,84.9567
Begusarai Industrial Site 0131,Power Plant,25.72459,86.23015
Munger Industrial Site 0132,Steel Plant,25.15276,86.56209
Bokaro Industrial Site 0133,Cement Plant,23.42807,86.13604
Faridabad Industrial Site 0134,Refinery,28.26151,77.40978
Gurugram Industrial Site 0135,Chemical Plant,28.45016,76.76052
Noida Industrial Site 0136,Textile Industry,28.48343,77.54359
Kota Industrial Site 0137,Paper Mill,25.26288,75.79756
Agra Industrial Site 0138,Thermal Power Plant,27.33242,77.76241
Nashik Industrial Site 0139,Manufacturing Unit,19.96283,73.63156
Aurangabad Industrial Site 0140,Industrial Estate,19.8497,74.91694
Thane Industrial Site 0141,Power Plant,18.99666,73.00502
Jalandhar Industrial Site 0142,Steel Plant,31.66654,75.84887
Panipat Industrial Site 0143,Cement Plant,29.13863,77.01371
Vapi Industrial Site 0144,Refinery,20.05196,72.74447
Delhi Industrial Site 0145,Chemical Plant,28.69797,77.00665
Mumbai Industrial Site 0146,Textile Industry,19.3212,72.77317
Kolkata Industrial Site 0147,Paper Mill,22.60679,88.1246
Chennai Industrial Site 0148,Thermal Power Plant,12.97434,80.36134
Bengaluru Industrial Site 0149,Manufacturing Unit,12.95555,77.66697
Hyderabad Industrial Site 0150,Industrial Estate,17.37859,78.70901
Ahmedabad Industrial Site 0151,Power Plant,23.09663,72.56231
Pune Industrial Site 0152,Steel Plant,18.50648,73.79768
Jaipur Industrial Site 0153,Cement Plant,26.74428,75.59652
Lucknow Industrial Site 0154,Refinery,26.95847,80.83274
Kanpur Industrial Site 0155,Chemical Plant,26.36384,80.19799
Patna Industrial Site 0156,Textile Industry,25.60914,85.44651
Bhopal Industrial Site 0157,Paper Mill,23.26638,77.32013
Indore Industrial Site 0158,Thermal Power Plant,22.39271,75.76245
Nagpur Industrial Site 0159,Manufacturing Unit,21.13515,78.97703
Surat Industrial Site 0160,Industrial Estate,21.00707,72.7666
Vadodara Industrial Site 0161,Power Plant,22.36563,73.1469
Rajkot Industrial Site 0162,Steel Plant,22.2425,70.82445
Ranchi Industrial Site 0163,Cement Plant,23.43389,85.27922
Jamshedpur Industrial Site 0164,Refinery,22.87435,86.42395
Bhubaneswar Industrial Site 0165,Chemical Plant,20.28836,85.73241
Visakhapatnam Industrial Site 0166,Textile Industry,17.71778,83.4621
Vijayawada Industrial Site 0167,Paper Mill,16.4924,80.7234
Coimbatore Industrial Site 0168,Thermal Power Plant,10.8733,77.07814
Kochi Industrial Site 0169,Manufacturing Unit,10.0955,76.18333
Guwahati Industrial Site 0170,Industrial Estate,26.09522,91.78939
Ludhiana Industrial Site 0171,Power Plant,31.01285,75.77298
Amritsar Industrial Site 0172,Steel Plant,31.8334,74.78529
Bikaner Industrial Site 0173,Cement Plant,27.84796,73.23198
Jodhpur Industrial Site 0174,Refinery,26.00884,73.29245
Raipur Industrial Site 0175,Chemical Plant,21.29403,81.64327
Durgapur Industrial Site 0176,Textile Industry,23.63923,87.14514
Asansol Industrial Site 0177,Paper Mill,23.45284,86.91382
Gaya Industrial Site 0178,Thermal Power Plant,24.73392,85.0094
Begusarai Industrial Site 0179,Manufacturing Unit,25.30494,86.14145
Munger Industrial Site 0180,Industrial Estate,25.38393,86.21279
Bokaro Industrial Site 0181,Power Plant,23.79615,86.20975
Faridabad Industrial Site 0182,Steel Plant,28.52649,77.38361
Gurugram Industrial Site 0183,Cement Plant,28.69395,77.24324
Noida Industrial Site 0184,Refinery,28.58966,77.2599
Kota Industrial Site 0185,Chemical Plant,25.05319,76.06399
Agra Industrial Site 0186,Textile Industry,27.44472,77.96904
Nashik Industrial Site 0187,Paper Mill,20.22297,73.61706
Aurangabad Industrial Site 0188,Thermal Power Plant,19.98949,75.04723
Thane Industrial Site 0189,Manufacturing Unit,19.56077,73.05941
Jalandhar Industrial Site 0190,Industrial Estate,31.44082,75.71056
Panipat Industrial Site 0191,Power Plant,29.29756,76.8738
Vapi Industrial Site 0192,Steel Plant,20.32377,72.88091
Delhi Industrial Site 0193,Cement Plant,28.68578,77.27668
Mumbai Industrial Site 0194,Refinery,19.10932,72.9067
Kolkata Industrial Site 0195,Chemical Plant,22.59232,88.44088
Chennai Industrial Site 0196,Textile Industry,13.01902,80.37459
Bengaluru Industrial Site 0197,Paper Mill,12.88919,77.27655
Hyderabad Industrial Site 0198,Thermal Power Plant,17.58853,78.4759
Ahmedabad Industrial Site 0199,Manufacturing Unit,22.97902,72.34584
Pune Industrial Site 0200,Industrial Estate,18.51229,73.95821
Jaipur Industrial Site 0201,Power Plant,26.93996,75.83119
Lucknow Industrial Site 0202,Steel Plant,26.66779,80.96157
Kanpur Industrial Site 0203,Cement Plant,26.57023,80.23422
Patna Industrial Site 0204,Refinery,25.65276,85.38755
Bhopal Industrial Site 0205,Chemical Plant,23.05724,77.24131
Indore Industrial Site 0206,Textile Industry,22.90979,75.65529
Nagpur Industrial Site 0207,Paper Mill,21.23364,79.133
Surat Industrial Site 0208,Thermal Power Plant,21.25617,72.68772
Vadodara Industrial Site 0209,Manufacturing Unit,22.11195,72.88399
Rajkot Industrial Site 0210,Industrial Estate,22.30713,70.74276
Ranchi Industrial Site 0211,Power Plant,23.28496,85.33692
Jamshedpur Industrial Site 0212,Steel Plant,22.80901,86.53029
Bhubaneswar Industrial Site 0213,Cement Plant,20.51385,85.57833
Visakhapatnam Industrial Site 0214,Refinery,17.71497,83.19673
Vijayawada Industrial Site 0215,Chemical Plant,16.25426,80.31199
Coimbatore Industrial Site 0216,Textile Industry,11.04906,76.8157
Kochi Industrial Site 0217,Paper Mill,10.01432,76.17434
Guwahati Industrial Site 0218,Thermal Power Plant,26.17757,91.76217
Ludhiana Industrial Site 0219,Manufacturing Unit,30.82281,75.87511
Amritsar Industrial Site 0220,Industrial Estate,31.79142,74.98215
Bikaner Industrial Site 0221,Power Plant,28.12025,73.11068
Jodhpur Industrial Site 0222,Steel Plant,26.09623,73.0015
Raipur Industrial Site 0223,Cement Plant,21.12305,81.13315
Durgapur Industrial Site 0224,Refinery,23.47069,87.1433
Asansol Industrial Site 0225,Chemical Plant,23.69248,86.88502
Gaya Industrial Site 0226,Textile Industry,24.92801,84.88106
Begusarai Industrial Site 0227,Paper Mill,25.16816,85.97139
Munger Industrial Site 0228,Thermal Power Plant,25.30082,86.59402
Bokaro Industrial Site 0229,Manufacturing Unit,23.54656,85.99994
Faridabad Industrial Site 0230,Industrial Estate,28.46786,77.09326
Gurugram Industrial Site 0231,Power Plant,28.28133,76.8553
Noida Industrial Site 0232,Steel Plant,28.82841,77.55214
Kota Industrial Site 0233,Cement Plant,25.19589,75.92357
Agra Industrial Site 0234,Refinery,27.24841,78.1925
Nashik Industrial Site 0235,Chemical Plant,20.00578,73.65247
Aurangabad Industrial Site 0236,Textile Industry,19.75612,75.69362
Thane Industrial Site 0237,Paper Mill,19.49181,73.27079
Jalandhar Industrial Site 0238,Thermal Power Plant,31.1476,75.50965
Panipat Industrial Site 0239,Manufacturing Unit,29.70706,77.19909
Vapi Industrial Site 0240,Industrial Estate,20.80694,72.67842
Delhi Industrial Site 0241,Power Plant,28.20007,77.10446
Mumbai Industrial Site 0242,Steel Plant,19.09454,72.91793
Kolkata Industrial Site 0243,Cement Plant,22.56049,88.19346
Chennai Industrial Site 0244,Refinery,12.73364,79.88237
Bengaluru Industrial Site 0245,Chemical Plant,12.93566,77.71537
Hyderabad Industrial Site 0246,Textile Industry,17.22902,78.50601
Ahmedabad Industrial Site 0247,Paper Mill,23.1646,72.11044
Pune Industrial Site 0248,Thermal Power Plant,18.42415,73.96665
Jaipur Industrial Site 0249,Manufacturing Unit,27.12195,75.78069
Lucknow Industrial Site 0250,Industrial Estate,26.92423,81.16091
Kanpur Industrial Site 0251,Power Plant,26.14668,80.65161
Patna Industrial Site 0252,Steel Plant,25.6662,85.25774
Bhopal Industrial Site 0253,Cement Plant,23.12171,77.31859
Indore Industrial Site 0254,Refinery,23.01051,76.02529
Nagpur Industrial Site 0255,Chemical Plant,20.97013,79.31022
Surat Industrial Site 0256,Textile Industry,21.45728,72.71207
Vadodara Industrial Site 0257,Paper Mill,22.37949,73.33331
Rajkot Industrial Site 0258,Thermal Power Plant,22.29624,70.81693
Ranchi Industrial Site 0259,Manufacturing Unit,23.60588,85.40167
Jamshedpur Industrial Site 0260,Industrial Estate,22.61744,86.10826
Bhubaneswar Industrial Site 0261,Power Plant,20.23281,85.97165
Visakhapatnam Industrial Site 0262,Steel Plant,17.72005,83.34495
Vijayawada Industrial Site 0263,Cement Plant,16.51978,80.41136
Coimbatore Industrial Site 0264,Refinery,11.36669,76.50711
Kochi Industrial Site 0265,Chemical Plant,9.64975,76.6743
Guwahati Industrial Site 0266,Textile Industry,26.31404,91.75994
Ludhiana Industrial Site 0267,Paper Mill,30.79949,75.97353
Amritsar Industrial Site 0268,Thermal Power Plant,31.5369,74.76135
Bikaner Industrial Site 0269,Manufacturing Unit,27.81852,73.37693
Jodhpur Industrial Site 0270,Industrial Estate,26.02539,73.21163
Raipur Industrial Site 0271,Power Plant,21.28004,81.80919
Durgapur Industrial Site 0272,Steel Plant,23.72268,87.33453
Asansol Industrial Site 0273,Cement Plant,23.77219,87.13316
Gaya Industrial Site 0274,Refinery,24.37731,84.96937
Begusarai Industrial Site 0275,Chemical Plant,25.63808,86.05371
Munger Industrial Site 0276,Textile Industry,25.64138,86.36005
Bokaro Industrial Site 0277,Paper Mill,23.53424,86.40885
Faridabad Industrial Site 0278,Thermal Power Plant,28.36276,77.28164
Gurugram Industrial Site 0279,Manufacturing Unit,28.49754,76.88204
Noida Industrial Site 0280,Industrial Estate,28.63789,77.3733
Kota Industrial Site 0281,Power Plant,25.16077,75.93524
Agra Industrial Site 0282,Steel Plant,27.18802,78.08412
Nashik Industrial Site 0283,Cement Plant,20.1665,73.69418
Aurangabad Industrial Site 0284,Refinery,19.71136,75.43695
Thane Industrial Site 0285,Chemical Plant,19.29182,72.91394
Jalandhar Industrial Site 0286,Textile Industry,31.24372,75.70464
Panipat Industrial Site 0287,Paper Mill,29.63595,76.90433
Vapi Industrial Site 0288,Thermal Power Plant,20.42552,72.95243
Delhi Industrial Site 0289,Manufacturing Unit,28.35214,76.94985
Mumbai Industrial Site 0290,Industrial Estate,19.17535,73.11964
Kolkata Industrial Site 0291,Power Plant,22.50046,88.47319
Chennai Industrial Site 0292,Steel Plant,12.84731,80.47701
Bengaluru Industrial Site 0293,Cement Plant,13.26304,77.44249
Hyderabad Industrial Site 0294,Refinery,17.50133,78.5582
Ahmedabad Industrial Site 0295,Chemical Plant,23.20047,72.41831
Pune Industrial Site 0296,Textile Industry,18.49619,73.79409
Jaipur Industrial Site 0297,Paper Mill,27.04322,75.60717
Lucknow Industrial Site 0298,Thermal Power Plant,26.86775,80.75131
Kanpur Industrial Site 0299,Manufacturing Unit,26.36249,80.59397
Patna Industrial Site 0300,Industrial Estate,25.56863,85.16426
Bhopal Industrial Site 0301,Power Plant,23.04028,77.57381
Indore Industrial Site 0302,Steel Plant,22.5428,75.77108
Nagpur Industrial Site 0303,Cement Plant,20.84281,79.06835
Surat Industrial Site 0304,Refinery,21.16578,72.58922
Vadodara Industrial Site 0305,Chemical Plant,22.23218,73.511
Rajkot Industrial Site 0306,Textile Industry,22.27875,70.66619
Ranchi Industrial Site 0307,Paper Mill,23.43347,85.4045
Jamshedpur Industrial Site 0308,Thermal Power Plant,22.80897,86.19919
Bhubaneswar Industrial Site 0309,Manufacturing Unit,20.45088,85.91342
Visakhapatnam Industrial Site 0310,Industrial Estate,17.51122,83.19646
Vijayawada Industrial Site 0311,Power Plant,16.51797,80.84688
Coimbatore Industrial Site 0312,Steel Plant,11.04436,76.81395
Kochi Industrial Site 0313,Cement Plant,10.05587,76.30732
Guwahati Industrial Site 0314,Refinery,26.06849,91.76239
Ludhiana Industrial Site 0315,Chemical Plant,30.80292,75.51853
Amritsar Industrial Site 0316,Textile Industry,31.47708,74.86931
Bikaner Industrial Site 0317,Paper Mill,27.98055,73.22983
Jodhpur Industrial Site 0318,Thermal Power Plant,26.26059,73.38789
Raipur Industrial Site 0319,Manufacturing Unit,21.07921,81.49309
Durgapur Industrial Site 0320,Industrial Estate,23.75447,87.24422
Asansol Industrial Site 0321,Power Plant,23.6019,87.03637
Gaya Industrial Site 0322,Steel Plant,24.57637,84.96589
Begusarai Industrial Site 0323,Cement Plant,25.22736,86.20865
Munger Industrial Site 0324,Refinery,25.44578,86.20154
Bokaro Industrial Site 0325,Chemical Plant,23.37889,86.01111
Faridabad Industrial Site 0326,Textile Industry,28.26359,77.1694
Gurugram Industrial Site 0327,Paper Mill,28.41229,77.02769
Noida Industrial Site 0328,Thermal Power Plant,28.48347,77.40626
Kota Industrial Site 0329,Manufacturing Unit,25.01911,75.64854
Agra Industrial Site 0330,Industrial Estate,27.04624,78.06843
Nashik Industrial Site 0331,Power Plant,20.11568,73.9006
Aurangabad Industrial Site 0332,Steel Plant,19.55589,75.5703
Thane Industrial Site 0333,Cement Plant,19.41397,73.05626
Jalandhar Industrial Site 0334,Refinery,31.29384,75.85355
Panipat Industrial Site 0335,Chemical Plant,29.36729,77.0194
Vapi Industrial Site 0336,Textile Industry,20.16732,72.97401
Delhi Industrial Site 0337,Paper Mill,28.50031,77.30715
Mumbai Industrial Site 0338,Thermal Power Plant,19.02774,72.8088
Kolkata Industrial Site 0339,Manufacturing Unit,22.69315,88.47105
Chennai Industrial Site 0340,Industrial Estate,13.00323,80.12982
Bengaluru Industrial Site 0341,Power Plant,12.86958,77.73549
Hyderabad Industrial Site 0342,Steel Plant,17.41633,78.62886
Ahmedabad Industrial Site 0343,Cement Plant,22.95537,72.6884
Pune Industrial Site 0344,Refinery,18.4038,74.08657
Jaipur Industrial Site 0345,Chemical Plant,26.99126,75.51677
Lucknow Industrial Site 0346,Textile Industry,26.99962,80.94416
Kanpur Industrial Site 0347,Paper Mill,26.2993,80.64255
Patna Industrial Site 0348,Thermal Power Plant,25.53692,85.26804
Bhopal Industrial Site 0349,Manufacturing Unit,23.43478,77.37508
Indore Industrial Site 0350,Industrial Estate,22.77506,75.76483
Nagpur Industrial Site 0351,Power Plant,21.1561,78.99986
Surat Industrial Site 0352,Steel Plant,20.88161,72.9654
Vadodara Industrial Site 0353,Cement Plant,22.35525,73.21063
Rajkot Industrial Site 0354,Refinery,22.34492,70.98814
Ranchi Industrial Site 0355,Chemical Plant,23.19629,85.30468
Jamshedpur Industrial Site 0356,Textile Industry,22.80225,86.40656
Bhubaneswar Industrial Site 0357,Paper Mill,20.45359,85.60015
Visakhapatnam Industrial Site 0358,Thermal Power Plant,17.67937,83.4417
Vijayawada Industrial Site 0359,Manufacturing Unit,16.66234,80.71256
Coimbatore Industrial Site 0360,Industrial Estate,10.88584,76.93924
Kochi Industrial Site 0361,Power Plant,9.68696,76.3948
Guwahati Industrial Site 0362,Steel Plant,26.02363,91.74947
Ludhiana Industrial Site 0363,Cement Plant,30.88644,75.92005
Amritsar Industrial Site 0364,Refinery,31.79718,74.95426
Bikaner Industrial Site 0365,Chemical Plant,27.86296,73.43531
Jodhpur Industrial Site 0366,Textile Industry,26.15476,72.97342
Raipur Industrial Site 0367,Paper Mill,21.38501,81.40282
Durgapur Industrial Site 0368,Thermal Power Plant,23.60924,87.32651
Asansol Industrial Site 0369,Manufacturing Unit,23.59537,86.73919
Gaya Industrial Site 0370,Industrial Estate,24.56809,84.8127
Begusarai Industrial Site 0371,Power Plant,25.72408,86.09782
Munger Industrial Site 0372,Steel Plant,25.32823,86.47897
Bokaro Industrial Site 0373,Cement Plant,23.62495,86.33582
Faridabad Industrial Site 0374,Refinery,28.54149,77.27082
Gurugram Industrial Site 0375,Chemical Plant,28.65379,77.09726
Noida Industrial Site 0376,Textile Industry,28.54953,77.23205
Kota Industrial Site 0377,Paper Mill,25.19791,75.67012
Agra Industrial Site 0378,Thermal Power Plant,27.22632,78.09795
Nashik Industrial Site 0379,Manufacturing Unit,20.28729,73.73725
Aurangabad Industrial Site 0380,Industrial Estate,19.88823,75.7148
Thane Industrial Site 0381,Power Plant,19.16313,72.96088
Jalandhar Industrial Site 0382,Steel Plant,31.31707,75.40216
Panipat Industrial Site 0383,Cement Plant,29.57964,76.79134
Vapi Industrial Site 0384,Refinery,20.45303,72.83107
Delhi Industrial Site 0385,Chemical Plant,28.46449,77.14524
Mumbai Industrial Site 0386,Textile Industry,19.18347,72.97801
Kolkata Industrial Site 0387,Paper Mill,22.67434,88.27811
Chennai Industrial Site 0388,Thermal Power Plant,12.99258,80.36148
Bengaluru Industrial Site 0389,Manufacturing Unit,13.16347,77.64853
Hyderabad Industrial Site 0390,Industrial Estate,17.46562,78.53819
Ahmedabad Industrial Site 0391,Power Plant,23.12789,72.27955
Pune Industrial Site 0392,Steel Plant,18.77098,73.5463
Jaipur Industrial Site 0393,Cement Plant,27.09682,75.78692
Lucknow Industrial Site 0394,Refinery,26.63615,81.13753
Kanpur Industrial Site 0395,Chemical Plant,26.24614,80.31881
Patna Industrial Site 0396,Textile Industry,25.84971,85.27635
Bhopal Industrial Site 0397,Paper Mill,23.32045,77.58832
Indore Industrial Site 0398,Thermal Power Plant,22.69463,75.94919
Nagpur Industrial Site 0399,Manufacturing Unit,21.28653,78.83698
Surat Industrial Site 0400,Industrial Estate,21.24947,72.72047
Vadodara Industrial Site 0401,Power Plant,22.37515,73.18671
Rajkot Industrial Site 0402,Steel Plant,22.38122,70.88678
Ranchi Industrial Site 0403,Cement Plant,23.24302,85.30241
Jamshedpur Industrial Site 0404,Refinery,22.9211,86.19548
Bhubaneswar Industrial Site 0405,Chemical Plant,20.23544,85.76024
Visakhapatnam Industrial Site 0406,Textile Industry,17.59301,83.25604
Vijayawada Industrial Site 0407,Paper Mill,16.44022,80.39793
Coimbatore Industrial Site 0408,Thermal Power Plant,11.12082,76.72263
Kochi Industrial Site 0409,Manufacturing Unit,9.98854,76.44022
Guwahati Industrial Site 0410,Industrial Estate,25.85554,91.72983
Ludhiana Industrial Site 0411,Power Plant,30.88847,75.63992
Amritsar Industrial Site 0412,Steel Plant,31.45533,75.03496
Bikaner Industrial Site 0413,Cement Plant,28.00377,73.23257
Jodhpur Industrial Site 0414,Refinery,26.4372,72.64958
Raipur Industrial Site 0415,Chemical Plant,21.2507,81.37479
Durgapur Industrial Site 0416,Textile Industry,23.55549,87.16468
Asansol Industrial Site 0417,Paper Mill,23.67007,86.6571
Gaya Industrial Site 0418,Thermal Power Plant,24.96102,85.11021
Begusarai Industrial Site 0419,Manufacturing Unit,25.60276,85.83699
Munger Industrial Site 0420,Industrial Estate,25.21286,86.54393
Bokaro Industrial Site 0421,Power Plant,23.62455,86.34807
Faridabad Industrial Site 0422,Steel Plant,28.45708,77.23645
Gurugram Industrial Site 0423,Cement Plant,28.42136,77.25205
Noida Industrial Site 0424,Refinery,28.3165,77.40083
Kota Industrial Site 0425,Chemical Plant,24.90042,75.89497
Agra Industrial Site 0426,Textile Industry,26.99699,77.8692
Nashik Industrial Site 0427,Paper Mill,19.86482,73.86468
Aurangabad Industrial Site 0428,Thermal Power Plant,19.67945,75.37978
Thane Industrial Site 0429,Manufacturing Unit,19.23506,72.81085
Jalandhar Industrial Site 0430,Industrial Estate,31.58773,75.68277
Panipat Industrial Site 0431,Power Plant,29.14416,76.91582
Vapi Industrial Site 0432,Steel Plant,20.63159,72.79505
Delhi Industrial Site 0433,Cement Plant,28.50292,77.14145
Mumbai Industrial Site 0434,Refinery,18.93219,73.13527
Kolkata Industrial Site 0435,Chemical Plant,22.59948,88.40944
Chennai Industrial Site 0436,Textile Industry,13.32595,80.69784
Bengaluru Industrial Site 0437,Paper Mill,12.90237,77.57942
Hyderabad Industrial Site 0438,Thermal Power Plant,17.37318,78.78937
Ahmedabad Industrial Site 0439,Manufacturing Unit,23.13122,72.35177
Pune Industrial Site 0440,Industrial Estate,18.73459,73.67499
Jaipur Industrial Site 0441,Power Plant,26.95525,75.70647
Lucknow Industrial Site 0442,Steel Plant,26.91404,80.77044
Kanpur Industrial Site 0443,Cement Plant,26.30955,80.2309
Patna Industrial Site 0444,Refinery,25.93024,85.16774
Bhopal Industrial Site 0445,Chemical Plant,23.35343,77.61029
Indore Industrial Site 0446,Textile Industry,22.8702,75.86861
Nagpur Industrial Site 0447,Paper Mill,21.1146,79.1338
Surat Industrial Site 0448,Thermal Power Plant,20.97456,72.83314
Vadodara Industrial Site 0449,Manufacturing Unit,22.36397,73.4418
Rajkot Industrial Site 0450,Industrial Estate,22.25504,70.71692
Ranchi Industrial Site 0451,Power Plant,23.61767,85.15615
Jamshedpur Industrial Site 0452,Steel Plant,22.89533,86.11926
Bhubaneswar Industrial Site 0453,Cement Plant,20.08464,85.66173
Visakhapatnam Industrial Site 0454,Refinery,17.83038,83.34204
Vijayawada Industrial Site 0455,Chemical Plant,16.57108,80.46392
Coimbatore Industrial Site 0456,Textile Industry,11.07743,76.93949
Kochi Industrial Site 0457,Paper Mill,9.78816,76.38791
Guwahati Industrial Site 0458,Thermal Power Plant,26.0609,91.63798
Ludhiana Industrial Site 0459,Manufacturing Unit,31.14396,76.01747
Amritsar Industrial Site 0460,Industrial Estate,31.61112,74.87997
Bikaner Industrial Site 0461,Power Plant,28.29026,73.39325
Jodhpur Industrial Site 0462,Steel Plant,26.4379,72.81456
Raipur Industrial Site 0463,Cement Plant,21.26663,81.53191
Durgapur Industrial Site 0464,Refinery,23.47646,87.3657
Asansol Industrial Site 0465,Chemical Plant,23.46888,86.97991
Gaya Industrial Site 0466,Textile Industry,24.76565,84.77344
Begusarai Industrial Site 0467,Paper Mill,25.56891,86.29811
Munger Industrial Site 0468,Thermal Power Plant,25.49913,86.35565
Bokaro Industrial Site 0469,Manufacturing Unit,23.39085,86.19528
Faridabad Industrial Site 0470,Industrial Estate,28.43997,77.64707
Gurugram Industrial Site 0471,Power Plant,28.73192,77.0201
Noida Industrial Site 0472,Steel Plant,28.42456,77.66182
Kota Industrial Site 0473,Cement Plant,25.2363,75.95306
Agra Industrial Site 0474,Refinery,27.23569,77.87629
Nashik Industrial Site 0475,Chemical Plant,20.21144,73.62237
Aurangabad Industrial Site 0476,Textile Industry,19.93669,75.36712
Thane Industrial Site 0477,Paper Mill,19.24201,72.85605
Jalandhar Industrial Site 0478,Thermal Power Plant,31.28506,75.75558
Panipat Industrial Site 0479,Manufacturing Unit,29.32148,76.95021
Vapi Industrial Site 0480,Industrial Estate,20.30069,72.80404
Delhi Industrial Site 0481,Power Plant,28.81325,77.34689
Mumbai Industrial Site 0482,Steel Plant,18.85717,72.9128
Kolkata Industrial Site 0483,Cement Plant,22.46984,88.41027
Chennai Industrial Site 0484,Refinery,13.32386,79.96807
Bengaluru Industrial Site 0485,Chemical Plant,12.86781,77.72908
Hyderabad Industrial Site 0486,Textile Industry,17.62857,78.1333
Ahmedabad Industrial Site 0487,Paper Mill,22.72379,72.53513
Pune Industrial Site 0488,Thermal Power Plant,18.3081,73.56161
Jaipur Industrial Site 0489,Manufacturing Unit,26.57107,75.85722
Lucknow Industrial Site 0490,Industrial Estate,26.61248,81.02506
Kanpur Industrial Site 0491,Power Plant,26.62798,80.34797
Patna Industrial Site 0492,Steel Plant,25.67752,84.83186
Bhopal Industrial Site 0493,Cement Plant,23.31766,77.39913
Indore Industrial Site 0494,Refinery,22.45138,75.94064
Nagpur Industrial Site 0495,Chemical Plant,21.09914,78.97769
Surat Industrial Site 0496,Textile Industry,21.25172,72.92548
Vadodara Industrial Site 0497,Paper Mill,22.31131,72.93578
Rajkot Industrial Site 0498,Thermal Power Plant,22.47435,70.82063
Ranchi Industrial Site 0499,Manufacturing Unit,23.47649,85.39667
Jamshedpur Industrial Site 0500,Industrial Estate,22.82013,86.16827
Bhubaneswar Industrial Site 0501,Power Plant,20.34581,85.67901
Visakhapatnam Industrial Site 0502,Steel Plant,17.81754,83.13468
Vijayawada Industrial Site 0503,Cement Plant,16.33284,80.85512
Coimbatore Industrial Site 0504,Refinery,10.96523,76.8578
Kochi Industrial Site 0505,Chemical Plant,9.93802,76.07545
Guwahati Industrial Site 0506,Textile Industry,26.42472,91.78728
Ludhiana Industrial Site 0507,Paper Mill,30.672,75.83221
Amritsar Industrial Site 0508,Thermal Power Plant,31.40881,74.50021
Bikaner Industrial Site 0509,Manufacturing Unit,27.9812,73.11082
Jodhpur Industrial Site 0510,Industrial Estate,26.26011,72.93261
Raipur Industrial Site 0511,Power Plant,21.11182,81.69746
Durgapur Industrial Site 0512,Steel Plant,23.62725,87.3762
Asansol Industrial Site 0513,Cement Plant,23.76285,86.95722
Gaya Industrial Site 0514,Refinery,24.75347,85.14829
Begusarai Industrial Site 0515,Chemical Plant,25.35392,86.07712
Munger Industrial Site 0516,Textile Industry,25.34066,86.59629
Bokaro Industrial Site 0517,Paper Mill,23.64292,86.14896
Faridabad Industrial Site 0518,Thermal Power Plant,28.25738,77.55559
Gurugram Industrial Site 0519,Manufacturing Unit,28.55797,77.05303
Noida Industrial Site 0520,Industrial Estate,28.3802,77.34677
Kota Industrial Site 0521,Power Plant,25.3618,76.15371
Agra Industrial Site 0522,Steel Plant,27.40372,77.97692
Nashik Industrial Site 0523,Cement Plant,20.16159,73.83077
Aurangabad Industrial Site 0524,Refinery,19.99357,75.39549
Thane Industrial Site 0525,Chemical Plant,19.31552,73.22477
Jalandhar Industrial Site 0526,Textile Industry,31.25852,75.48647
Panipat Industrial Site 0527,Paper Mill,29.57156,77.06123
Vapi Industrial Site 0528,Thermal Power Plant,20.32335,73.00138
Delhi Industrial Site 0529,Manufacturing Unit,28.59106,77.14858
Mumbai Industrial Site 0530,Industrial Estate,19.17615,73.05775
Kolkata Industrial Site 0531,Power Plant,22.46034,88.04905
Chennai Industrial Site 0532,Steel Plant,13.1265,80.36788
Bengaluru Industrial Site 0533,Cement Plant,12.96322,77.60646
Hyderabad Industrial Site 0534,Refinery,17.35278,78.3579
Ahmedabad Industrial Site 0535,Chemical Plant,23.14117,72.6984
Pune Industrial Site 0536,Textile Industry,18.58885,73.82593
Jaipur Industrial Site 0537,Paper Mill,26.7609,75.48303
Lucknow Industrial Site 0538,Thermal Power Plant,26.96011,81.12328
Kanpur Industrial Site 0539,Manufacturing Unit,26.59303,80.30733
Patna Industrial Site 0540,Industrial Estate,25.92062,84.81709
Bhopal Industrial Site 0541,Power Plant,23.1593,77.44858
Indore Industrial Site 0542,Steel Plant,22.82656,75.95957
Nagpur Industrial Site 0543,Cement Plant,21.12157,79.20117
Surat Industrial Site 0544,Refinery,21.22877,72.52432
Vadodara Industrial Site 0545,Chemical Plant,22.09495,73.35304
Rajkot Industrial Site 0546,Textile Industry,22.41265,70.67904
Ranchi Industrial Site 0547,Paper Mill,23.34164,85.24824
Jamshedpur Industrial Site 0548,Thermal Power Plant,22.55846,86.42562
Bhubaneswar Industrial Site 0549,Manufacturing Unit,20.3426,85.51895
Visakhapatnam Industrial Site 0550,Industrial Estate,17.76615,83.24287
Vijayawada Industrial Site 0551,Power Plant,16.33409,80.63187
Coimbatore Industrial Site 0552,Steel Plant,11.09892,76.93362
Kochi Industrial Site 0553,Cement Plant,9.75474,75.99769
Guwahati Industrial Site 0554,Refinery,26.07065,91.3988
Ludhiana Industrial Site 0555,Chemical Plant,31.22435,76.03704
Amritsar Industrial Site 0556,Textile Industry,31.60645,74.72834
Bikaner Industrial Site 0557,Paper Mill,28.07243,72.9779
Jodhpur Industrial Site 0558,Thermal Power Plant,26.05035,72.85603
Raipur Industrial Site 0559,Manufacturing Unit,21.27192,81.3669
Durgapur Industrial Site 0560,Industrial Estate,23.58724,87.33468
Asansol Industrial Site 0561,Power Plant,23.8,86.76961
Gaya Industrial Site 0562,Steel Plant,24.81702,84.93002
Begusarai Industrial Site 0563,Cement Plant,25.49841,86.22277
Munger Industrial Site 0564,Refinery,25.53869,86.58537
Bokaro Industrial Site 0565,Chemical Plant,23.75164,86.37284
Faridabad Industrial Site 0566,Textile Industry,28.60706,77.12101
Gurugram Industrial Site 0567,Paper Mill,28.49902,76.72389
Noida Industrial Site 0568,Thermal Power Plant,28.48488,77.22475
Kota Industrial Site 0569,Manufacturing Unit,24.91111,75.81195
Agra Industrial Site 0570,Industrial Estate,27.26376,77.73343
Nashik Industrial Site 0571,Power Plant,19.95463,73.88978
Aurangabad Industrial Site 0572,Steel Plant,19.80351,75.40054
Thane Industrial Site 0573,Cement Plant,19.40752,72.89989
Jalandhar Industrial Site 0574,Refinery,31.22569,75.38026
Panipat Industrial Site 0575,Chemical Plant,29.63727,77.06336
Vapi Industrial Site 0576,Textile Industry,20.39966,72.99636
Delhi Industrial Site 0577,Paper Mill,28.60211,76.97411
Mumbai Industrial Site 0578,Thermal Power Plant,18.82405,73.24939
Kolkata Industrial Site 0579,Manufacturing Unit,22.69169,88.52316
Chennai Industrial Site 0580,Industrial Estate,12.85548,80.08721
Bengaluru Industrial Site 0581,Power Plant,12.89847,77.36939
Hyderabad Industrial Site 0582,Steel Plant,17.25094,78.56013
Ahmedabad Industrial Site 0583,Cement Plant,23.26939,72.216
Pune Industrial Site 0584,Refinery,18.60541,73.59161
Jaipur Industrial Site 0585,Chemical Plant,27.0253,75.4379
Lucknow Industrial Site 0586,Textile Industry,27.08229,80.71651
Kanpur Industrial Site 0587,Paper Mill,26.31261,80.26718
Patna Industrial Site 0588,Thermal Power Plant,25.76825,85.12567
Bhopal Industrial Site 0589,Manufacturing Unit,23.34349,77.4444
Indore Industrial Site 0590,Industrial Estate,22.58262,75.82394
Nagpur Industrial Site 0591,Power Plant,21.15068,79.00955
Surat Industrial Site 0592,Steel Plant,21.29529,72.89363
Vadodara Industrial Site 0593,Cement Plant,22.05104,73.17162
Rajkot Industrial Site 0594,Refinery,22.40668,70.84263
Ranchi Industrial Site 0595,Chemical Plant,23.5493,85.07149
Jamshedpur Industrial Site 0596,Textile Industry,22.60089,86.40559
Bhubaneswar Industrial Site 0597,Paper Mill,20.21587,85.56327
Visakhapatnam Industrial Site 0598,Thermal Power Plant,17.8122,83.13897
Vijayawada Industrial Site 0599,Manufacturing Unit,16.675,80.96409
Coimbatore Industrial Site 0600,Industrial Estate,11.07328,76.91922
Kochi Industrial Site 0601,Power Plant,10.08775,76.34965
Guwahati Industrial Site 0602,Steel Plant,26.06075,91.67489
Ludhiana Industrial Site 0603,Cement Plant,30.63472,75.91025
Amritsar Industrial Site 0604,Refinery,31.93305,74.84098
Bikaner Industrial Site 0605,Chemical Plant,28.18615,73.55432
Jodhpur Industrial Site 0606,Textile Industry,26.19585,73.00089
Raipur Industrial Site 0607,Paper Mill,21.32243,81.6211
Durgapur Industrial Site 0608,Thermal Power Plant,23.59693,87.4599
Asansol Industrial Site 0609,Manufacturing Unit,23.97293,86.98324
Gaya Industrial Site 0610,Industrial Estate,24.70531,85.001
Begusarai Industrial Site 0611,Power Plant,25.27512,86.4201
Munger Industrial Site 0612,Steel Plant,25.41355,86.37603
Bokaro Industrial Site 0613,Cement Plant,23.64718,85.91833
Faridabad Industrial Site 0614,Refinery,28.34966,77.23178
Gurugram Industrial Site 0615,Chemical Plant,28.41368,77.34325
Noida Industrial Site 0616,Textile Industry,28.66164,77.34998
Kota Industrial Site 0617,Paper Mill,25.44091,75.78574
Agra Industrial Site 0618,Thermal Power Plant,27.10744,78.0473
Nashik Industrial Site 0619,Manufacturing Unit,20.05537,74.11268
Aurangabad Industrial Site 0620,Industrial Estate,19.59112,75.23226
Thane Industrial Site 0621,Power Plant,19.07791,72.78191
Jalandhar Industrial Site 0622,Steel Plant,31.39052,75.3094
Panipat Industrial Site 0623,Cement Plant,29.37723,77.18877
Vapi Industrial Site 0624,Refinery,20.12741,72.70139
Delhi Industrial Site 0625,Chemical Plant,28.58227,77.00968
Mumbai Industrial Site 0626,Textile Industry,19.54429,73.16149
Kolkata Industrial Site 0627,Paper Mill,22.43635,88.03086
Chennai Industrial Site 0628,Thermal Power Plant,13.13367,79.92715
Bengaluru Industrial Site 0629,Manufacturing Unit,13.26145,77.58238
Hyderabad Industrial Site 0630,Industrial Estate,17.20542,78.55253
Ahmedabad Industrial Site 0631,Power Plant,23.37776,72.67046
Pune Industrial Site 0632,Steel Plant,18.84083,73.88362
Jaipur Industrial Site 0633,Cement Plant,26.70798,75.78276
Lucknow Industrial Site 0634,Refinery,26.86205,80.92716
Kanpur Industrial Site 0635,Chemical Plant,26.61986,80.19012
Patna Industrial Site 0636,Textile Industry,25.7304,85.14366
Bhopal Industrial Site 0637,Paper Mill,23.34962,77.28521
Indore Industrial Site 0638,Thermal Power Plant,22.55314,75.99687
Nagpur Industrial Site 0639,Manufacturing Unit,21.09588,78.99132
Surat Industrial Site 0640,Industrial Estate,20.90183,72.86469
Vadodara Industrial Site 0641,Power Plant,22.39285,73.05823
Rajkot Industrial Site 0642,Steel Plant,22.15129,70.81652
Ranchi Industrial Site 0643,Cement Plant,23.16062,85.4108
Jamshedpur Industrial Site 0644,Refinery,22.88331,86.16106
Bhubaneswar Industrial Site 0645,Chemical Plant,20.33391,85.80186
Visakhapatnam Industrial Site 0646,Textile Industry,17.72127,83.2808
Vijayawada Industrial Site 0647,Paper Mill,16.43474,80.57077
Coimbatore Industrial Site 0648,Thermal Power Plant,11.01952,77.04323
Kochi Industrial Site 0649,Manufacturing Unit,10.18158,76.41047
Guwahati Industrial Site 0650,Industrial Estate,25.79065,91.7343
Ludhiana Industrial Site 0651,Power Plant,31.00402,75.83416
Amritsar Industrial Site 0652,Steel Plant,31.79082,74.79259
Bikaner Industrial Site 0653,Cement Plant,28.30332,73.22312
Jodhpur Industrial Site 0654,Refinery,26.07295,72.91813
Raipur Industrial Site 0655,Chemical Plant,21.14368,81.84274
Durgapur Industrial Site 0656,Textile Industry,23.36525,87.06832
Asansol Industrial Site 0657,Paper Mill,23.39971,87.02737
Gaya Industrial Site 0658,Thermal Power Plant,25.07092,85.30765
Begusarai Industrial Site 0659,Manufacturing Unit,25.50067,86.30457
Munger Industrial Site 0660,Industrial Estate,25.33938,86.33427
Bokaro Industrial Site 0661,Power Plant,23.83888,85.98761
Faridabad Industrial Site 0662,Steel Plant,28.75707,77.05113
Gurugram Industrial Site 0663,Cement Plant,28.37324,77.07382
Noida Industrial Site 0664,Refinery,28.43928,77.17707
Kota Industrial Site 0665,Chemical Plant,25.19866,75.7875
Agra Industrial Site 0666,Textile Industry,27.45005,77.85143
Nashik Industrial Site 0667,Paper Mill,19.59209,73.86651
Aurangabad Industrial Site 0668,Thermal Power Plant,20.02307,75.42143
Thane Industrial Site 0669,Manufacturing Unit,19.06216,73.07066
Jalandhar Industrial Site 0670,Industrial Estate,31.32246,75.6085
Panipat Industrial Site 0671,Power Plant,29.14788,76.82489
Vapi Industrial Site 0672,Steel Plant,20.13248,72.96611
Delhi Industrial Site 0673,Cement Plant,28.66712,77.42636
Mumbai Industrial Site 0674,Refinery,18.89532,72.86796
Kolkata Industrial Site 0675,Chemical Plant,22.5992,88.5738
Chennai Industrial Site 0676,Textile Industry,13.01327,80.16664
Bengaluru Industrial Site 0677,Paper Mill,12.87259,77.61088
Hyderabad Industrial Site 0678,Thermal Power Plant,17.46688,78.32196
Ahmedabad Industrial Site 0679,Manufacturing Unit,23.06845,72.71212
Pune Industrial Site 0680,Industrial Estate,18.40399,73.70039
Jaipur Industrial Site 0681,Power Plant,26.63643,75.72249
Lucknow Industrial Site 0682,Steel Plant,26.8125,81.07798
Kanpur Industrial Site 0683,Cement Plant,26.32669,80.36263
Patna Industrial Site 0684,Refinery,25.29338,85.15088
Bhopal Industrial Site 0685,Chemical Plant,23.37262,77.38913
Indore Industrial Site 0686,Textile Industry,22.51995,75.87866
Nagpur Industrial Site 0687,Paper Mill,21.17013,78.9885
Surat Industrial Site 0688,Thermal Power Plant,21.18583,72.80331
Vadodara Industrial Site 0689,Manufacturing Unit,22.48388,73.09559
Rajkot Industrial Site 0690,Industrial Estate,22.16442,70.77588
Ranchi Industrial Site 0691,Power Plant,23.5448,85.07949
Jamshedpur Industrial Site 0692,Steel Plant,22.80697,86.40087
Bhubaneswar Industrial Site 0693,Cement Plant,20.22819,85.93361
Visakhapatnam Industrial Site 0694,Refinery,17.58145,83.19189
Vijayawada Industrial Site 0695,Chemical Plant,16.51274,80.80401
Coimbatore Industrial Site 0696,Textile Industry,11.00098,77.11473
Kochi Industrial Site 0697,Paper Mill,9.65478,76.24367
Guwahati Industrial Site 0698,Thermal Power Plant,26.4293,91.80786
Ludhiana Industrial Site 0699,Manufacturing Unit,31.04678,75.86371
Amritsar Industrial Site 0700,Industrial Estate,31.8291,74.74562
Bikaner Industrial Site 0701,Power Plant,28.14293,73.37625
Jodhpur Industrial Site 0702,Steel Plant,26.00212,72.75782
Raipur Industrial Site 0703,Cement Plant,21.37694,81.33511
Durgapur Industrial Site 0704,Refinery,23.65788,87.29585
Asansol Industrial Site 0705,Chemical Plant,23.91151,87.05737
Gaya Industrial Site 0706,Textile Industry,24.69636,85.07473
Begusarai Industrial Site 0707,Paper Mill,25.28163,86.15746
Munger Industrial Site 0708,Thermal Power Plant,25.28545,86.80291
Bokaro Industrial Site 0709,Manufacturing Unit,23.60935,86.21581
Faridabad Industrial Site 0710,Industrial Estate,28.57922,77.57511
Gurugram Industrial Site 0711,Power Plant,28.25793,76.99468
Noida Industrial Site 0712,Steel Plant,28.46764,77.24325
Kota Industrial Site 0713,Cement Plant,25.22904,75.92677
Agra Industrial Site 0714,Refinery,27.16269,78.11844
Nashik Industrial Site 0715,Chemical Plant,19.76428,73.70577
Aurangabad Industrial Site 0716,Textile Industry,19.86534,75.29048
Thane Industrial Site 0717,Paper Mill,19.33372,72.95572
Jalandhar Industrial Site 0718,Thermal Power Plant,31.276,75.60766
Panipat Industrial Site 0719,Manufacturing Unit,29.49372,77.10112
Vapi Industrial Site 0720,Industrial Estate,19.98043,73.31832
Delhi Industrial Site 0721,Power Plant,28.80974,77.16488
Mumbai Industrial Site 0722,Steel Plant,18.80006,72.69448
Kolkata Industrial Site 0723,Cement Plant,22.70935,88.677
Chennai Industrial Site 0724,Refinery,13.19735,80.32948
Bengaluru Industrial Site 0725,Chemical Plant,12.83481,77.443
Hyderabad Industrial Site 0726,Textile Industry,17.3524,78.48279
Ahmedabad Industrial Site 0727,Paper Mill,23.0579,72.80302
Pune Industrial Site 0728,Thermal Power Plant,18.6965,73.90891
Jaipur Industrial Site 0729,Manufacturing Unit,26.71587,75.59928
Lucknow Industrial Site 0730,Industrial Estate,26.88437,80.95057
Kanpur Industrial Site 0731,Power Plant,26.8597,80.41174
Patna Industrial Site 0732,Steel Plant,25.63447,85.24885
Bhopal Industrial Site 0733,Cement Plant,23.30376,77.21957
Indore Industrial Site 0734,Refinery,22.82313,75.98077
Nagpur Industrial Site 0735,Chemical Plant,21.09887,79.03424
Surat Industrial Site 0736,Textile Industry,20.82481,72.9597
Vadodara Industrial Site 0737,Paper Mill,22.36085,73.16958
Rajkot Industrial Site 0738,Thermal Power Plant,22.42642,70.66707
Ranchi Industrial Site 0739,Manufacturing Unit,23.24179,84.98602
Jamshedpur Industrial Site 0740,Industrial Estate,22.71596,86.2425
Bhubaneswar Industrial Site 0741,Power Plant,19.95674,85.59831
Visakhapatnam Industrial Site 0742,Steel Plant,17.62574,83.21464
Vijayawada Industrial Site 0743,Cement Plant,16.4226,80.67786
Coimbatore Industrial Site 0744,Refinery,10.76777,77.17858
Kochi Industrial Site 0745,Chemical Plant,9.80704,75.99291
Guwahati Industrial Site 0746,Textile Industry,26.05009,92.01779
Ludhiana Industrial Site 0747,Paper Mill,30.94258,76.01087
Amritsar Industrial Site 0748,Thermal Power Plant,32.03302,74.81119
Bikaner Industrial Site 0749,Manufacturing Unit,27.95169,73.27647
Jodhpur Industrial Site 0750,Industrial Estate,26.35226,73.0043
Raipur Industrial Site 0751,Power Plant,21.35278,81.62181
Durgapur Industrial Site 0752,Steel Plant,23.54387,87.31118
Asansol Industrial Site 0753,Cement Plant,23.39586,86.97755
Gaya Industrial Site 0754,Refinery,24.95142,84.79611
Begusarai Industrial Site 0755,Chemical Plant,25.25823,86.20651
Munger Industrial Site 0756,Textile Industry,25.38461,86.47565
Bokaro Industrial Site 0757,Paper Mill,23.37136,86.26192
Faridabad Industrial Site 0758,Thermal Power Plant,28.51702,77.23293
Gurugram Industrial Site 0759,Manufacturing Unit,28.50668,77.23372
Noida Industrial Site 0760,Industrial Estate,28.75065,77.28841
Kota Industrial Site 0761,Power Plant,25.2524,75.83054
Agra Industrial Site 0762,Steel Plant,27.04875,77.98698
Nashik Industrial Site 0763,Cement Plant,19.68714,74.14279
Aurangabad Industrial Site 0764,Refinery,20.24963,75.16806
Thane Industrial Site 0765,Chemical Plant,19.26439,73.09651
Jalandhar Industrial Site 0766,Textile Industry,31.23231,75.44939
Panipat Industrial Site 0767,Paper Mill,29.28294,76.91339
Vapi Industrial Site 0768,Thermal Power Plant,20.2699,72.84085
Delhi Industrial Site 0769,Manufacturing Unit,28.62559,77.131
Mumbai Industrial Site 0770,Industrial Estate,19.30835,72.70662
Kolkata Industrial Site 0771,Power Plant,22.48444,88.3794
Chennai Industrial Site 0772,Steel Plant,13.13425,80.23145
Bengaluru Industrial Site 0773,Cement Plant,12.75151,77.36863
Hyderabad Industrial Site 0774,Refinery,17.71558,78.34533
Ahmedabad Industrial Site 0775,Chemical Plant,22.8709,72.52335
Pune Industrial Site 0776,Textile Industry,18.45122,73.85512
Jaipur Industrial Site 0777,Paper Mill,26.72376,75.55779
Lucknow Industrial Site 0778,Thermal Power Plant,26.75918,80.78879
Kanpur Industrial Site 0779,Manufacturing Unit,26.21412,80.34657
Patna Industrial Site 0780,Industrial Estate,25.44336,85.28289
Bhopal Industrial Site 0781,Power Plant,23.49832,77.34399
Indore Industrial Site 0782,Steel Plant,22.81629,75.81784
Nagpur Industrial Site 0783,Cement Plant,21.03344,79.3558
Surat Industrial Site 0784,Refinery,21.15518,72.63933
Vadodara Industrial Site 0785,Chemical Plant,22.25993,73.11049
Rajkot Industrial Site 0786,Textile Industry,22.15053,70.77107
Ranchi Industrial Site 0787,Paper Mill,23.38406,85.19126
Jamshedpur Industrial Site 0788,Thermal Power Plant,22.65172,86.14287
Bhubaneswar Industrial Site 0789,Manufacturing Unit,20.13434,85.9776
Visakhapatnam Industrial Site 0790,Industrial Estate,17.66973,83.16882
Vijayawada Industrial Site 0791,Power Plant,16.29569,80.5749
Coimbatore Industrial Site 0792,Steel Plant,11.0787,76.99601
Kochi Industrial Site 0793,Cement Plant,10.21255,76.3165
Guwahati Industrial Site 0794,Refinery,26.05006,91.68533
Ludhiana Industrial Site 0795,Chemical Plant,30.64189,75.35156
Amritsar Industrial Site 0796,Textile Industry,31.50159,74.84464
Bikaner Industrial Site 0797,Paper Mill,28.15547,73.40267
Jodhpur Industrial Site 0798,Thermal Power Plant,26.17155,73.04676
Raipur Industrial Site 0799,Manufacturing Unit,21.31437,81.49175
Durgapur Industrial Site 0800,Industrial Estate,23.45678,87.29584
Asansol Industrial Site 0801,Power Plant,23.69284,86.86423
Gaya Industrial Site 0802,Steel Plant,25.08707,85.1316
Begusarai Industrial Site 0803,Cement Plant,25.35091,86.19868
Munger Industrial Site 0804,Refinery,25.32556,86.67544
Bokaro Industrial Site 0805,Chemical Plant,23.94529,86.03778
Faridabad Industrial Site 0806,Textile Industry,28.26721,77.33067
Gurugram Industrial Site 0807,Paper Mill,28.74076,77.25654
Noida Industrial Site 0808,Thermal Power Plant,28.346,77.18192
Kota Industrial Site 0809,Manufacturing Unit,25.15659,75.85396
Agra Industrial Site 0810,Industrial Estate,27.36269,78.092
Nashik Industrial Site 0811,Power Plant,20.17455,73.56177
Aurangabad Industrial Site 0812,Steel Plant,19.65146,75.06587
Thane Industrial Site 0813,Cement Plant,19.42336,72.80881
Jalandhar Industrial Site 0814,Refinery,31.16195,75.65174
Panipat Industrial Site 0815,Chemical Plant,29.57712,77.07745
Vapi Industrial Site 0816,Textile Industry,20.68006,73.2089
Delhi Industrial Site 0817,Paper Mill,28.61074,77.17479
Mumbai Industrial Site 0818,Thermal Power Plant,19.13319,72.84289
Kolkata Industrial Site 0819,Manufacturing Unit,22.48871,88.55629
Chennai Industrial Site 0820,Industrial Estate,13.26806,80.3547
Bengaluru Industrial Site 0821,Power Plant,12.86516,77.71956
Hyderabad Industrial Site 0822,Steel Plant,17.68509,78.55331
Ahmedabad Industrial Site 0823,Cement Plant,22.84388,72.46767
Pune Industrial Site 0824,Refinery,18.31989,73.91971
Jaipur Industrial Site 0825,Chemical Plant,26.93143,75.89666
Lucknow Industrial Site 0826,Textile Industry,27.05009,80.79581
Kanpur Industrial Site 0827,Paper Mill,26.57655,80.49372
Patna Industrial Site 0828,Thermal Power Plant,25.44584,85.10934
Bhopal Industrial Site 0829,Manufacturing Unit,23.08699,77.21014
Indore Industrial Site 0830,Industrial Estate,22.67978,76.04529
Nagpur Industrial Site 0831,Power Plant,21.05187,79.21679
Surat Industrial Site 0832,Steel Plant,21.18689,73.16248
Vadodara Industrial Site 0833,Cement Plant,22.37773,73.12931
Rajkot Industrial Site 0834,Refinery,22.4725,70.56282
Ranchi Industrial Site 0835,Chemical Plant,23.49076,85.14287
Jamshedpur Industrial Site 0836,Textile Industry,23.02887,86.31745
Bhubaneswar Industrial Site 0837,Paper Mill,20.40403,86.25611
Visakhapatnam Industrial Site 0838,Thermal Power Plant,17.64394,83.13654
Vijayawada Industrial Site 0839,Manufacturing Unit,16.86421,80.22189
Coimbatore Industrial Site 0840,Industrial Estate,11.10727,77.29922
Kochi Industrial Site 0841,Power Plant,9.92536,76.38652
Guwahati Industrial Site 0842,Steel Plant,26.0233,91.66743
Ludhiana Industrial Site 0843,Cement Plant,31.08971,75.86936
Amritsar Industrial Site 0844,Refinery,31.83862,74.62549
Bikaner Industrial Site 0845,Chemical Plant,28.27847,73.30597
Jodhpur Industrial Site 0846,Textile Industry,26.29618,72.88331
Raipur Industrial Site 0847,Paper Mill,21.01436,81.49025
Durgapur Industrial Site 0848,Thermal Power Plant,23.66391,87.10457
Asansol Industrial Site 0849,Manufacturing Unit,23.75144,86.71976
Gaya Industrial Site 0850,Industrial Estate,24.80314,85.27944
Begusarai Industrial Site 0851,Power Plant,25.55574,86.37006
Munger Industrial Site 0852,Steel Plant,25.48729,86.7553
Bokaro Industrial Site 0853,Cement Plant,23.58787,86.51376
Faridabad Industrial Site 0854,Refinery,28.51705,77.50908
Gurugram Industrial Site 0855,Chemical Plant,28.33705,77.0395
Noida Industrial Site 0856,Textile Industry,28.52733,77.51824
Kota Industrial Site 0857,Paper Mill,25.22183,75.79931
Agra Industrial Site 0858,Thermal Power Plant,27.32336,78.04242
Nashik Industrial Site 0859,Manufacturing Unit,20.05081,73.88096
Aurangabad Industrial Site 0860,Industrial Estate,19.77436,75.46514
Thane Industrial Site 0861,Power Plant,19.26335,72.88153
Jalandhar Industrial Site 0862,Steel Plant,30.96347,75.3919
Panipat Industrial Site 0863,Cement Plant,29.20469,77.01362
Vapi Industrial Site 0864,Refinery,20.23044,73.06538
Delhi Industrial Site 0865,Chemical Plant,28.5428,77.12154
Mumbai Industrial Site 0866,Textile Industry,19.06705,72.77798
Kolkata Industrial Site 0867,Paper Mill,22.55341,88.26921
Chennai Industrial Site 0868,Thermal Power Plant,12.87091,80.54109
Bengaluru Industrial Site 0869,Manufacturing Unit,12.86083,77.55787
Hyderabad Industrial Site 0870,Industrial Estate,17.36096,78.40303
Ahmedabad Industrial Site 0871,Power Plant,23.17851,72.43726
Pune Industrial Site 0872,Steel Plant,18.62244,73.98235
Jaipur Industrial Site 0873,Cement Plant,26.85649,75.96997
Lucknow Industrial Site 0874,Refinery,26.95348,80.98422
Kanpur Industrial Site 0875,Chemical Plant,26.06662,80.45066
Patna Industrial Site 0876,Textile Industry,25.75585,85.06294
Bhopal Industrial Site 0877,Paper Mill,23.09079,77.46588
Indore Industrial Site 0878,Thermal Power Plant,22.65817,75.76844
Nagpur Industrial Site 0879,Manufacturing Unit,21.06552,78.93747
Surat Industrial Site 0880,Industrial Estate,21.33797,73.14416
Vadodara Industrial Site 0881,Power Plant,22.14914,73.22053
Rajkot Industrial Site 0882,Steel Plant,22.08115,71.19939
Ranchi Industrial Site 0883,Cement Plant,23.2532,85.02625
Jamshedpur Industrial Site 0884,Refinery,22.86254,86.15845
Bhubaneswar Industrial Site 0885,Chemical Plant,20.08613,85.71239
Visakhapatnam Industrial Site 0886,Textile Industry,17.84778,83.28647
Vijayawada Industrial Site 0887,Paper Mill,16.67569,80.92516
Coimbatore Industrial Site 0888,Thermal Power Plant,10.93636,76.89817
Kochi Industrial Site 0889,Manufacturing Unit,9.94034,76.32366
Guwahati Industrial Site 0890,Industrial Estate,25.66532,91.98177
Ludhiana Industrial Site 0891,Power Plant,30.91687,75.87634
Amritsar Industrial Site 0892,Steel Plant,31.55143,74.56312
Bikaner Industrial Site 0893,Cement Plant,28.2316,73.31081
Jodhpur Industrial Site 0894,Refinery,26.30682,73.28343
Raipur Industrial Site 0895,Chemical Plant,21.14731,81.69399
Durgapur Industrial Site 0896,Textile Industry,23.6608,87.49112
Asansol Industrial Site 0897,Paper Mill,23.66866,86.32687
Gaya Industrial Site 0898,Thermal Power Plant,24.62849,85.09411
Begusarai Industrial Site 0899,Manufacturing Unit,25.49188,86.40104
Munger Industrial Site 0900,Industrial Estate,25.30041,86.14079
Bokaro Industrial Site 0901,Power Plant,23.58677,85.9839
Faridabad Industrial Site 0902,Steel Plant,28.22221,77.39368
Gurugram Industrial Site 0903,Cement Plant,28.32257,77.18265
Noida Industrial Site 0904,Refinery,28.56513,77.57252
Kota Industrial Site 0905,Chemical Plant,25.02561,75.87401
Agra Industrial Site 0906,Textile Industry,27.0375,77.98199
Nashik Industrial Site 0907,Paper Mill,20.23851,73.67761
Aurangabad Industrial Site 0908,Thermal Power Plant,20.07094,75.30359
Thane Industrial Site 0909,Manufacturing Unit,19.26557,73.13282
Jalandhar Industrial Site 0910,Industrial Estate,31.45124,75.38162
Panipat Industrial Site 0911,Power Plant,29.62136,77.10518
Vapi Industrial Site 0912,Steel Plant,20.50426,72.87682
Delhi Industrial Site 0913,Cement Plant,28.7822,77.24252
Mumbai Industrial Site 0914,Refinery,19.09447,72.76073
Kolkata Industrial Site 0915,Chemical Plant,22.64694,88.16823
Chennai Industrial Site 0916,Textile Industry,13.17869,80.35171
Bengaluru Industrial Site 0917,Paper Mill,13.29129,77.42551
Hyderabad Industrial Site 0918,Thermal Power Plant,17.50344,78.85872
Ahmedabad Industrial Site 0919,Manufacturing Unit,23.19037,72.49825
Pune Industrial Site 0920,Industrial Estate,18.41648,73.66513
Jaipur Industrial Site 0921,Power Plant,27.13623,75.95903
Lucknow Industrial Site 0922,Steel Plant,26.68874,80.97993
Kanpur Industrial Site 0923,Cement Plant,26.27597,80.29359
Patna Industrial Site 0924,Refinery,25.58359,85.09546
Bhopal Industrial Site 0925,Chemical Plant,23.24645,77.35072
Indore Industrial Site 0926,Textile Industry,22.7547,75.67743
Nagpur Industrial Site 0927,Paper Mill,20.98561,79.35007
Surat Industrial Site 0928,Thermal Power Plant,21.31704,73.0162
Vadodara Industrial Site 0929,Manufacturing Unit,22.20338,73.33038
Rajkot Industrial Site 0930,Industrial Estate,21.99568,70.90676
Ranchi Industrial Site 0931,Power Plant,23.29438,85.07376
Jamshedpur Industrial Site 0932,Steel Plant,22.82806,86.10407
Bhubaneswar Industrial Site 0933,Cement Plant,20.13662,85.82873
Visakhapatnam Industrial Site 0934,Refinery,17.67092,83.37883
Vijayawada Industrial Site 0935,Chemical Plant,16.46624,80.44306
Coimbatore Industrial Site 0936,Textile Industry,11.01059,76.96806
Kochi Industrial Site 0937,Paper Mill,9.99633,76.3699
Guwahati Industrial Site 0938,Thermal Power Plant,26.19798,91.87549
Ludhiana Industrial Site 0939,Manufacturing Unit,30.96705,75.82252
Amritsar Industrial Site 0940,Industrial Estate,31.54335,75.04386
Bikaner Industrial Site 0941,Power Plant,27.9388,73.08845
Jodhpur Industrial Site 0942,Steel Plant,26.07022,73.0165
Raipur Industrial Site 0943,Cement Plant,21.35616,81.58138
Durgapur Industrial Site 0944,Refinery,23.59543,87.2969
Asansol Industrial Site 0945,Chemical Plant,23.7413,87.27124
Gaya Industrial Site 0946,Textile Industry,24.73709,84.93927
Begusarai Industrial Site 0947,Paper Mill,25.49224,85.99837
Munger Industrial Site 0948,Thermal Power Plant,25.17527,86.74153
Bokaro Industrial Site 0949,Manufacturing Unit,23.49422,86.14632
Faridabad Industrial Site 0950,Industrial Estate,28.27188,77.2303
Gurugram Industrial Site 0951,Power Plant,28.63699,77.10362
Noida Industrial Site 0952,Steel Plant,28.07246,77.37737
Kota Industrial Site 0953,Cement Plant,25.41252,75.94691
Agra Industrial Site 0954,Refinery,27.13097,77.96945
Nashik Industrial Site 0955,Chemical Plant,20.01091,73.87246
Aurangabad Industrial Site 0956,Textile Industry,19.93749,75.55421
Thane Industrial Site 0957,Paper Mill,19.1933,73.04439
Jalandhar Industrial Site 0958,Thermal Power Plant,31.22322,75.61676
Panipat Industrial Site 0959,Manufacturing Unit,29.48101,76.90234
Vapi Industrial Site 0960,Industrial Estate,20.37556,72.66023
Delhi Industrial Site 0961,Power Plant,28.60931,77.14159
Mumbai Industrial Site 0962,Steel Plant,19.0968,73.05842
Kolkata Industrial Site 0963,Cement Plant,22.90123,88.44522
Chennai Industrial Site 0964,Refinery,13.06147,80.40612
Bengaluru Industrial Site 0965,Chemical Plant,12.97389,77.68662
Hyderabad Industrial Site 0966,Textile Industry,17.3386,78.47492
Ahmedabad Industrial Site 0967,Paper Mill,23.12031,72.76862
Pune Industrial Site 0968,Thermal Power Plant,18.50856,73.90058
Jaipur Industrial Site 0969,Manufacturing Unit,27.01128,75.78653
Lucknow Industrial Site 0970,Industrial Estate,26.86527,80.95611
Kanpur Industrial Site 0971,Power Plant,26.47812,80.56772
Patna Industrial Site 0972,Steel Plant,25.41165,85.08924
Bhopal Industrial Site 0973,Cement Plant,22.89382,77.47515
Indore Industrial Site 0974,Refinery,22.91901,75.6299
Nagpur Industrial Site 0975,Chemical Plant,20.9232,78.93846
Surat Industrial Site 0976,Textile Industry,21.15518,72.8634
Vadodara Industrial Site 0977,Paper Mill,22.5636,73.26582
Rajkot Industrial Site 0978,Thermal Power Plant,22.35666,70.94391
Ranchi Industrial Site 0979,Manufacturing Unit,23.37964,85.31477
Jamshedpur Industrial Site 0980,Industrial Estate,23.03689,86.10065
Bhubaneswar Industrial Site 0981,Power Plant,20.19001,85.58605
Visakhapatnam Industrial Site 0982,Steel Plant,17.77399,83.26147
Vijayawada Industrial Site 0983,Cement Plant,16.44939,80.68798
Coimbatore Industrial Site 0984,Refinery,11.05582,77.13379
Kochi Industrial Site 0985,Chemical Plant,9.9137,76.2859
Guwahati Industrial Site 0986,Textile Industry,26.28607,91.68288
Ludhiana Industrial Site 0987,Paper Mill,31.1063,76.03664
Amritsar Industrial Site 0988,Thermal Power Plant,31.54413,74.69171
Bikaner Industrial Site 0989,Manufacturing Unit,28.17106,73.33415
Jodhpur Industrial Site 0990,Industrial Estate,26.34844,72.93674
Raipur Industrial Site 0991,Power Plant,20.91998,81.75113
Durgapur Industrial Site 0992,Steel Plant,23.55871,87.24088
Asansol Industrial Site 0993,Cement Plant,23.97073,86.89969
Gaya Industrial Site 0994,Refinery,24.74157,84.95146
Begusarai Industrial Site 0995,Chemical Plant,25.34968,86.10167
Munger Industrial Site 0996,Textile Industry,25.53674,86.4433
Bokaro Industrial Site 0997,Paper Mill,23.76582,86.1783
Faridabad Industrial Site 0998,Thermal Power Plant,28.62474,77.16751
Gurugram Industrial Site 0999,Manufacturing Unit,28.32252,76.95488
Noida Industrial Site 1000,Industrial Estate,28.46906,77.36633
Kota Industrial Site 1001,Power Plant,25.08519,75.78199
Agra Industrial Site 1002,Steel Plant,26.86387,78.48011
Nashik Industrial Site 1003,Cement Plant,20.13355,73.83567
Aurangabad Industrial Site 1004,Refinery,20.04129,75.37737
Thane Industrial Site 1005,Chemical Plant,19.24232,73.06065
Jalandhar Industrial Site 1006,Textile Industry,31.47714,75.77715
Panipat Industrial Site 1007,Paper Mill,29.30542,77.05634
Vapi Industrial Site 1008,Thermal Power Plant,20.2455,73.25138
Delhi Industrial Site 1009,Manufacturing Unit,28.25674,77.27116
Mumbai Industrial Site 1010,Industrial Estate,19.07335,73.10814
Kolkata Industrial Site 1011,Power Plant,22.67994,88.13471
Chennai Industrial Site 1012,Steel Plant,13.29842,80.64856
Bengaluru Industrial Site 1013,Cement Plant,13.25392,77.60851
Hyderabad Industrial Site 1014,Refinery,17.63129,78.40448
Ahmedabad Industrial Site 1015,Chemical Plant,22.72292,72.2803
Pune Industrial Site 1016,Textile Industry,18.49061,73.7958
Jaipur Industrial Site 1017,Paper Mill,26.78373,75.79432
Lucknow Industrial Site 1018,Thermal Power Plant,26.8097,81.02601
Kanpur Industrial Site 1019,Manufacturing Unit,26.33432,80.38967
Patna Industrial Site 1020,Industrial Estate,25.44461,84.93923
Bhopal Industrial Site 1021,Power Plant,23.16628,77.43988
Indore Industrial Site 1022,Steel Plant,22.66979,75.75337
Nagpur Industrial Site 1023,Cement Plant,21.31845,79.22352
Surat Industrial Site 1024,Refinery,21.21473,72.77193
Vadodara Industrial Site 1025,Chemical Plant,22.20045,73.04234
Rajkot Industrial Site 1026,Textile Industry,22.50675,70.73375
Ranchi Industrial Site 1027,Paper Mill,23.31654,85.35508
Jamshedpur Industrial Site 1028,Thermal Power Plant,22.90686,86.31682
Bhubaneswar Industrial Site 1029,Manufacturing Unit,20.0221,85.98939
Visakhapatnam Industrial Site 1030,Industrial Estate,17.35605,83.39224
Vijayawada Industrial Site 1031,Power Plant,16.53318,80.59486
Coimbatore Industrial Site 1032,Steel Plant,11.16272,76.98414
Kochi Industrial Site 1033,Cement Plant,10.18023,76.41822
Guwahati Industrial Site 1034,Refinery,26.08026,91.56331
Ludhiana Industrial Site 1035,Chemical Plant,30.86702,75.84691
Amritsar Industrial Site 1036,Textile Industry,31.74528,74.82001
Bikaner Industrial Site 1037,Paper Mill,28.15334,73.41047
Jodhpur Industrial Site 1038,Thermal Power Plant,26.31128,73.24897
Raipur Industrial Site 1039,Manufacturing Unit,21.34533,81.41056
Durgapur Industrial Site 1040,Industrial Estate,23.47278,87.23644
Asansol Industrial Site 1041,Power Plant,23.80357,87.01366
Gaya Industrial Site 1042,Steel Plant,25.20044,85.20684
Begusarai Industrial Site 1043,Cement Plant,25.34813,86.0883
Munger Industrial Site 1044,Refinery,25.56898,86.20632
Bokaro Industrial Site 1045,Chemical Plant,23.73911,86.31432
Faridabad Industrial Site 1046,Textile Industry,28.55557,77.17147
Gurugram Industrial Site 1047,Paper Mill,28.33844,77.06415
Noida Industrial Site 1048,Thermal Power Plant,28.82083,77.24074
Kota Industrial Site 1049,Manufacturing Unit,25.14551,75.79244
Agra Industrial Site 1050,Industrial Estate,27.11141,78.02687
Nashik Industrial Site 1051,Power Plant,19.79864,73.79102
Aurangabad Industrial Site 1052,Steel Plant,19.95504,75.20805
Thane Industrial Site 1053,Cement Plant,19.07601,72.82937
Jalandhar Industrial Site 1054,Refinery,31.50721,75.47842
Panipat Industrial Site 1055,Chemical Plant,29.55794,76.94542
Vapi Industrial Site 1056,Textile Industry,20.39079,73.02045
Delhi Industrial Site 1057,Paper Mill,28.66133,77.37684
Mumbai Industrial Site 1058,Thermal Power Plant,19.08427,73.00993
Kolkata Industrial Site 1059,Manufacturing Unit,22.44458,88.31716
Chennai Industrial Site 1060,Industrial Estate,13.34508,80.22851
Bengaluru Industrial Site 1061,Power Plant,12.91161,77.43804
Hyderabad Industrial Site 1062,Steel Plant,17.10443,78.34788
Ahmedabad Industrial Site 1063,Cement Plant,23.24744,72.45893
Pune Industrial Site 1064,Refinery,18.65679,73.84698
Jaipur Industrial Site 1065,Chemical Plant,26.96932,75.72225
Lucknow Industrial Site 1066,Textile Industry,26.88269,80.65402
Kanpur Industrial Site 1067,Paper Mill,26.29613,80.29408
Patna Industrial Site 1068,Thermal Power Plant,25.65358,85.01126
Bhopal Industrial Site 1069,Manufacturing Unit,23.22768,77.60898
Indore Industrial Site 1070,Industrial Estate,22.73969,75.83606
Nagpur Industrial Site 1071,Power Plant,21.44577,79.22423
Surat Industrial Site 1072,Steel Plant,21.15637,72.87283
Vadodara Industrial Site 1073,Cement Plant,22.54122,73.15593
Rajkot Industrial Site 1074,Refinery,22.33478,71.00721
Ranchi Industrial Site 1075,Chemical Plant,23.37957,85.17985
Jamshedpur Industrial Site 1076,Textile Industry,22.81163,86.43017
Bhubaneswar Industrial Site 1077,Paper Mill,20.34139,85.55958
Visakhapatnam Industrial Site 1078,Thermal Power Plant,17.65476,83.19924
Vijayawada Industrial Site 1079,Manufacturing Unit,16.13134,80.64896
Coimbatore Industrial Site 1080,Industrial Estate,11.19231,76.91113
Kochi Industrial Site 1081,Power Plant,9.99845,76.21876
Guwahati Industrial Site 1082,Steel Plant,26.13937,91.6767
Ludhiana Industrial Site 1083,Cement Plant,30.65937,76.07551
Amritsar Industrial Site 1084,Refinery,31.57821,74.97949
Bikaner Industrial Site 1085,Chemical Plant,27.78256,73.3366
Jodhpur Industrial Site 1086,Textile Industry,26.21698,72.96485
Raipur Industrial Site 1087,Paper Mill,21.50623,81.50827
Durgapur Industrial Site 1088,Thermal Power Plant,23.6212,87.42046
Asansol Industrial Site 1089,Manufacturing Unit,23.70891,86.97117
Gaya Industrial Site 1090,Industrial Estate,24.57584,85.01448
Begusarai Industrial Site 1091,Power Plant,25.64217,86.24991
Munger Industrial Site 1092,Steel Plant,25.34066,86.29266
Bokaro Industrial Site 1093,Cement Plant,23.60971,85.81356
Faridabad Industrial Site 1094,Refinery,28.47276,77.36375
Gurugram Industrial Site 1095,Chemical Plant,28.33833,77.03831
Noida Industrial Site 1096,Textile Industry,28.41843,77.30784
Kota Industrial Site 1097,Paper Mill,25.34057,75.73743
Agra Industrial Site 1098,Thermal Power Plant,27.44928,78.02792
Nashik Industrial Site 1099,Manufacturing Unit,20.22582,73.87868
Aurangabad Industrial Site 1100,Industrial Estate,19.9062,75.42396
Thane Industrial Site 1101,Power Plant,19.07886,73.18712
Jalandhar Industrial Site 1102,Steel Plant,31.26839,75.46133
Panipat Industrial Site 1103,Cement Plant,29.38147,77.05626
Vapi Industrial Site 1104,Refinery,20.26868,72.98529
Delhi Industrial Site 1105,Chemical Plant,28.57871,77.02011
Mumbai Industrial Site 1106,Textile Industry,18.69601,72.95484
Kolkata Industrial Site 1107,Paper Mill,22.37591,88.49981
Chennai Industrial Site 1108,Thermal Power Plant,13.26454,80.18252
Bengaluru Industrial Site 1109,Manufacturing Unit,13.24925,77.63849
Hyderabad Industrial Site 1110,Industrial Estate,17.32723,78.77948
Ahmedabad Industrial Site 1111,Power Plant,22.80231,72.1819
Pune Industrial Site 1112,Steel Plant,18.43281,73.83495
Jaipur Industrial Site 1113,Cement Plant,26.80551,76.03061
Lucknow Industrial Site 1114,Refinery,26.79704,80.76465
Kanpur Industrial Site 1115,Chemical Plant,26.429,80.07154
Patna Industrial Site 1116,Textile Industry,25.64278,84.8324
Bhopal Industrial Site 1117,Paper Mill,23.50846,77.28359
Indore Industrial Site 1118,Thermal Power Plant,22.88838,76.00402
Nagpur Industrial Site 1119,Manufacturing Unit,21.18822,79.32203
Surat Industrial Site 1120,Industrial Estate,21.53317,72.9624
Vadodara Industrial Site 1121,Power Plant,22.32316,73.07532
Rajkot Industrial Site 1122,Steel Plant,22.32747,71.20592
Ranchi Industrial Site 1123,Cement Plant,23.17587,85.15428
Jamshedpur Industrial Site 1124,Refinery,22.71603,86.242
Bhubaneswar Industrial Site 1125,Chemical Plant,20.38595,85.86136
Visakhapatnam Industrial Site 1126,Textile Industry,17.60854,83.02656
Vijayawada Industrial Site 1127,Paper Mill,16.39653,80.77004
Coimbatore Industrial Site 1128,Thermal Power Plant,10.96618,77.21201
Kochi Industrial Site 1129,Manufacturing Unit,10.19808,76.3981
Guwahati Industrial Site 1130,Industrial Estate,26.21599,91.97796
Ludhiana Industrial Site 1131,Power Plant,31.01795,75.95942
Amritsar Industrial Site 1132,Steel Plant,31.68655,74.77083
Bikaner Industrial Site 1133,Cement Plant,27.85243,73.6577
Jodhpur Industrial Site 1134,Refinery,26.053,73.06731
Raipur Industrial Site 1135,Chemical Plant,20.88697,81.48819
Durgapur Industrial Site 1136,Textile Industry,23.72574,87.26534
Asansol Industrial Site 1137,Paper Mill,23.88701,86.8642
Gaya Industrial Site 1138,Thermal Power Plant,24.59586,85.0741
Begusarai Industrial Site 1139,Manufacturing Unit,25.26169,86.02466
Munger Industrial Site 1140,Industrial Estate,25.14916,86.35767
Bokaro Industrial Site 1141,Power Plant,23.62781,86.2413
Faridabad Industrial Site 1142,Steel Plant,28.50455,77.46282
Gurugram Industrial Site 1143,Cement Plant,28.50108,77.07548
Noida Industrial Site 1144,Refinery,28.36961,77.58102
Kota Industrial Site 1145,Chemical Plant,25.09507,76.0439
Agra Industrial Site 1146,Textile Industry,27.40583,77.9642
Nashik Industrial Site 1147,Paper Mill,19.94005,73.70939
Aurangabad Industrial Site 1148,Thermal Power Plant,19.99337,75.19525
Thane Industrial Site 1149,Manufacturing Unit,18.85524,73.31591
Jalandhar Industrial Site 1150,Industrial Estate,31.37148,75.45933
Panipat Industrial Site 1151,Power Plant,29.53293,76.99037
Vapi Industrial Site 1152,Steel Plant,20.53567,73.22723
Delhi Industrial Site 1153,Cement Plant,28.63238,77.2277
Mumbai Industrial Site 1154,Refinery,19.22129,72.81482
Kolkata Industrial Site 1155,Chemical Plant,22.55116,88.41502
Chennai Industrial Site 1156,Textile Industry,13.06059,80.46192
Bengaluru Industrial Site 1157,Paper Mill,13.0087,77.67504
Hyderabad Industrial Site 1158,Thermal Power Plant,17.59442,78.34911
Ahmedabad Industrial Site 1159,Manufacturing Unit,23.26306,72.56023
Pune Industrial Site 1160,Industrial Estate,18.53072,74.18949
Jaipur Industrial Site 1161,Power Plant,27.10624,75.40294
Lucknow Industrial Site 1162,Steel Plant,26.84409,80.78704
Kanpur Industrial Site 1163,Cement Plant,26.38884,80.35754
Patna Industrial Site 1164,Refinery,25.57215,85.30888
Bhopal Industrial Site 1165,Chemical Plant,23.26618,77.30519
Indore Industrial Site 1166,Textile Industry,22.79969,75.8762
Nagpur Industrial Site 1167,Paper Mill,21.04205,79.06181
Surat Industrial Site 1168,Thermal Power Plant,21.30617,72.62319
Vadodara Industrial Site 1169,Manufacturing Unit,22.39332,72.96567
Rajkot Industrial Site 1170,Industrial Estate,22.41009,71.08447
Ranchi Industrial Site 1171,Power Plant,23.26346,85.36043
Jamshedpur Industrial Site 1172,Steel Plant,22.69699,86.05654
Bhubaneswar Industrial Site 1173,Cement Plant,20.30354,85.78114
Visakhapatnam Industrial Site 1174,Refinery,17.47423,83.28542
Vijayawada Industrial Site 1175,Chemical Plant,16.3926,80.57932
Coimbatore Industrial Site 1176,Textile Industry,11.03033,76.98436
Kochi Industrial Site 1177,Paper Mill,9.98379,76.34919
Guwahati Industrial Site 1178,Thermal Power Plant,26.07023,91.94776
Ludhiana Industrial Site 1179,Manufacturing Unit,31.19372,75.63357
Amritsar Industrial Site 1180,Industrial Estate,31.46542,74.8953
Bikaner Industrial Site 1181,Power Plant,28.25646,73.1674
Jodhpur Industrial Site 1182,Steel Plant,26.28129,72.80345
Raipur Industrial Site 1183,Cement Plant,21.08518,81.81645
Durgapur Industrial Site 1184,Refinery,23.59596,87.63713
Asansol Industrial Site 1185,Chemical Plant,24.06818,86.66926
Gaya Industrial Site 1186,Textile Industry,24.71492,85.06769
Begusarai Industrial Site 1187,Paper Mill,25.41558,85.85131
Munger Industrial Site 1188,Thermal Power Plant,25.43496,86.47303
Bokaro Industrial Site 1189,Manufacturing Unit,23.59238,86.32182
Faridabad Industrial Site 1190,Industrial Estate,28.21565,77.58536
Gurugram Industrial Site 1191,Power Plant,28.41878,76.54774
Noida Industrial Site 1192,Steel Plant,28.43404,77.63068
Kota Industrial Site 1193,Cement Plant,25.36663,75.69186
Agra Industrial Site 1194,Refinery,27.36525,78.07051
Nashik Industrial Site 1195,Chemical Plant,19.88391,73.55273
Aurangabad Industrial Site 1196,Textile Industry,19.91412,75.44173
Thane Industrial Site 1197,Paper Mill,19.06675,72.86033
Jalandhar Industrial Site 1198,Thermal Power Plant,31.49394,75.24978
Panipat Industrial Site 1199,Manufacturing Unit,29.56455,77.11525
Vapi Industrial Site 1200,Industrial Estate,20.6921,72.79312
Delhi Industrial Site 0001,Power Plant,28.55071,77.06972
Mumbai Industrial Site 0002,Steel Plant,19.06465,72.78268
Kolkata Industrial Site 0003,Cement Plant,22.11302,88.18802
Chennai Industrial Site 0004,Refinery,12.92504,80.26767
Bengaluru Industrial Site 0005,Chemical Plant,12.87835,77.55741
Hyderabad Industrial Site 0006,Textile Industry,17.60499,78.5461
Ahmedabad Industrial Site 0007,Paper Mill,22.86482,72.62941
Pune Industrial Site 0008,Thermal Power Plant,18.42449,73.69853
Jaipur Industrial Site 0009,Manufacturing Unit,26.8273,75.66376
Lucknow Industrial Site 0010,Industrial Estate,26.72363,80.84816
Kanpur Industrial Site 0011,Power Plant,26.48796,80.3457
Patna Industrial Site 0012,Steel Plant,25.86149,84.70086
Bhopal Industrial Site 0013,Cement Plant,23.57181,77.20322
Indore Industrial Site 0014,Refinery,22.35438,75.71856
Nagpur Industrial Site 0015,Chemical Plant,21.00487,79.24417
Surat Industrial Site 0016,Textile Industry,21.03249,72.50242
Vadodara Industrial Site 0017,Paper Mill,22.33489,73.17428
Rajkot Industrial Site 0018,Thermal Power Plant,22.19208,70.84445
Ranchi Industrial Site 0019,Manufacturing Unit,23.11137,85.31297
Jamshedpur Industrial Site 0020,Industrial Estate,22.83951,86.19311
Bhubaneswar Industrial Site 0021,Power Plant,20.1622,85.84296
Visakhapatnam Industrial Site 0022,Steel Plant,17.74784,83.33989
Vijayawada Industrial Site 0023,Cement Plant,16.31456,80.57306
Coimbatore Industrial Site 0024,Refinery,11.13861,77.03764
Kochi Industrial Site 0025,Chemical Plant,10.0933,76.10909
Guwahati Industrial Site 0026,Textile Industry,26.40876,91.90288
Ludhiana Industrial Site 0027,Paper Mill,30.95699,75.6008
Amritsar Industrial Site 0028,Thermal Power Plant,31.61285,74.69174
Bikaner Industrial Site 0029,Manufacturing Unit,28.06934,73.34709
Jodhpur Industrial Site 0030,Industrial Estate,26.40067,72.81732
Raipur Industrial Site 0031,Power Plant,21.36449,81.68816
Durgapur Industrial Site 0032,Steel Plant,23.50171,87.50927
Asansol Industrial Site 0033,Cement Plant,23.88216,86.97633
Gaya Industrial Site 0034,Refinery,24.7701,85.03015
Begusarai Industrial Site 0035,Chemical Plant,25.67963,86.30559
Munger Industrial Site 0036,Textile Industry,25.48064,86.60325
Bokaro Industrial Site 0037,Paper Mill,23.58867,86.03271
Faridabad Industrial Site 0038,Thermal Power Plant,28.74654,77.23742
Gurugram Industrial Site 0039,Manufacturing Unit,28.37366,77.04712
Noida Industrial Site 0040,Industrial Estate,28.25251,77.4561
Kota Industrial Site 0041,Power Plant,25.28683,75.75602
Agra Industrial Site 0042,Steel Plant,27.36508,78.06709
Nashik Industrial Site 0043,Cement Plant,19.91867,73.83478
Aurangabad Industrial Site 0044,Refinery,19.90844,75.27841
Thane Industrial Site 0045,Chemical Plant,19.57919,72.91753
Jalandhar Industrial Site 0046,Textile Industry,31.22875,75.74668
Panipat Industrial Site 0047,Paper Mill,29.29542,77.16187
Vapi Industrial Site 0048,Thermal Power Plant,20.45599,73.05646
Delhi Industrial Site 0049,Manufacturing Unit,28.44876,77.03419
Mumbai Industrial Site 0050,Industrial Estate,19.24911,72.47864
Kolkata Industrial Site 0051,Power Plant,22.89701,88.35603
Chennai Industrial Site 0052,Steel Plant,12.96149,80.21749
Bengaluru Industrial Site 0053,Cement Plant,13.12249,77.87389
Hyderabad Industrial Site 0054,Refinery,17.42656,78.29285
Ahmedabad Industrial Site 0055,Chemical Plant,23.07579,73.04555
Pune Industrial Site 0056,Textile Industry,18.65306,73.87117
Jaipur Industrial Site 0057,Paper Mill,26.75139,75.62694
Lucknow Industrial Site 0058,Thermal Power Plant,27.24068,80.85658
Kanpur Industrial Site 0059,Manufacturing Unit,26.38052,80.38832
Patna Industrial Site 0060,Industrial Estate,25.71727,85.30228
Bhopal Industrial Site 0061,Power Plant,23.18842,77.60392
Indore Industrial Site 0062,Steel Plant,22.61512,75.82892
Nagpur Industrial Site 0063,Cement Plant,21.09422,78.76569
Surat Industrial Site 0064,Refinery,21.2531,73.00551
Vadodara Industrial Site 0065,Chemical Plant,22.40873,73.64592
Rajkot Industrial Site 0066,Textile Industry,21.98452,70.63924
Ranchi Industrial Site 0067,Paper Mill,23.34306,85.39381
Jamshedpur Industrial Site 0068,Thermal Power Plant,22.73693,86.3813
Bhubaneswar Industrial Site 0069,Manufacturing Unit,20.32311,85.6276
Visakhapatnam Industrial Site 0070,Industrial Estate,17.79492,83.13205
Vijayawada Industrial Site 0071,Power Plant,16.39218,80.58973
Coimbatore Industrial Site 0072,Steel Plant,10.85437,77.11425
Kochi Industrial Site 0073,Cement Plant,10.15243,76.0712
Guwahati Industrial Site 0074,Refinery,26.17628,91.95528
Ludhiana Industrial Site 0075,Chemical Plant,31.0202,76.00132
Amritsar Industrial Site 0076,Textile Industry,31.24774,74.93003
Bikaner Industrial Site 0077,Paper Mill,27.90684,73.13918
Jodhpur Industrial Site 0078,Thermal Power Plant,26.15003,72.9443
Raipur Industrial Site 0079,Manufacturing Unit,21.13216,81.56427
Durgapur Industrial Site 0080,Industrial Estate,23.5375,87.47265
Asansol Industrial Site 0081,Power Plant,23.84028,87.10892
Gaya Industrial Site 0082,Steel Plant,24.80677,84.70658
Begusarai Industrial Site 0083,Cement Plant,25.54148,86.09829
Munger Industrial Site 0084,Refinery,25.29637,86.27816
Bokaro Industrial Site 0085,Chemical Plant,23.63402,86.06147
Faridabad Industrial Site 0086,Textile Industry,28.21801,77.20436
Gurugram Industrial Site 0087,Paper Mill,28.5082,77.03174
Noida Industrial Site 0088,Thermal Power Plant,28.47892,77.36134
Kota Industrial Site 0089,Manufacturing Unit,25.26391,75.81499
Agra Industrial Site 0090,Industrial Estate,27.49143,77.88421
Nashik Industrial Site 0091,Power Plant,19.88663,73.86931
Aurangabad Industrial Site 0092,Steel Plant,19.80439,75.42489
Thane Industrial Site 0093,Cement Plant,18.9147,72.71068
Jalandhar Industrial Site 0094,Refinery,31.52914,75.73765
Panipat Industrial Site 0095,Chemical Plant,29.45529,76.93394
Vapi Industrial Site 0096,Textile Industry,20.61392,73.03159
Delhi Industrial Site 0097,Paper Mill,28.8708,77.67093
Mumbai Industrial Site 0098,Thermal Power Plant,18.80455,72.69144
Kolkata Industrial Site 0099,Manufacturing Unit,22.64743,88.3817
Chennai Industrial Site 0100,Industrial Estate,12.88404,80.27941
Bengaluru Industrial Site 0101,Power Plant,12.93745,77.78541
Hyderabad Industrial Site 0102,Steel Plant,17.31224,78.6069
Ahmedabad Industrial Site 0103,Cement Plant,22.84258,72.72656
Pune Industrial Site 0104,Refinery,18.71563,73.90259
Jaipur Industrial Site 0105,Chemical Plant,26.71894,75.75447
Lucknow Industrial Site 0106,Textile Industry,26.90405,80.89546
Kanpur Industrial Site 0107,Paper Mill,26.50692,80.37709
Patna Industrial Site 0108,Thermal Power Plant,25.60338,84.90271
Bhopal Industrial Site 0109,Manufacturing Unit,23.34387,77.39988
Indore Industrial Site 0110,Industrial Estate,22.69688,75.78866
Nagpur Industrial Site 0111,Power Plant,20.91703,79.17025
Surat Industrial Site 0112,Steel Plant,21.09863,72.78297
Vadodara Industrial Site 0113,Cement Plant,22.28623,73.18411
Rajkot Industrial Site 0114,Refinery,22.41417,70.76629
Ranchi Industrial Site 0115,Chemical Plant,23.27368,85.42075
Jamshedpur Industrial Site 0116,Textile Industry,23.00721,86.28379
Bhubaneswar Industrial Site 0117,Paper Mill,20.42281,85.7288
Visakhapatnam Industrial Site 0118,Thermal Power Plant,17.57519,83.29435
Vijayawada Industrial Site 0119,Manufacturing Unit,16.38507,80.61858
Coimbatore Industrial Site 0120,Industrial Estate,10.71924,77.00051
Kochi Industrial Site 0121,Power Plant,10.06947,76.44374
Guwahati Industrial Site 0122,Steel Plant,26.06974,91.71423
Ludhiana Industrial Site 0123,Cement Plant,30.74939,75.8266
Amritsar Industrial Site 0124,Refinery,31.54125,74.87275
Bikaner Industrial Site 0125,Chemical Plant,27.77114,73.39044
Jodhpur Industrial Site 0126,Textile Industry,26.4499,72.71717
Raipur Industrial Site 0127,Paper Mill,21.11168,81.89181
Durgapur Industrial Site 0128,Thermal Power Plant,23.48961,87.09572
Asansol Industrial Site 0129,Manufacturing Unit,23.68522,86.95733
Gaya Industrial Site 0130,Industrial Estate,24.63357,84.9567
Begusarai Industrial Site 0131,Power Plant,25.72459,86.23015
Munger Industrial Site 0132,Steel Plant,25.15276,86.56209
Bokaro Industrial Site 0133,Cement Plant,23.42807,86.13604
Faridabad Industrial Site 0134,Refinery,28.26151,77.40978
Gurugram Industrial Site 0135,Chemical Plant,28.45016,76.76052
Noida Industrial Site 0136,Textile Industry,28.48343,77.54359
Kota Industrial Site 0137,Paper Mill,25.26288,75.79756
Agra Industrial Site 0138,Thermal Power Plant,27.33242,77.76241
Nashik Industrial Site 0139,Manufacturing Unit,19.96283,73.63156
Aurangabad Industrial Site 0140,Industrial Estate,19.8497,74.91694
Thane Industrial Site 0141,Power Plant,18.99666,73.00502
Jalandhar Industrial Site 0142,Steel Plant,31.66654,75.84887
Panipat Industrial Site 0143,Cement Plant,29.13863,77.01371
Vapi Industrial Site 0144,Refinery,20.05196,72.74447
Delhi Industrial Site 0145,Chemical Plant,28.69797,77.00665
Mumbai Industrial Site 0146,Textile Industry,19.3212,72.77317
Kolkata Industrial Site 0147,Paper Mill,22.60679,88.1246
Chennai Industrial Site 0148,Thermal Power Plant,12.97434,80.36134
Bengaluru Industrial Site 0149,Manufacturing Unit,12.95555,77.66697
Hyderabad Industrial Site 0150,Industrial Estate,17.37859,78.70901
Ahmedabad Industrial Site 0151,Power Plant,23.09663,72.56231
Pune Industrial Site 0152,Steel Plant,18.50648,73.79768
Jaipur Industrial Site 0153,Cement Plant,26.74428,75.59652
Lucknow Industrial Site 0154,Refinery,26.95847,80.83274
Kanpur Industrial Site 0155,Chemical Plant,26.36384,80.19799
Patna Industrial Site 0156,Textile Industry,25.60914,85.44651
Bhopal Industrial Site 0157,Paper Mill,23.26638,77.32013
Indore Industrial Site 0158,Thermal Power Plant,22.39271,75.76245
Nagpur Industrial Site 0159,Manufacturing Unit,21.13515,78.97703
Surat Industrial Site 0160,Industrial Estate,21.00707,72.7666
Vadodara Industrial Site 0161,Power Plant,22.36563,73.1469
Rajkot Industrial Site 0162,Steel Plant,22.2425,70.82445
Ranchi Industrial Site 0163,Cement Plant,23.43389,85.27922
Jamshedpur Industrial Site 0164,Refinery,22.87435,86.42395
Bhubaneswar Industrial Site 0165,Chemical Plant,20.28836,85.73241
Visakhapatnam Industrial Site 0166,Textile Industry,17.71778,83.4621
Vijayawada Industrial Site 0167,Paper Mill,16.4924,80.7234
Coimbatore Industrial Site 0168,Thermal Power Plant,10.8733,77.07814
Kochi Industrial Site 0169,Manufacturing Unit,10.0955,76.18333
Guwahati Industrial Site 0170,Industrial Estate,26.09522,91.78939
Ludhiana Industrial Site 0171,Power Plant,31.01285,75.77298
Amritsar Industrial Site 0172,Steel Plant,31.8334,74.78529
Bikaner Industrial Site 0173,Cement Plant,27.84796,73.23198
Jodhpur Industrial Site 0174,Refinery,26.00884,73.29245
Raipur Industrial Site 0175,Chemical Plant,21.29403,81.64327
Durgapur Industrial Site 0176,Textile Industry,23.63923,87.14514
Asansol Industrial Site 0177,Paper Mill,23.45284,86.91382
Gaya Industrial Site 0178,Thermal Power Plant,24.73392,85.0094
Begusarai Industrial Site 0179,Manufacturing Unit,25.30494,86.14145
Munger Industrial Site 0180,Industrial Estate,25.38393,86.21279
Bokaro Industrial Site 0181,Power Plant,23.79615,86.20975
Faridabad Industrial Site 0182,Steel Plant,28.52649,77.38361
Gurugram Industrial Site 0183,Cement Plant,28.69395,77.24324
Noida Industrial Site 0184,Refinery,28.58966,77.2599
Kota Industrial Site 0185,Chemical Plant,25.05319,76.06399
Agra Industrial Site 0186,Textile Industry,27.44472,77.96904
Nashik Industrial Site 0187,Paper Mill,20.22297,73.61706
Aurangabad Industrial Site 0188,Thermal Power Plant,19.98949,75.04723
Thane Industrial Site 0189,Manufacturing Unit,19.56077,73.05941
Jalandhar Industrial Site 0190,Industrial Estate,31.44082,75.71056
Panipat Industrial Site 0191,Power Plant,29.29756,76.8738
Vapi Industrial Site 0192,Steel Plant,20.32377,72.88091
Delhi Industrial Site 0193,Cement Plant,28.68578,77.27668
Mumbai Industrial Site 0194,Refinery,19.10932,72.9067
Kolkata Industrial Site 0195,Chemical Plant,22.59232,88.44088
Chennai Industrial Site 0196,Textile Industry,13.01902,80.37459
Bengaluru Industrial Site 0197,Paper Mill,12.88919,77.27655
Hyderabad Industrial Site 0198,Thermal Power Plant,17.58853,78.4759
Ahmedabad Industrial Site 0199,Manufacturing Unit,22.97902,72.34584
Pune Industrial Site 0200,Industrial Estate,18.51229,73.95821
Jaipur Industrial Site 0201,Power Plant,26.93996,75.83119
Lucknow Industrial Site 0202,Steel Plant,26.66779,80.96157
Kanpur Industrial Site 0203,Cement Plant,26.57023,80.23422
Patna Industrial Site 0204,Refinery,25.65276,85.38755
Bhopal Industrial Site 0205,Chemical Plant,23.05724,77.24131
Indore Industrial Site 0206,Textile Industry,22.90979,75.65529
Nagpur Industrial Site 0207,Paper Mill,21.23364,79.133
Surat Industrial Site 0208,Thermal Power Plant,21.25617,72.68772
Vadodara Industrial Site 0209,Manufacturing Unit,22.11195,72.88399
Rajkot Industrial Site 0210,Industrial Estate,22.30713,70.74276
Ranchi Industrial Site 0211,Power Plant,23.28496,85.33692
Jamshedpur Industrial Site 0212,Steel Plant,22.80901,86.53029
Bhubaneswar Industrial Site 0213,Cement Plant,20.51385,85.57833
Visakhapatnam Industrial Site 0214,Refinery,17.71497,83.19673
Vijayawada Industrial Site 0215,Chemical Plant,16.25426,80.31199
Coimbatore Industrial Site 0216,Textile Industry,11.04906,76.8157
Kochi Industrial Site 0217,Paper Mill,10.01432,76.17434
Guwahati Industrial Site 0218,Thermal Power Plant,26.17757,91.76217
Ludhiana Industrial Site 0219,Manufacturing Unit,30.82281,75.87511
Amritsar Industrial Site 0220,Industrial Estate,31.79142,74.98215
Bikaner Industrial Site 0221,Power Plant,28.12025,73.11068
Jodhpur Industrial Site 0222,Steel Plant,26.09623,73.0015
Raipur Industrial Site 0223,Cement Plant,21.12305,81.13315
Durgapur Industrial Site 0224,Refinery,23.47069,87.1433
Asansol Industrial Site 0225,Chemical Plant,23.69248,86.88502
Gaya Industrial Site 0226,Textile Industry,24.92801,84.88106
Begusarai Industrial Site 0227,Paper Mill,25.16816,85.97139
Munger Industrial Site 0228,Thermal Power Plant,25.30082,86.59402
Bokaro Industrial Site 0229,Manufacturing Unit,23.54656,85.99994
Faridabad Industrial Site 0230,Industrial Estate,28.46786,77.09326
Gurugram Industrial Site 0231,Power Plant,28.28133,76.8553
Noida Industrial Site 0232,Steel Plant,28.82841,77.55214
Kota Industrial Site 0233,Cement Plant,25.19589,75.92357
Agra Industrial Site 0234,Refinery,27.24841,78.1925
Nashik Industrial Site 0235,Chemical Plant,20.00578,73.65247
Aurangabad Industrial Site 0236,Textile Industry,19.75612,75.69362
Thane Industrial Site 0237,Paper Mill,19.49181,73.27079
Jalandhar Industrial Site 0238,Thermal Power Plant,31.1476,75.50965
Panipat Industrial Site 0239,Manufacturing Unit,29.70706,77.19909
Vapi Industrial Site 0240,Industrial Estate,20.80694,72.67842
Delhi Industrial Site 0241,Power Plant,28.20007,77.10446
Mumbai Industrial Site 0242,Steel Plant,19.09454,72.91793
Kolkata Industrial Site 0243,Cement Plant,22.56049,88.19346
Chennai Industrial Site 0244,Refinery,12.73364,79.88237
Bengaluru Industrial Site 0245,Chemical Plant,12.93566,77.71537
Hyderabad Industrial Site 0246,Textile Industry,17.22902,78.50601
Ahmedabad Industrial Site 0247,Paper Mill,23.1646,72.11044
Pune Industrial Site 0248,Thermal Power Plant,18.42415,73.96665
Jaipur Industrial Site 0249,Manufacturing Unit,27.12195,75.78069
Lucknow Industrial Site 0250,Industrial Estate,26.92423,81.16091
Kanpur Industrial Site 0251,Power Plant,26.14668,80.65161
Patna Industrial Site 0252,Steel Plant,25.6662,85.25774
Bhopal Industrial Site 0253,Cement Plant,23.12171,77.31859
Indore Industrial Site 0254,Refinery,23.01051,76.02529
Nagpur Industrial Site 0255,Chemical Plant,20.97013,79.31022
Surat Industrial Site 0256,Textile Industry,21.45728,72.71207
Vadodara Industrial Site 0257,Paper Mill,22.37949,73.33331
Rajkot Industrial Site 0258,Thermal Power Plant,22.29624,70.81693
Ranchi Industrial Site 0259,Manufacturing Unit,23.60588,85.40167
Jamshedpur Industrial Site 0260,Industrial Estate,22.61744,86.10826
Bhubaneswar Industrial Site 0261,Power Plant,20.23281,85.97165
Visakhapatnam Industrial Site 0262,Steel Plant,17.72005,83.34495
Vijayawada Industrial Site 0263,Cement Plant,16.51978,80.41136
Coimbatore Industrial Site 0264,Refinery,11.36669,76.50711
Kochi Industrial Site 0265,Chemical Plant,9.64975,76.6743
Guwahati Industrial Site 0266,Textile Industry,26.31404,91.75994
Ludhiana Industrial Site 0267,Paper Mill,30.79949,75.97353
Amritsar Industrial Site 0268,Thermal Power Plant,31.5369,74.76135
Bikaner Industrial Site 0269,Manufacturing Unit,27.81852,73.37693
Jodhpur Industrial Site 0270,Industrial Estate,26.02539,73.21163
Raipur Industrial Site 0271,Power Plant,21.28004,81.80919
Durgapur Industrial Site 0272,Steel Plant,23.72268,87.33453
Asansol Industrial Site 0273,Cement Plant,23.77219,87.13316
Gaya Industrial Site 0274,Refinery,24.37731,84.96937
Begusarai Industrial Site 0275,Chemical Plant,25.63808,86.05371
Munger Industrial Site 0276,Textile Industry,25.64138,86.36005
Bokaro Industrial Site 0277,Paper Mill,23.53424,86.40885
Faridabad Industrial Site 0278,Thermal Power Plant,28.36276,77.28164
Gurugram Industrial Site 0279,Manufacturing Unit,28.49754,76.88204
Noida Industrial Site 0280,Industrial Estate,28.63789,77.3733
Kota Industrial Site 0281,Power Plant,25.16077,75.93524
Agra Industrial Site 0282,Steel Plant,27.18802,78.08412
Nashik Industrial Site 0283,Cement Plant,20.1665,73.69418
Aurangabad Industrial Site 0284,Refinery,19.71136,75.43695
Thane Industrial Site 0285,Chemical Plant,19.29182,72.91394
Jalandhar Industrial Site 0286,Textile Industry,31.24372,75.70464
Panipat Industrial Site 0287,Paper Mill,29.63595,76.90433
Vapi Industrial Site 0288,Thermal Power Plant,20.42552,72.95243
Delhi Industrial Site 0289,Manufacturing Unit,28.35214,76.94985
Mumbai Industrial Site 0290,Industrial Estate,19.17535,73.11964
Kolkata Industrial Site 0291,Power Plant,22.50046,88.47319
Chennai Industrial Site 0292,Steel Plant,12.84731,80.47701
Bengaluru Industrial Site 0293,Cement Plant,13.26304,77.44249
Hyderabad Industrial Site 0294,Refinery,17.50133,78.5582
Ahmedabad Industrial Site 0295,Chemical Plant,23.20047,72.41831
Pune Industrial Site 0296,Textile Industry,18.49619,73.79409
Jaipur Industrial Site 0297,Paper Mill,27.04322,75.60717
Lucknow Industrial Site 0298,Thermal Power Plant,26.86775,80.75131
Kanpur Industrial Site 0299,Manufacturing Unit,26.36249,80.59397
Patna Industrial Site 0300,Industrial Estate,25.56863,85.16426
Bhopal Industrial Site 0301,Power Plant,23.04028,77.57381
Indore Industrial Site 0302,Steel Plant,22.5428,75.77108
Nagpur Industrial Site 0303,Cement Plant,20.84281,79.06835
Surat Industrial Site 0304,Refinery,21.16578,72.58922
Vadodara Industrial Site 0305,Chemical Plant,22.23218,73.511
Rajkot Industrial Site 0306,Textile Industry,22.27875,70.66619
Ranchi Industrial Site 0307,Paper Mill,23.43347,85.4045
Jamshedpur Industrial Site 0308,Thermal Power Plant,22.80897,86.19919
Bhubaneswar Industrial Site 0309,Manufacturing Unit,20.45088,85.91342
Visakhapatnam Industrial Site 0310,Industrial Estate,17.51122,83.19646
Vijayawada Industrial Site 0311,Power Plant,16.51797,80.84688
Coimbatore Industrial Site 0312,Steel Plant,11.04436,76.81395
Kochi Industrial Site 0313,Cement Plant,10.05587,76.30732
Guwahati Industrial Site 0314,Refinery,26.06849,91.76239
Ludhiana Industrial Site 0315,Chemical Plant,30.80292,75.51853
Amritsar Industrial Site 0316,Textile Industry,31.47708,74.86931
Bikaner Industrial Site 0317,Paper Mill,27.98055,73.22983
Jodhpur Industrial Site 0318,Thermal Power Plant,26.26059,73.38789
Raipur Industrial Site 0319,Manufacturing Unit,21.07921,81.49309
Durgapur Industrial Site 0320,Industrial Estate,23.75447,87.24422
Asansol Industrial Site 0321,Power Plant,23.6019,87.03637
Gaya Industrial Site 0322,Steel Plant,24.57637,84.96589
Begusarai Industrial Site 0323,Cement Plant,25.22736,86.20865
Munger Industrial Site 0324,Refinery,25.44578,86.20154
Bokaro Industrial Site 0325,Chemical Plant,23.37889,86.01111
Faridabad Industrial Site 0326,Textile Industry,28.26359,77.1694
Gurugram Industrial Site 0327,Paper Mill,28.41229,77.02769
Noida Industrial Site 0328,Thermal Power Plant,28.48347,77.40626
Kota Industrial Site 0329,Manufacturing Unit,25.01911,75.64854
Agra Industrial Site 0330,Industrial Estate,27.04624,78.06843
Nashik Industrial Site 0331,Power Plant,20.11568,73.9006
Aurangabad Industrial Site 0332,Steel Plant,19.55589,75.5703
Thane Industrial Site 0333,Cement Plant,19.41397,73.05626
Jalandhar Industrial Site 0334,Refinery,31.29384,75.85355
Panipat Industrial Site 0335,Chemical Plant,29.36729,77.0194
Vapi Industrial Site 0336,Textile Industry,20.16732,72.97401
Delhi Industrial Site 0337,Paper Mill,28.50031,77.30715
Mumbai Industrial Site 0338,Thermal Power Plant,19.02774,72.8088
Kolkata Industrial Site 0339,Manufacturing Unit,22.69315,88.47105
Chennai Industrial Site 0340,Industrial Estate,13.00323,80.12982
Bengaluru Industrial Site 0341,Power Plant,12.86958,77.73549
Hyderabad Industrial Site 0342,Steel Plant,17.41633,78.62886
Ahmedabad Industrial Site 0343,Cement Plant,22.95537,72.6884
Pune Industrial Site 0344,Refinery,18.4038,74.08657
Jaipur Industrial Site 0345,Chemical Plant,26.99126,75.51677
Lucknow Industrial Site 0346,Textile Industry,26.99962,80.94416
Kanpur Industrial Site 0347,Paper Mill,26.2993,80.64255
Patna Industrial Site 0348,Thermal Power Plant,25.53692,85.26804
Bhopal Industrial Site 0349,Manufacturing Unit,23.43478,77.37508
Indore Industrial Site 0350,Industrial Estate,22.77506,75.76483
Nagpur Industrial Site 0351,Power Plant,21.1561,78.99986
Surat Industrial Site 0352,Steel Plant,20.88161,72.9654
Vadodara Industrial Site 0353,Cement Plant,22.35525,73.21063
Rajkot Industrial Site 0354,Refinery,22.34492,70.98814
Ranchi Industrial Site 0355,Chemical Plant,23.19629,85.30468
Jamshedpur Industrial Site 0356,Textile Industry,22.80225,86.40656
Bhubaneswar Industrial Site 0357,Paper Mill,20.45359,85.60015
Visakhapatnam Industrial Site 0358,Thermal Power Plant,17.67937,83.4417
Vijayawada Industrial Site 0359,Manufacturing Unit,16.66234,80.71256
Coimbatore Industrial Site 0360,Industrial Estate,10.88584,76.93924
Kochi Industrial Site 0361,Power Plant,9.68696,76.3948
Guwahati Industrial Site 0362,Steel Plant,26.02363,91.74947
Ludhiana Industrial Site 0363,Cement Plant,30.88644,75.92005
Amritsar Industrial Site 0364,Refinery,31.79718,74.95426
Bikaner Industrial Site 0365,Chemical Plant,27.86296,73.43531
Jodhpur Industrial Site 0366,Textile Industry,26.15476,72.97342
Raipur Industrial Site 0367,Paper Mill,21.38501,81.40282
Durgapur Industrial Site 0368,Thermal Power Plant,23.60924,87.32651
Asansol Industrial Site 0369,Manufacturing Unit,23.59537,86.73919
Gaya Industrial Site 0370,Industrial Estate,24.56809,84.8127
Begusarai Industrial Site 0371,Power Plant,25.72408,86.09782
Munger Industrial Site 0372,Steel Plant,25.32823,86.47897
Bokaro Industrial Site 0373,Cement Plant,23.62495,86.33582
Faridabad Industrial Site 0374,Refinery,28.54149,77.27082
Gurugram Industrial Site 0375,Chemical Plant,28.65379,77.09726
Noida Industrial Site 0376,Textile Industry,28.54953,77.23205
Kota Industrial Site 0377,Paper Mill,25.19791,75.67012
Agra Industrial Site 0378,Thermal Power Plant,27.22632,78.09795
Nashik Industrial Site 0379,Manufacturing Unit,20.28729,73.73725
Aurangabad Industrial Site 0380,Industrial Estate,19.88823,75.7148
Thane Industrial Site 0381,Power Plant,19.16313,72.96088
Jalandhar Industrial Site 0382,Steel Plant,31.31707,75.40216
Panipat Industrial Site 0383,Cement Plant,29.57964,76.79134
Vapi Industrial Site 0384,Refinery,20.45303,72.83107
Delhi Industrial Site 0385,Chemical Plant,28.46449,77.14524
Mumbai Industrial Site 0386,Textile Industry,19.18347,72.97801
Kolkata Industrial Site 0387,Paper Mill,22.67434,88.27811
Chennai Industrial Site 0388,Thermal Power Plant,12.99258,80.36148
Bengaluru Industrial Site 0389,Manufacturing Unit,13.16347,77.64853
Hyderabad Industrial Site 0390,Industrial Estate,17.46562,78.53819
Ahmedabad Industrial Site 0391,Power Plant,23.12789,72.27955
Pune Industrial Site 0392,Steel Plant,18.77098,73.5463
Jaipur Industrial Site 0393,Cement Plant,27.09682,75.78692
Lucknow Industrial Site 0394,Refinery,26.63615,81.13753
Kanpur Industrial Site 0395,Chemical Plant,26.24614,80.31881
Patna Industrial Site 0396,Textile Industry,25.84971,85.27635
Bhopal Industrial Site 0397,Paper Mill,23.32045,77.58832
Indore Industrial Site 0398,Thermal Power Plant,22.69463,75.94919
Nagpur Industrial Site 0399,Manufacturing Unit,21.28653,78.83698
Surat Industrial Site 0400,Industrial Estate,21.24947,72.72047
Vadodara Industrial Site 0401,Power Plant,22.37515,73.18671
Rajkot Industrial Site 0402,Steel Plant,22.38122,70.88678
Ranchi Industrial Site 0403,Cement Plant,23.24302,85.30241
Jamshedpur Industrial Site 0404,Refinery,22.9211,86.19548
Bhubaneswar Industrial Site 0405,Chemical Plant,20.23544,85.76024
Visakhapatnam Industrial Site 0406,Textile Industry,17.59301,83.25604
Vijayawada Industrial Site 0407,Paper Mill,16.44022,80.39793
Coimbatore Industrial Site 0408,Thermal Power Plant,11.12082,76.72263
Kochi Industrial Site 0409,Manufacturing Unit,9.98854,76.44022
Guwahati Industrial Site 0410,Industrial Estate,25.85554,91.72983
Ludhiana Industrial Site 0411,Power Plant,30.88847,75.63992
Amritsar Industrial Site 0412,Steel Plant,31.45533,75.03496
Bikaner Industrial Site 0413,Cement Plant,28.00377,73.23257
Jodhpur Industrial Site 0414,Refinery,26.4372,72.64958
Raipur Industrial Site 0415,Chemical Plant,21.2507,81.37479
Durgapur Industrial Site 0416,Textile Industry,23.55549,87.16468
Asansol Industrial Site 0417,Paper Mill,23.67007,86.6571
Gaya Industrial Site 0418,Thermal Power Plant,24.96102,85.11021
Begusarai Industrial Site 0419,Manufacturing Unit,25.60276,85.83699
Munger Industrial Site 0420,Industrial Estate,25.21286,86.54393
Bokaro Industrial Site 0421,Power Plant,23.62455,86.34807
Faridabad Industrial Site 0422,Steel Plant,28.45708,77.23645
Gurugram Industrial Site 0423,Cement Plant,28.42136,77.25205
Noida Industrial Site 0424,Refinery,28.3165,77.40083
Kota Industrial Site 0425,Chemical Plant,24.90042,75.89497
Agra Industrial Site 0426,Textile Industry,26.99699,77.8692
Nashik Industrial Site 0427,Paper Mill,19.86482,73.86468
Aurangabad Industrial Site 0428,Thermal Power Plant,19.67945,75.37978
Thane Industrial Site 0429,Manufacturing Unit,19.23506,72.81085
Jalandhar Industrial Site 0430,Industrial Estate,31.58773,75.68277
Panipat Industrial Site 0431,Power Plant,29.14416,76.91582
Vapi Industrial Site 0432,Steel Plant,20.63159,72.79505
Delhi Industrial Site 0433,Cement Plant,28.50292,77.14145
Mumbai Industrial Site 0434,Refinery,18.93219,73.13527
Kolkata Industrial Site 0435,Chemical Plant,22.59948,88.40944
Chennai Industrial Site 0436,Textile Industry,13.32595,80.69784
Bengaluru Industrial Site 0437,Paper Mill,12.90237,77.57942
Hyderabad Industrial Site 0438,Thermal Power Plant,17.37318,78.78937
Ahmedabad Industrial Site 0439,Manufacturing Unit,23.13122,72.35177
Pune Industrial Site 0440,Industrial Estate,18.73459,73.67499
Jaipur Industrial Site 0441,Power Plant,26.95525,75.70647
Lucknow Industrial Site 0442,Steel Plant,26.91404,80.77044
Kanpur Industrial Site 0443,Cement Plant,26.30955,80.2309
Patna Industrial Site 0444,Refinery,25.93024,85.16774
Bhopal Industrial Site 0445,Chemical Plant,23.35343,77.61029
Indore Industrial Site 0446,Textile Industry,22.8702,75.86861
Nagpur Industrial Site 0447,Paper Mill,21.1146,79.1338
Surat Industrial Site 0448,Thermal Power Plant,20.97456,72.83314
Vadodara Industrial Site 0449,Manufacturing Unit,22.36397,73.4418
Rajkot Industrial Site 0450,Industrial Estate,22.25504,70.71692
Ranchi Industrial Site 0451,Power Plant,23.61767,85.15615
Jamshedpur Industrial Site 0452,Steel Plant,22.89533,86.11926
Bhubaneswar Industrial Site 0453,Cement Plant,20.08464,85.66173
Visakhapatnam Industrial Site 0454,Refinery,17.83038,83.34204
Vijayawada Industrial Site 0455,Chemical Plant,16.57108,80.46392
Coimbatore Industrial Site 0456,Textile Industry,11.07743,76.93949
Kochi Industrial Site 0457,Paper Mill,9.78816,76.38791
Guwahati Industrial Site 0458,Thermal Power Plant,26.0609,91.63798
Ludhiana Industrial Site 0459,Manufacturing Unit,31.14396,76.01747
Amritsar Industrial Site 0460,Industrial Estate,31.61112,74.87997
Bikaner Industrial Site 0461,Power Plant,28.29026,73.39325
Jodhpur Industrial Site 0462,Steel Plant,26.4379,72.81456
Raipur Industrial Site 0463,Cement Plant,21.26663,81.53191
Durgapur Industrial Site 0464,Refinery,23.47646,87.3657
Asansol Industrial Site 0465,Chemical Plant,23.46888,86.97991
Gaya Industrial Site 0466,Textile Industry,24.76565,84.77344
Begusarai Industrial Site 0467,Paper Mill,25.56891,86.29811
Munger Industrial Site 0468,Thermal Power Plant,25.49913,86.35565
Bokaro Industrial Site 0469,Manufacturing Unit,23.39085,86.19528
Faridabad Industrial Site 0470,Industrial Estate,28.43997,77.64707
Gurugram Industrial Site 0471,Power Plant,28.73192,77.0201
Noida Industrial Site 0472,Steel Plant,28.42456,77.66182
Kota Industrial Site 0473,Cement Plant,25.2363,75.95306
Agra Industrial Site 0474,Refinery,27.23569,77.87629
Nashik Industrial Site 0475,Chemical Plant,20.21144,73.62237
Aurangabad Industrial Site 0476,Textile Industry,19.93669,75.36712
Thane Industrial Site 0477,Paper Mill,19.24201,72.85605
Jalandhar Industrial Site 0478,Thermal Power Plant,31.28506,75.75558
Panipat Industrial Site 0479,Manufacturing Unit,29.32148,76.95021
Vapi Industrial Site 0480,Industrial Estate,20.30069,72.80404
Delhi Industrial Site 0481,Power Plant,28.81325,77.34689
Mumbai Industrial Site 0482,Steel Plant,18.85717,72.9128
Kolkata Industrial Site 0483,Cement Plant,22.46984,88.41027
Chennai Industrial Site 0484,Refinery,13.32386,79.96807
Bengaluru Industrial Site 0485,Chemical Plant,12.86781,77.72908
Hyderabad Industrial Site 0486,Textile Industry,17.62857,78.1333
Ahmedabad Industrial Site 0487,Paper Mill,22.72379,72.53513
Pune Industrial Site 0488,Thermal Power Plant,18.3081,73.56161
Jaipur Industrial Site 0489,Manufacturing Unit,26.57107,75.85722
Lucknow Industrial Site 0490,Industrial Estate,26.61248,81.02506
Kanpur Industrial Site 0491,Power Plant,26.62798,80.34797
Patna Industrial Site 0492,Steel Plant,25.67752,84.83186
Bhopal Industrial Site 0493,Cement Plant,23.31766,77.39913
Indore Industrial Site 0494,Refinery,22.45138,75.94064
Nagpur Industrial Site 0495,Chemical Plant,21.09914,78.97769
Surat Industrial Site 0496,Textile Industry,21.25172,72.92548
Vadodara Industrial Site 0497,Paper Mill,22.31131,72.93578
Rajkot Industrial Site 0498,Thermal Power Plant,22.47435,70.82063
Ranchi Industrial Site 0499,Manufacturing Unit,23.47649,85.39667
Jamshedpur Industrial Site 0500,Industrial Estate,22.82013,86.16827
Bhubaneswar Industrial Site 0501,Power Plant,20.34581,85.67901
Visakhapatnam Industrial Site 0502,Steel Plant,17.81754,83.13468
Vijayawada Industrial Site 0503,Cement Plant,16.33284,80.85512
Coimbatore Industrial Site 0504,Refinery,10.96523,76.8578
Kochi Industrial Site 0505,Chemical Plant,9.93802,76.07545
Guwahati Industrial Site 0506,Textile Industry,26.42472,91.78728
Ludhiana Industrial Site 0507,Paper Mill,30.672,75.83221
Amritsar Industrial Site 0508,Thermal Power Plant,31.40881,74.50021
Bikaner Industrial Site 0509,Manufacturing Unit,27.9812,73.11082
Jodhpur Industrial Site 0510,Industrial Estate,26.26011,72.93261
Raipur Industrial Site 0511,Power Plant,21.11182,81.69746
Durgapur Industrial Site 0512,Steel Plant,23.62725,87.3762
Asansol Industrial Site 0513,Cement Plant,23.76285,86.95722
Gaya Industrial Site 0514,Refinery,24.75347,85.14829
Begusarai Industrial Site 0515,Chemical Plant,25.35392,86.07712
Munger Industrial Site 0516,Textile Industry,25.34066,86.59629
Bokaro Industrial Site 0517,Paper Mill,23.64292,86.14896
Faridabad Industrial Site 0518,Thermal Power Plant,28.25738,77.55559
Gurugram Industrial Site 0519,Manufacturing Unit,28.55797,77.05303
Noida Industrial Site 0520,Industrial Estate,28.3802,77.34677
Kota Industrial Site 0521,Power Plant,25.3618,76.15371
Agra Industrial Site 0522,Steel Plant,27.40372,77.97692
Nashik Industrial Site 0523,Cement Plant,20.16159,73.83077
Aurangabad Industrial Site 0524,Refinery,19.99357,75.39549
Thane Industrial Site 0525,Chemical Plant,19.31552,73.22477
Jalandhar Industrial Site 0526,Textile Industry,31.25852,75.48647
Panipat Industrial Site 0527,Paper Mill,29.57156,77.06123
Vapi Industrial Site 0528,Thermal Power Plant,20.32335,73.00138
Delhi Industrial Site 0529,Manufacturing Unit,28.59106,77.14858
Mumbai Industrial Site 0530,Industrial Estate,19.17615,73.05775
Kolkata Industrial Site 0531,Power Plant,22.46034,88.04905
Chennai Industrial Site 0532,Steel Plant,13.1265,80.36788
Bengaluru Industrial Site 0533,Cement Plant,12.96322,77.60646
Hyderabad Industrial Site 0534,Refinery,17.35278,78.3579
Ahmedabad Industrial Site 0535,Chemical Plant,23.14117,72.6984
Pune Industrial Site 0536,Textile Industry,18.58885,73.82593
Jaipur Industrial Site 0537,Paper Mill,26.7609,75.48303
Lucknow Industrial Site 0538,Thermal Power Plant,26.96011,81.12328
Kanpur Industrial Site 0539,Manufacturing Unit,26.59303,80.30733
Patna Industrial Site 0540,Industrial Estate,25.92062,84.81709
Bhopal Industrial Site 0541,Power Plant,23.1593,77.44858
Indore Industrial Site 0542,Steel Plant,22.82656,75.95957
Nagpur Industrial Site 0543,Cement Plant,21.12157,79.20117
Surat Industrial Site 0544,Refinery,21.22877,72.52432
Vadodara Industrial Site 0545,Chemical Plant,22.09495,73.35304
Rajkot Industrial Site 0546,Textile Industry,22.41265,70.67904
Ranchi Industrial Site 0547,Paper Mill,23.34164,85.24824
Jamshedpur Industrial Site 0548,Thermal Power Plant,22.55846,86.42562
Bhubaneswar Industrial Site 0549,Manufacturing Unit,20.3426,85.51895
Visakhapatnam Industrial Site 0550,Industrial Estate,17.76615,83.24287
Vijayawada Industrial Site 0551,Power Plant,16.33409,80.63187
Coimbatore Industrial Site 0552,Steel Plant,11.09892,76.93362
Kochi Industrial Site 0553,Cement Plant,9.75474,75.99769
Guwahati Industrial Site 0554,Refinery,26.07065,91.3988
Ludhiana Industrial Site 0555,Chemical Plant,31.22435,76.03704
Amritsar Industrial Site 0556,Textile Industry,31.60645,74.72834
Bikaner Industrial Site 0557,Paper Mill,28.07243,72.9779
Jodhpur Industrial Site 0558,Thermal Power Plant,26.05035,72.85603
Raipur Industrial Site 0559,Manufacturing Unit,21.27192,81.3669
Durgapur Industrial Site 0560,Industrial Estate,23.58724,87.33468
Asansol Industrial Site 0561,Power Plant,23.8,86.76961
Gaya Industrial Site 0562,Steel Plant,24.81702,84.93002
Begusarai Industrial Site 0563,Cement Plant,25.49841,86.22277
Munger Industrial Site 0564,Refinery,25.53869,86.58537
Bokaro Industrial Site 0565,Chemical Plant,23.75164,86.37284
Faridabad Industrial Site 0566,Textile Industry,28.60706,77.12101
Gurugram Industrial Site 0567,Paper Mill,28.49902,76.72389
Noida Industrial Site 0568,Thermal Power Plant,28.48488,77.22475
Kota Industrial Site 0569,Manufacturing Unit,24.91111,75.81195
Agra Industrial Site 0570,Industrial Estate,27.26376,77.73343
Nashik Industrial Site 0571,Power Plant,19.95463,73.88978
Aurangabad Industrial Site 0572,Steel Plant,19.80351,75.40054
Thane Industrial Site 0573,Cement Plant,19.40752,72.89989
Jalandhar Industrial Site 0574,Refinery,31.22569,75.38026
Panipat Industrial Site 0575,Chemical Plant,29.63727,77.06336
Vapi Industrial Site 0576,Textile Industry,20.39966,72.99636
Delhi Industrial Site 0577,Paper Mill,28.60211,76.97411
Mumbai Industrial Site 0578,Thermal Power Plant,18.82405,73.24939
Kolkata Industrial Site 0579,Manufacturing Unit,22.69169,88.52316
Chennai Industrial Site 0580,Industrial Estate,12.85548,80.08721
Bengaluru Industrial Site 0581,Power Plant,12.89847,77.36939
Hyderabad Industrial Site 0582,Steel Plant,17.25094,78.56013
Ahmedabad Industrial Site 0583,Cement Plant,23.26939,72.216
Pune Industrial Site 0584,Refinery,18.60541,73.59161
Jaipur Industrial Site 0585,Chemical Plant,27.0253,75.4379
Lucknow Industrial Site 0586,Textile Industry,27.08229,80.71651
Kanpur Industrial Site 0587,Paper Mill,26.31261,80.26718
Patna Industrial Site 0588,Thermal Power Plant,25.76825,85.12567
Bhopal Industrial Site 0589,Manufacturing Unit,23.34349,77.4444
Indore Industrial Site 0590,Industrial Estate,22.58262,75.82394
Nagpur Industrial Site 0591,Power Plant,21.15068,79.00955
Surat Industrial Site 0592,Steel Plant,21.29529,72.89363
Vadodara Industrial Site 0593,Cement Plant,22.05104,73.17162
Rajkot Industrial Site 0594,Refinery,22.40668,70.84263
Ranchi Industrial Site 0595,Chemical Plant,23.5493,85.07149
Jamshedpur Industrial Site 0596,Textile Industry,22.60089,86.40559
Bhubaneswar Industrial Site 0597,Paper Mill,20.21587,85.56327
Visakhapatnam Industrial Site 0598,Thermal Power Plant,17.8122,83.13897
Vijayawada Industrial Site 0599,Manufacturing Unit,16.675,80.96409
Coimbatore Industrial Site 0600,Industrial Estate,11.07328,76.91922
Kochi Industrial Site 0601,Power Plant,10.08775,76.34965
Guwahati Industrial Site 0602,Steel Plant,26.06075,91.67489
Ludhiana Industrial Site 0603,Cement Plant,30.63472,75.91025
Amritsar Industrial Site 0604,Refinery,31.93305,74.84098
Bikaner Industrial Site 0605,Chemical Plant,28.18615,73.55432
Jodhpur Industrial Site 0606,Textile Industry,26.19585,73.00089
Raipur Industrial Site 0607,Paper Mill,21.32243,81.6211
Durgapur Industrial Site 0608,Thermal Power Plant,23.59693,87.4599
Asansol Industrial Site 0609,Manufacturing Unit,23.97293,86.98324
Gaya Industrial Site 0610,Industrial Estate,24.70531,85.001
Begusarai Industrial Site 0611,Power Plant,25.27512,86.4201
Munger Industrial Site 0612,Steel Plant,25.41355,86.37603
Bokaro Industrial Site 0613,Cement Plant,23.64718,85.91833
Faridabad Industrial Site 0614,Refinery,28.34966,77.23178
Gurugram Industrial Site 0615,Chemical Plant,28.41368,77.34325
Noida Industrial Site 0616,Textile Industry,28.66164,77.34998
Kota Industrial Site 0617,Paper Mill,25.44091,75.78574
Agra Industrial Site 0618,Thermal Power Plant,27.10744,78.0473
Nashik Industrial Site 0619,Manufacturing Unit,20.05537,74.11268
Aurangabad Industrial Site 0620,Industrial Estate,19.59112,75.23226
Thane Industrial Site 0621,Power Plant,19.07791,72.78191
Jalandhar Industrial Site 0622,Steel Plant,31.39052,75.3094
Panipat Industrial Site 0623,Cement Plant,29.37723,77.18877
Vapi Industrial Site 0624,Refinery,20.12741,72.70139
Delhi Industrial Site 0625,Chemical Plant,28.58227,77.00968
Mumbai Industrial Site 0626,Textile Industry,19.54429,73.16149
Kolkata Industrial Site 0627,Paper Mill,22.43635,88.03086
Chennai Industrial Site 0628,Thermal Power Plant,13.13367,79.92715
Bengaluru Industrial Site 0629,Manufacturing Unit,13.26145,77.58238
Hyderabad Industrial Site 0630,Industrial Estate,17.20542,78.55253
Ahmedabad Industrial Site 0631,Power Plant,23.37776,72.67046
Pune Industrial Site 0632,Steel Plant,18.84083,73.88362
Jaipur Industrial Site 0633,Cement Plant,26.70798,75.78276
Lucknow Industrial Site 0634,Refinery,26.86205,80.92716
Kanpur Industrial Site 0635,Chemical Plant,26.61986,80.19012
Patna Industrial Site 0636,Textile Industry,25.7304,85.14366
Bhopal Industrial Site 0637,Paper Mill,23.34962,77.28521
Indore Industrial Site 0638,Thermal Power Plant,22.55314,75.99687
Nagpur Industrial Site 0639,Manufacturing Unit,21.09588,78.99132
Surat Industrial Site 0640,Industrial Estate,20.90183,72.86469
Vadodara Industrial Site 0641,Power Plant,22.39285,73.05823
Rajkot Industrial Site 0642,Steel Plant,22.15129,70.81652
Ranchi Industrial Site 0643,Cement Plant,23.16062,85.4108
Jamshedpur Industrial Site 0644,Refinery,22.88331,86.16106
Bhubaneswar Industrial Site 0645,Chemical Plant,20.33391,85.80186
Visakhapatnam Industrial Site 0646,Textile Industry,17.72127,83.2808
Vijayawada Industrial Site 0647,Paper Mill,16.43474,80.57077
Coimbatore Industrial Site 0648,Thermal Power Plant,11.01952,77.04323
Kochi Industrial Site 0649,Manufacturing Unit,10.18158,76.41047
Guwahati Industrial Site 0650,Industrial Estate,25.79065,91.7343
Ludhiana Industrial Site 0651,Power Plant,31.00402,75.83416
Amritsar Industrial Site 0652,Steel Plant,31.79082,74.79259
Bikaner Industrial Site 0653,Cement Plant,28.30332,73.22312
Jodhpur Industrial Site 0654,Refinery,26.07295,72.91813
Raipur Industrial Site 0655,Chemical Plant,21.14368,81.84274
Durgapur Industrial Site 0656,Textile Industry,23.36525,87.06832
Asansol Industrial Site 0657,Paper Mill,23.39971,87.02737
Gaya Industrial Site 0658,Thermal Power Plant,25.07092,85.30765
Begusarai Industrial Site 0659,Manufacturing Unit,25.50067,86.30457
Munger Industrial Site 0660,Industrial Estate,25.33938,86.33427
Bokaro Industrial Site 0661,Power Plant,23.83888,85.98761
Faridabad Industrial Site 0662,Steel Plant,28.75707,77.05113
Gurugram Industrial Site 0663,Cement Plant,28.37324,77.07382
Noida Industrial Site 0664,Refinery,28.43928,77.17707
Kota Industrial Site 0665,Chemical Plant,25.19866,75.7875
Agra Industrial Site 0666,Textile Industry,27.45005,77.85143
Nashik Industrial Site 0667,Paper Mill,19.59209,73.86651
Aurangabad Industrial Site 0668,Thermal Power Plant,20.02307,75.42143
Thane Industrial Site 0669,Manufacturing Unit,19.06216,73.07066
Jalandhar Industrial Site 0670,Industrial Estate,31.32246,75.6085
Panipat Industrial Site 0671,Power Plant,29.14788,76.82489
Vapi Industrial Site 0672,Steel Plant,20.13248,72.96611
Delhi Industrial Site 0673,Cement Plant,28.66712,77.42636
Mumbai Industrial Site 0674,Refinery,18.89532,72.86796
Kolkata Industrial Site 0675,Chemical Plant,22.5992,88.5738
Chennai Industrial Site 0676,Textile Industry,13.01327,80.16664
Bengaluru Industrial Site 0677,Paper Mill,12.87259,77.61088
Hyderabad Industrial Site 0678,Thermal Power Plant,17.46688,78.32196
Ahmedabad Industrial Site 0679,Manufacturing Unit,23.06845,72.71212
Pune Industrial Site 0680,Industrial Estate,18.40399,73.70039
Jaipur Industrial Site 0681,Power Plant,26.63643,75.72249
Lucknow Industrial Site 0682,Steel Plant,26.8125,81.07798
Kanpur Industrial Site 0683,Cement Plant,26.32669,80.36263
Patna Industrial Site 0684,Refinery,25.29338,85.15088
Bhopal Industrial Site 0685,Chemical Plant,23.37262,77.38913
Indore Industrial Site 0686,Textile Industry,22.51995,75.87866
Nagpur Industrial Site 0687,Paper Mill,21.17013,78.9885
Surat Industrial Site 0688,Thermal Power Plant,21.18583,72.80331
Vadodara Industrial Site 0689,Manufacturing Unit,22.48388,73.09559
Rajkot Industrial Site 0690,Industrial Estate,22.16442,70.77588
Ranchi Industrial Site 0691,Power Plant,23.5448,85.07949
Jamshedpur Industrial Site 0692,Steel Plant,22.80697,86.40087
Bhubaneswar Industrial Site 0693,Cement Plant,20.22819,85.93361
Visakhapatnam Industrial Site 0694,Refinery,17.58145,83.19189
Vijayawada Industrial Site 0695,Chemical Plant,16.51274,80.80401
Coimbatore Industrial Site 0696,Textile Industry,11.00098,77.11473
Kochi Industrial Site 0697,Paper Mill,9.65478,76.24367
Guwahati Industrial Site 0698,Thermal Power Plant,26.4293,91.80786
Ludhiana Industrial Site 0699,Manufacturing Unit,31.04678,75.86371
Amritsar Industrial Site 0700,Industrial Estate,31.8291,74.74562
Bikaner Industrial Site 0701,Power Plant,28.14293,73.37625
Jodhpur Industrial Site 0702,Steel Plant,26.00212,72.75782
Raipur Industrial Site 0703,Cement Plant,21.37694,81.33511
Durgapur Industrial Site 0704,Refinery,23.65788,87.29585
Asansol Industrial Site 0705,Chemical Plant,23.91151,87.05737
Gaya Industrial Site 0706,Textile Industry,24.69636,85.07473
Begusarai Industrial Site 0707,Paper Mill,25.28163,86.15746
Munger Industrial Site 0708,Thermal Power Plant,25.28545,86.80291
Bokaro Industrial Site 0709,Manufacturing Unit,23.60935,86.21581
Faridabad Industrial Site 0710,Industrial Estate,28.57922,77.57511
Gurugram Industrial Site 0711,Power Plant,28.25793,76.99468
Noida Industrial Site 0712,Steel Plant,28.46764,77.24325
Kota Industrial Site 0713,Cement Plant,25.22904,75.92677
Agra Industrial Site 0714,Refinery,27.16269,78.11844
Nashik Industrial Site 0715,Chemical Plant,19.76428,73.70577
Aurangabad Industrial Site 0716,Textile Industry,19.86534,75.29048
Thane Industrial Site 0717,Paper Mill,19.33372,72.95572
Jalandhar Industrial Site 0718,Thermal Power Plant,31.276,75.60766
Panipat Industrial Site 0719,Manufacturing Unit,29.49372,77.10112
Vapi Industrial Site 0720,Industrial Estate,19.98043,73.31832
Delhi Industrial Site 0721,Power Plant,28.80974,77.16488
Mumbai Industrial Site 0722,Steel Plant,18.80006,72.69448
Kolkata Industrial Site 0723,Cement Plant,22.70935,88.677
Chennai Industrial Site 0724,Refinery,13.19735,80.32948
Bengaluru Industrial Site 0725,Chemical Plant,12.83481,77.443
Hyderabad Industrial Site 0726,Textile Industry,17.3524,78.48279
Ahmedabad Industrial Site 0727,Paper Mill,23.0579,72.80302
Pune Industrial Site 0728,Thermal Power Plant,18.6965,73.90891
Jaipur Industrial Site 0729,Manufacturing Unit,26.71587,75.59928
Lucknow Industrial Site 0730,Industrial Estate,26.88437,80.95057
Kanpur Industrial Site 0731,Power Plant,26.8597,80.41174
Patna Industrial Site 0732,Steel Plant,25.63447,85.24885
Bhopal Industrial Site 0733,Cement Plant,23.30376,77.21957
Indore Industrial Site 0734,Refinery,22.82313,75.98077
Nagpur Industrial Site 0735,Chemical Plant,21.09887,79.03424
Surat Industrial Site 0736,Textile Industry,20.82481,72.9597
Vadodara Industrial Site 0737,Paper Mill,22.36085,73.16958
Rajkot Industrial Site 0738,Thermal Power Plant,22.42642,70.66707
Ranchi Industrial Site 0739,Manufacturing Unit,23.24179,84.98602
Jamshedpur Industrial Site 0740,Industrial Estate,22.71596,86.2425
Bhubaneswar Industrial Site 0741,Power Plant,19.95674,85.59831
Visakhapatnam Industrial Site 0742,Steel Plant,17.62574,83.21464
Vijayawada Industrial Site 0743,Cement Plant,16.4226,80.67786
Coimbatore Industrial Site 0744,Refinery,10.76777,77.17858
Kochi Industrial Site 0745,Chemical Plant,9.80704,75.99291
Guwahati Industrial Site 0746,Textile Industry,26.05009,92.01779
Ludhiana Industrial Site 0747,Paper Mill,30.94258,76.01087
Amritsar Industrial Site 0748,Thermal Power Plant,32.03302,74.81119
Bikaner Industrial Site 0749,Manufacturing Unit,27.95169,73.27647
Jodhpur Industrial Site 0750,Industrial Estate,26.35226,73.0043
Raipur Industrial Site 0751,Power Plant,21.35278,81.62181
Durgapur Industrial Site 0752,Steel Plant,23.54387,87.31118
Asansol Industrial Site 0753,Cement Plant,23.39586,86.97755
Gaya Industrial Site 0754,Refinery,24.95142,84.79611
Begusarai Industrial Site 0755,Chemical Plant,25.25823,86.20651
Munger Industrial Site 0756,Textile Industry,25.38461,86.47565
Bokaro Industrial Site 0757,Paper Mill,23.37136,86.26192
Faridabad Industrial Site 0758,Thermal Power Plant,28.51702,77.23293
Gurugram Industrial Site 0759,Manufacturing Unit,28.50668,77.23372
Noida Industrial Site 0760,Industrial Estate,28.75065,77.28841
Kota Industrial Site 0761,Power Plant,25.2524,75.83054
Agra Industrial Site 0762,Steel Plant,27.04875,77.98698
Nashik Industrial Site 0763,Cement Plant,19.68714,74.14279
Aurangabad Industrial Site 0764,Refinery,20.24963,75.16806
Thane Industrial Site 0765,Chemical Plant,19.26439,73.09651
Jalandhar Industrial Site 0766,Textile Industry,31.23231,75.44939
Panipat Industrial Site 0767,Paper Mill,29.28294,76.91339
Vapi Industrial Site 0768,Thermal Power Plant,20.2699,72.84085
Delhi Industrial Site 0769,Manufacturing Unit,28.62559,77.131
Mumbai Industrial Site 0770,Industrial Estate,19.30835,72.70662
Kolkata Industrial Site 0771,Power Plant,22.48444,88.3794
Chennai Industrial Site 0772,Steel Plant,13.13425,80.23145
Bengaluru Industrial Site 0773,Cement Plant,12.75151,77.36863
Hyderabad Industrial Site 0774,Refinery,17.71558,78.34533
Ahmedabad Industrial Site 0775,Chemical Plant,22.8709,72.52335
Pune Industrial Site 0776,Textile Industry,18.45122,73.85512
Jaipur Industrial Site 0777,Paper Mill,26.72376,75.55779
Lucknow Industrial Site 0778,Thermal Power Plant,26.75918,80.78879
Kanpur Industrial Site 0779,Manufacturing Unit,26.21412,80.34657
Patna Industrial Site 0780,Industrial Estate,25.44336,85.28289
Bhopal Industrial Site 0781,Power Plant,23.49832,77.34399
Indore Industrial Site 0782,Steel Plant,22.81629,75.81784
Nagpur Industrial Site 0783,Cement Plant,21.03344,79.3558
Surat Industrial Site 0784,Refinery,21.15518,72.63933
Vadodara Industrial Site 0785,Chemical Plant,22.25993,73.11049
Rajkot Industrial Site 0786,Textile Industry,22.15053,70.77107
Ranchi Industrial Site 0787,Paper Mill,23.38406,85.19126
Jamshedpur Industrial Site 0788,Thermal Power Plant,22.65172,86.14287
Bhubaneswar Industrial Site 0789,Manufacturing Unit,20.13434,85.9776
Visakhapatnam Industrial Site 0790,Industrial Estate,17.66973,83.16882
Vijayawada Industrial Site 0791,Power Plant,16.29569,80.5749
Coimbatore Industrial Site 0792,Steel Plant,11.0787,76.99601
Kochi Industrial Site 0793,Cement Plant,10.21255,76.3165
Guwahati Industrial Site 0794,Refinery,26.05006,91.68533
Ludhiana Industrial Site 0795,Chemical Plant,30.64189,75.35156
Amritsar Industrial Site 0796,Textile Industry,31.50159,74.84464
Bikaner Industrial Site 0797,Paper Mill,28.15547,73.40267
Jodhpur Industrial Site 0798,Thermal Power Plant,26.17155,73.04676
Raipur Industrial Site 0799,Manufacturing Unit,21.31437,81.49175
Durgapur Industrial Site 0800,Industrial Estate,23.45678,87.29584
Asansol Industrial Site 0801,Power Plant,23.69284,86.86423
Gaya Industrial Site 0802,Steel Plant,25.08707,85.1316
Begusarai Industrial Site 0803,Cement Plant,25.35091,86.19868
Munger Industrial Site 0804,Refinery,25.32556,86.67544
Bokaro Industrial Site 0805,Chemical Plant,23.94529,86.03778
Faridabad Industrial Site 0806,Textile Industry,28.26721,77.33067
Gurugram Industrial Site 0807,Paper Mill,28.74076,77.25654
Noida Industrial Site 0808,Thermal Power Plant,28.346,77.18192
Kota Industrial Site 0809,Manufacturing Unit,25.15659,75.85396
Agra Industrial Site 0810,Industrial Estate,27.36269,78.092
Nashik Industrial Site 0811,Power Plant,20.17455,73.56177
Aurangabad Industrial Site 0812,Steel Plant,19.65146,75.06587
Thane Industrial Site 0813,Cement Plant,19.42336,72.80881
Jalandhar Industrial Site 0814,Refinery,31.16195,75.65174
Panipat Industrial Site 0815,Chemical Plant,29.57712,77.07745
Vapi Industrial Site 0816,Textile Industry,20.68006,73.2089
Delhi Industrial Site 0817,Paper Mill,28.61074,77.17479
Mumbai Industrial Site 0818,Thermal Power Plant,19.13319,72.84289
Kolkata Industrial Site 0819,Manufacturing Unit,22.48871,88.55629
Chennai Industrial Site 0820,Industrial Estate,13.26806,80.3547
Bengaluru Industrial Site 0821,Power Plant,12.86516,77.71956
Hyderabad Industrial Site 0822,Steel Plant,17.68509,78.55331
Ahmedabad Industrial Site 0823,Cement Plant,22.84388,72.46767
Pune Industrial Site 0824,Refinery,18.31989,73.91971
Jaipur Industrial Site 0825,Chemical Plant,26.93143,75.89666
Lucknow Industrial Site 0826,Textile Industry,27.05009,80.79581
Kanpur Industrial Site 0827,Paper Mill,26.57655,80.49372
Patna Industrial Site 0828,Thermal Power Plant,25.44584,85.10934
Bhopal Industrial Site 0829,Manufacturing Unit,23.08699,77.21014
Indore Industrial Site 0830,Industrial Estate,22.67978,76.04529
Nagpur Industrial Site 0831,Power Plant,21.05187,79.21679
Surat Industrial Site 0832,Steel Plant,21.18689,73.16248
Vadodara Industrial Site 0833,Cement Plant,22.37773,73.12931
Rajkot Industrial Site 0834,Refinery,22.4725,70.56282
Ranchi Industrial Site 0835,Chemical Plant,23.49076,85.14287
Jamshedpur Industrial Site 0836,Textile Industry,23.02887,86.31745
Bhubaneswar Industrial Site 0837,Paper Mill,20.40403,86.25611
Visakhapatnam Industrial Site 0838,Thermal Power Plant,17.64394,83.13654
Vijayawada Industrial Site 0839,Manufacturing Unit,16.86421,80.22189
Coimbatore Industrial Site 0840,Industrial Estate,11.10727,77.29922
Kochi Industrial Site 0841,Power Plant,9.92536,76.38652
Guwahati Industrial Site 0842,Steel Plant,26.0233,91.66743
Ludhiana Industrial Site 0843,Cement Plant,31.08971,75.86936
Amritsar Industrial Site 0844,Refinery,31.83862,74.62549
Bikaner Industrial Site 0845,Chemical Plant,28.27847,73.30597
Jodhpur Industrial Site 0846,Textile Industry,26.29618,72.88331
Raipur Industrial Site 0847,Paper Mill,21.01436,81.49025
Durgapur Industrial Site 0848,Thermal Power Plant,23.66391,87.10457
Asansol Industrial Site 0849,Manufacturing Unit,23.75144,86.71976
Gaya Industrial Site 0850,Industrial Estate,24.80314,85.27944
Begusarai Industrial Site 0851,Power Plant,25.55574,86.37006
Munger Industrial Site 0852,Steel Plant,25.48729,86.7553
Bokaro Industrial Site 0853,Cement Plant,23.58787,86.51376
Faridabad Industrial Site 0854,Refinery,28.51705,77.50908
Gurugram Industrial Site 0855,Chemical Plant,28.33705,77.0395
Noida Industrial Site 0856,Textile Industry,28.52733,77.51824
Kota Industrial Site 0857,Paper Mill,25.22183,75.79931
Agra Industrial Site 0858,Thermal Power Plant,27.32336,78.04242
Nashik Industrial Site 0859,Manufacturing Unit,20.05081,73.88096
Aurangabad Industrial Site 0860,Industrial Estate,19.77436,75.46514
Thane Industrial Site 0861,Power Plant,19.26335,72.88153
Jalandhar Industrial Site 0862,Steel Plant,30.96347,75.3919
Panipat Industrial Site 0863,Cement Plant,29.20469,77.01362
Vapi Industrial Site 0864,Refinery,20.23044,73.06538
Delhi Industrial Site 0865,Chemical Plant,28.5428,77.12154
Mumbai Industrial Site 0866,Textile Industry,19.06705,72.77798
Kolkata Industrial Site 0867,Paper Mill,22.55341,88.26921
Chennai Industrial Site 0868,Thermal Power Plant,12.87091,80.54109
Bengaluru Industrial Site 0869,Manufacturing Unit,12.86083,77.55787
Hyderabad Industrial Site 0870,Industrial Estate,17.36096,78.40303
Ahmedabad Industrial Site 0871,Power Plant,23.17851,72.43726
Pune Industrial Site 0872,Steel Plant,18.62244,73.98235
Jaipur Industrial Site 0873,Cement Plant,26.85649,75.96997
Lucknow Industrial Site 0874,Refinery,26.95348,80.98422
Kanpur Industrial Site 0875,Chemical Plant,26.06662,80.45066
Patna Industrial Site 0876,Textile Industry,25.75585,85.06294
Bhopal Industrial Site 0877,Paper Mill,23.09079,77.46588
Indore Industrial Site 0878,Thermal Power Plant,22.65817,75.76844
Nagpur Industrial Site 0879,Manufacturing Unit,21.06552,78.93747
Surat Industrial Site 0880,Industrial Estate,21.33797,73.14416
Vadodara Industrial Site 0881,Power Plant,22.14914,73.22053
Rajkot Industrial Site 0882,Steel Plant,22.08115,71.19939
Ranchi Industrial Site 0883,Cement Plant,23.2532,85.02625
Jamshedpur Industrial Site 0884,Refinery,22.86254,86.15845
Bhubaneswar Industrial Site 0885,Chemical Plant,20.08613,85.71239
Visakhapatnam Industrial Site 0886,Textile Industry,17.84778,83.28647
Vijayawada Industrial Site 0887,Paper Mill,16.67569,80.92516
Coimbatore Industrial Site 0888,Thermal Power Plant,10.93636,76.89817
Kochi Industrial Site 0889,Manufacturing Unit,9.94034,76.32366
Guwahati Industrial Site 0890,Industrial Estate,25.66532,91.98177
Ludhiana Industrial Site 0891,Power Plant,30.91687,75.87634
Amritsar Industrial Site 0892,Steel Plant,31.55143,74.56312
Bikaner Industrial Site 0893,Cement Plant,28.2316,73.31081
Jodhpur Industrial Site 0894,Refinery,26.30682,73.28343
Raipur Industrial Site 0895,Chemical Plant,21.14731,81.69399
Durgapur Industrial Site 0896,Textile Industry,23.6608,87.49112
Asansol Industrial Site 0897,Paper Mill,23.66866,86.32687
Gaya Industrial Site 0898,Thermal Power Plant,24.62849,85.09411
Begusarai Industrial Site 0899,Manufacturing Unit,25.49188,86.40104
Munger Industrial Site 0900,Industrial Estate,25.30041,86.14079
Bokaro Industrial Site 0901,Power Plant,23.58677,85.9839
Faridabad Industrial Site 0902,Steel Plant,28.22221,77.39368
Gurugram Industrial Site 0903,Cement Plant,28.32257,77.18265
Noida Industrial Site 0904,Refinery,28.56513,77.57252
Kota Industrial Site 0905,Chemical Plant,25.02561,75.87401
Agra Industrial Site 0906,Textile Industry,27.0375,77.98199
Nashik Industrial Site 0907,Paper Mill,20.23851,73.67761
Aurangabad Industrial Site 0908,Thermal Power Plant,20.07094,75.30359
Thane Industrial Site 0909,Manufacturing Unit,19.26557,73.13282
Jalandhar Industrial Site 0910,Industrial Estate,31.45124,75.38162
Panipat Industrial Site 0911,Power Plant,29.62136,77.10518
Vapi Industrial Site 0912,Steel Plant,20.50426,72.87682
Delhi Industrial Site 0913,Cement Plant,28.7822,77.24252
Mumbai Industrial Site 0914,Refinery,19.09447,72.76073
Kolkata Industrial Site 0915,Chemical Plant,22.64694,88.16823
Chennai Industrial Site 0916,Textile Industry,13.17869,80.35171
Bengaluru Industrial Site 0917,Paper Mill,13.29129,77.42551
Hyderabad Industrial Site 0918,Thermal Power Plant,17.50344,78.85872
Ahmedabad Industrial Site 0919,Manufacturing Unit,23.19037,72.49825
Pune Industrial Site 0920,Industrial Estate,18.41648,73.66513
Jaipur Industrial Site 0921,Power Plant,27.13623,75.95903
Lucknow Industrial Site 0922,Steel Plant,26.68874,80.97993
Kanpur Industrial Site 0923,Cement Plant,26.27597,80.29359
Patna Industrial Site 0924,Refinery,25.58359,85.09546
Bhopal Industrial Site 0925,Chemical Plant,23.24645,77.35072
Indore Industrial Site 0926,Textile Industry,22.7547,75.67743
Nagpur Industrial Site 0927,Paper Mill,20.98561,79.35007
Surat Industrial Site 0928,Thermal Power Plant,21.31704,73.0162
Vadodara Industrial Site 0929,Manufacturing Unit,22.20338,73.33038
Rajkot Industrial Site 0930,Industrial Estate,21.99568,70.90676
Ranchi Industrial Site 0931,Power Plant,23.29438,85.07376
Jamshedpur Industrial Site 0932,Steel Plant,22.82806,86.10407
Bhubaneswar Industrial Site 0933,Cement Plant,20.13662,85.82873
Visakhapatnam Industrial Site 0934,Refinery,17.67092,83.37883
Vijayawada Industrial Site 0935,Chemical Plant,16.46624,80.44306
Coimbatore Industrial Site 0936,Textile Industry,11.01059,76.96806
Kochi Industrial Site 0937,Paper Mill,9.99633,76.3699
Guwahati Industrial Site 0938,Thermal Power Plant,26.19798,91.87549
Ludhiana Industrial Site 0939,Manufacturing Unit,30.96705,75.82252
Amritsar Industrial Site 0940,Industrial Estate,31.54335,75.04386
Bikaner Industrial Site 0941,Power Plant,27.9388,73.08845
Jodhpur Industrial Site 0942,Steel Plant,26.07022,73.0165
Raipur Industrial Site 0943,Cement Plant,21.35616,81.58138
Durgapur Industrial Site 0944,Refinery,23.59543,87.2969
Asansol Industrial Site 0945,Chemical Plant,23.7413,87.27124
Gaya Industrial Site 0946,Textile Industry,24.73709,84.93927
Begusarai Industrial Site 0947,Paper Mill,25.49224,85.99837
Munger Industrial Site 0948,Thermal Power Plant,25.17527,86.74153
Bokaro Industrial Site 0949,Manufacturing Unit,23.49422,86.14632
Faridabad Industrial Site 0950,Industrial Estate,28.27188,77.2303
Gurugram Industrial Site 0951,Power Plant,28.63699,77.10362
Noida Industrial Site 0952,Steel Plant,28.07246,77.37737
Kota Industrial Site 0953,Cement Plant,25.41252,75.94691
Agra Industrial Site 0954,Refinery,27.13097,77.96945
Nashik Industrial Site 0955,Chemical Plant,20.01091,73.87246
Aurangabad Industrial Site 0956,Textile Industry,19.93749,75.55421
Thane Industrial Site 0957,Paper Mill,19.1933,73.04439
Jalandhar Industrial Site 0958,Thermal Power Plant,31.22322,75.61676
Panipat Industrial Site 0959,Manufacturing Unit,29.48101,76.90234
Vapi Industrial Site 0960,Industrial Estate,20.37556,72.66023
Delhi Industrial Site 0961,Power Plant,28.60931,77.14159
Mumbai Industrial Site 0962,Steel Plant,19.0968,73.05842
Kolkata Industrial Site 0963,Cement Plant,22.90123,88.44522
Chennai Industrial Site 0964,Refinery,13.06147,80.40612
Bengaluru Industrial Site 0965,Chemical Plant,12.97389,77.68662
Hyderabad Industrial Site 0966,Textile Industry,17.3386,78.47492
Ahmedabad Industrial Site 0967,Paper Mill,23.12031,72.76862
Pune Industrial Site 0968,Thermal Power Plant,18.50856,73.90058
Jaipur Industrial Site 0969,Manufacturing Unit,27.01128,75.78653
Lucknow Industrial Site 0970,Industrial Estate,26.86527,80.95611
Kanpur Industrial Site 0971,Power Plant,26.47812,80.56772
Patna Industrial Site 0972,Steel Plant,25.41165,85.08924
Bhopal Industrial Site 0973,Cement Plant,22.89382,77.47515
Indore Industrial Site 0974,Refinery,22.91901,75.6299
Nagpur Industrial Site 0975,Chemical Plant,20.9232,78.93846
Surat Industrial Site 0976,Textile Industry,21.15518,72.8634
Vadodara Industrial Site 0977,Paper Mill,22.5636,73.26582
Rajkot Industrial Site 0978,Thermal Power Plant,22.35666,70.94391
Ranchi Industrial Site 0979,Manufacturing Unit,23.37964,85.31477
Jamshedpur Industrial Site 0980,Industrial Estate,23.03689,86.10065
Bhubaneswar Industrial Site 0981,Power Plant,20.19001,85.58605
Visakhapatnam Industrial Site 0982,Steel Plant,17.77399,83.26147
Vijayawada Industrial Site 0983,Cement Plant,16.44939,80.68798
Coimbatore Industrial Site 0984,Refinery,11.05582,77.13379
Kochi Industrial Site 0985,Chemical Plant,9.9137,76.2859
Guwahati Industrial Site 0986,Textile Industry,26.28607,91.68288
Ludhiana Industrial Site 0987,Paper Mill,31.1063,76.03664
Amritsar Industrial Site 0988,Thermal Power Plant,31.54413,74.69171
Bikaner Industrial Site 0989,Manufacturing Unit,28.17106,73.33415
Jodhpur Industrial Site 0990,Industrial Estate,26.34844,72.93674
Raipur Industrial Site 0991,Power Plant,20.91998,81.75113
Durgapur Industrial Site 0992,Steel Plant,23.55871,87.24088
Asansol Industrial Site 0993,Cement Plant,23.97073,86.89969
Gaya Industrial Site 0994,Refinery,24.74157,84.95146
Begusarai Industrial Site 0995,Chemical Plant,25.34968,86.10167
Munger Industrial Site 0996,Textile Industry,25.53674,86.4433
Bokaro Industrial Site 0997,Paper Mill,23.76582,86.1783
Faridabad Industrial Site 0998,Thermal Power Plant,28.62474,77.16751
Gurugram Industrial Site 0999,Manufacturing Unit,28.32252,76.95488
Noida Industrial Site 1000,Industrial Estate,28.46906,77.36633
Kota Industrial Site 1001,Power Plant,25.08519,75.78199
Agra Industrial Site 1002,Steel Plant,26.86387,78.48011
Nashik Industrial Site 1003,Cement Plant,20.13355,73.83567
Aurangabad Industrial Site 1004,Refinery,20.04129,75.37737
Thane Industrial Site 1005,Chemical Plant,19.24232,73.06065
Jalandhar Industrial Site 1006,Textile Industry,31.47714,75.77715
Panipat Industrial Site 1007,Paper Mill,29.30542,77.05634
Vapi Industrial Site 1008,Thermal Power Plant,20.2455,73.25138
Delhi Industrial Site 1009,Manufacturing Unit,28.25674,77.27116
Mumbai Industrial Site 1010,Industrial Estate,19.07335,73.10814
Kolkata Industrial Site 1011,Power Plant,22.67994,88.13471
Chennai Industrial Site 1012,Steel Plant,13.29842,80.64856
Bengaluru Industrial Site 1013,Cement Plant,13.25392,77.60851
Hyderabad Industrial Site 1014,Refinery,17.63129,78.40448
Ahmedabad Industrial Site 1015,Chemical Plant,22.72292,72.2803
Pune Industrial Site 1016,Textile Industry,18.49061,73.7958
Jaipur Industrial Site 1017,Paper Mill,26.78373,75.79432
Lucknow Industrial Site 1018,Thermal Power Plant,26.8097,81.02601
Kanpur Industrial Site 1019,Manufacturing Unit,26.33432,80.38967
Patna Industrial Site 1020,Industrial Estate,25.44461,84.93923
Bhopal Industrial Site 1021,Power Plant,23.16628,77.43988
Indore Industrial Site 1022,Steel Plant,22.66979,75.75337
Nagpur Industrial Site 1023,Cement Plant,21.31845,79.22352
Surat Industrial Site 1024,Refinery,21.21473,72.77193
Vadodara Industrial Site 1025,Chemical Plant,22.20045,73.04234
Rajkot Industrial Site 1026,Textile Industry,22.50675,70.73375
Ranchi Industrial Site 1027,Paper Mill,23.31654,85.35508
Jamshedpur Industrial Site 1028,Thermal Power Plant,22.90686,86.31682
Bhubaneswar Industrial Site 1029,Manufacturing Unit,20.0221,85.98939
Visakhapatnam Industrial Site 1030,Industrial Estate,17.35605,83.39224
Vijayawada Industrial Site 1031,Power Plant,16.53318,80.59486
Coimbatore Industrial Site 1032,Steel Plant,11.16272,76.98414
Kochi Industrial Site 1033,Cement Plant,10.18023,76.41822
Guwahati Industrial Site 1034,Refinery,26.08026,91.56331
Ludhiana Industrial Site 1035,Chemical Plant,30.86702,75.84691
Amritsar Industrial Site 1036,Textile Industry,31.74528,74.82001
Bikaner Industrial Site 1037,Paper Mill,28.15334,73.41047
Jodhpur Industrial Site 1038,Thermal Power Plant,26.31128,73.24897
Raipur Industrial Site 1039,Manufacturing Unit,21.34533,81.41056
Durgapur Industrial Site 1040,Industrial Estate,23.47278,87.23644
Asansol Industrial Site 1041,Power Plant,23.80357,87.01366
Gaya Industrial Site 1042,Steel Plant,25.20044,85.20684
Begusarai Industrial Site 1043,Cement Plant,25.34813,86.0883
Munger Industrial Site 1044,Refinery,25.56898,86.20632
Bokaro Industrial Site 1045,Chemical Plant,23.73911,86.31432
Faridabad Industrial Site 1046,Textile Industry,28.55557,77.17147
Gurugram Industrial Site 1047,Paper Mill,28.33844,77.06415
Noida Industrial Site 1048,Thermal Power Plant,28.82083,77.24074
Kota Industrial Site 1049,Manufacturing Unit,25.14551,75.79244
Agra Industrial Site 1050,Industrial Estate,27.11141,78.02687
Nashik Industrial Site 1051,Power Plant,19.79864,73.79102
Aurangabad Industrial Site 1052,Steel Plant,19.95504,75.20805
Thane Industrial Site 1053,Cement Plant,19.07601,72.82937
Jalandhar Industrial Site 1054,Refinery,31.50721,75.47842
Panipat Industrial Site 1055,Chemical Plant,29.55794,76.94542
Vapi Industrial Site 1056,Textile Industry,20.39079,73.02045
Delhi Industrial Site 1057,Paper Mill,28.66133,77.37684
Mumbai Industrial Site 1058,Thermal Power Plant,19.08427,73.00993
Kolkata Industrial Site 1059,Manufacturing Unit,22.44458,88.31716
Chennai Industrial Site 1060,Industrial Estate,13.34508,80.22851
Bengaluru Industrial Site 1061,Power Plant,12.91161,77.43804
Hyderabad Industrial Site 1062,Steel Plant,17.10443,78.34788
Ahmedabad Industrial Site 1063,Cement Plant,23.24744,72.45893
Pune Industrial Site 1064,Refinery,18.65679,73.84698
Jaipur Industrial Site 1065,Chemical Plant,26.96932,75.72225
Lucknow Industrial Site 1066,Textile Industry,26.88269,80.65402
Kanpur Industrial Site 1067,Paper Mill,26.29613,80.29408
Patna Industrial Site 1068,Thermal Power Plant,25.65358,85.01126
Bhopal Industrial Site 1069,Manufacturing Unit,23.22768,77.60898
Indore Industrial Site 1070,Industrial Estate,22.73969,75.83606
Nagpur Industrial Site 1071,Power Plant,21.44577,79.22423
Surat Industrial Site 1072,Steel Plant,21.15637,72.87283
Vadodara Industrial Site 1073,Cement Plant,22.54122,73.15593
Rajkot Industrial Site 1074,Refinery,22.33478,71.00721
Ranchi Industrial Site 1075,Chemical Plant,23.37957,85.17985
Jamshedpur Industrial Site 1076,Textile Industry,22.81163,86.43017
Bhubaneswar Industrial Site 1077,Paper Mill,20.34139,85.55958
Visakhapatnam Industrial Site 1078,Thermal Power Plant,17.65476,83.19924
Vijayawada Industrial Site 1079,Manufacturing Unit,16.13134,80.64896
Coimbatore Industrial Site 1080,Industrial Estate,11.19231,76.91113
Kochi Industrial Site 1081,Power Plant,9.99845,76.21876
Guwahati Industrial Site 1082,Steel Plant,26.13937,91.6767
Ludhiana Industrial Site 1083,Cement Plant,30.65937,76.07551
Amritsar Industrial Site 1084,Refinery,31.57821,74.97949
Bikaner Industrial Site 1085,Chemical Plant,27.78256,73.3366
Jodhpur Industrial Site 1086,Textile Industry,26.21698,72.96485
Raipur Industrial Site 1087,Paper Mill,21.50623,81.50827
Durgapur Industrial Site 1088,Thermal Power Plant,23.6212,87.42046
Asansol Industrial Site 1089,Manufacturing Unit,23.70891,86.97117
Gaya Industrial Site 1090,Industrial Estate,24.57584,85.01448
Begusarai Industrial Site 1091,Power Plant,25.64217,86.24991
Munger Industrial Site 1092,Steel Plant,25.34066,86.29266
Bokaro Industrial Site 1093,Cement Plant,23.60971,85.81356
Faridabad Industrial Site 1094,Refinery,28.47276,77.36375
Gurugram Industrial Site 1095,Chemical Plant,28.33833,77.03831
Noida Industrial Site 1096,Textile Industry,28.41843,77.30784
Kota Industrial Site 1097,Paper Mill,25.34057,75.73743
Agra Industrial Site 1098,Thermal Power Plant,27.44928,78.02792
Nashik Industrial Site 1099,Manufacturing Unit,20.22582,73.87868
Aurangabad Industrial Site 1100,Industrial Estate,19.9062,75.42396
Thane Industrial Site 1101,Power Plant,19.07886,73.18712
Jalandhar Industrial Site 1102,Steel Plant,31.26839,75.46133
Panipat Industrial Site 1103,Cement Plant,29.38147,77.05626
Vapi Industrial Site 1104,Refinery,20.26868,72.98529
Delhi Industrial Site 1105,Chemical Plant,28.57871,77.02011
Mumbai Industrial Site 1106,Textile Industry,18.69601,72.95484
Kolkata Industrial Site 1107,Paper Mill,22.37591,88.49981
Chennai Industrial Site 1108,Thermal Power Plant,13.26454,80.18252
Bengaluru Industrial Site 1109,Manufacturing Unit,13.24925,77.63849
Hyderabad Industrial Site 1110,Industrial Estate,17.32723,78.77948
Ahmedabad Industrial Site 1111,Power Plant,22.80231,72.1819
Pune Industrial Site 1112,Steel Plant,18.43281,73.83495
Jaipur Industrial Site 1113,Cement Plant,26.80551,76.03061
Lucknow Industrial Site 1114,Refinery,26.79704,80.76465
Kanpur Industrial Site 1115,Chemical Plant,26.429,80.07154
Patna Industrial Site 1116,Textile Industry,25.64278,84.8324
Bhopal Industrial Site 1117,Paper Mill,23.50846,77.28359
Indore Industrial Site 1118,Thermal Power Plant,22.88838,76.00402
Nagpur Industrial Site 1119,Manufacturing Unit,21.18822,79.32203
Surat Industrial Site 1120,Industrial Estate,21.53317,72.9624
Vadodara Industrial Site 1121,Power Plant,22.32316,73.07532
Rajkot Industrial Site 1122,Steel Plant,22.32747,71.20592
Ranchi Industrial Site 1123,Cement Plant,23.17587,85.15428
Jamshedpur Industrial Site 1124,Refinery,22.71603,86.242
Bhubaneswar Industrial Site 1125,Chemical Plant,20.38595,85.86136
Visakhapatnam Industrial Site 1126,Textile Industry,17.60854,83.02656
Vijayawada Industrial Site 1127,Paper Mill,16.39653,80.77004
Coimbatore Industrial Site 1128,Thermal Power Plant,10.96618,77.21201
Kochi Industrial Site 1129,Manufacturing Unit,10.19808,76.3981
Guwahati Industrial Site 1130,Industrial Estate,26.21599,91.97796
Ludhiana Industrial Site 1131,Power Plant,31.01795,75.95942
Amritsar Industrial Site 1132,Steel Plant,31.68655,74.77083
Bikaner Industrial Site 1133,Cement Plant,27.85243,73.6577
Jodhpur Industrial Site 1134,Refinery,26.053,73.06731
Raipur Industrial Site 1135,Chemical Plant,20.88697,81.48819
Durgapur Industrial Site 1136,Textile Industry,23.72574,87.26534
Asansol Industrial Site 1137,Paper Mill,23.88701,86.8642
Gaya Industrial Site 1138,Thermal Power Plant,24.59586,85.0741
Begusarai Industrial Site 1139,Manufacturing Unit,25.26169,86.02466
Munger Industrial Site 1140,Industrial Estate,25.14916,86.35767
Bokaro Industrial Site 1141,Power Plant,23.62781,86.2413
Faridabad Industrial Site 1142,Steel Plant,28.50455,77.46282
Gurugram Industrial Site 1143,Cement Plant,28.50108,77.07548
Noida Industrial Site 1144,Refinery,28.36961,77.58102
Kota Industrial Site 1145,Chemical Plant,25.09507,76.0439
Agra Industrial Site 1146,Textile Industry,27.40583,77.9642
Nashik Industrial Site 1147,Paper Mill,19.94005,73.70939
Aurangabad Industrial Site 1148,Thermal Power Plant,19.99337,75.19525
Thane Industrial Site 1149,Manufacturing Unit,18.85524,73.31591
Jalandhar Industrial Site 1150,Industrial Estate,31.37148,75.45933
Panipat Industrial Site 1151,Power Plant,29.53293,76.99037
Vapi Industrial Site 1152,Steel Plant,20.53567,73.22723
Delhi Industrial Site 1153,Cement Plant,28.63238,77.2277
Mumbai Industrial Site 1154,Refinery,19.22129,72.81482
Kolkata Industrial Site 1155,Chemical Plant,22.55116,88.41502
Chennai Industrial Site 1156,Textile Industry,13.06059,80.46192
Bengaluru Industrial Site 1157,Paper Mill,13.0087,77.67504
Hyderabad Industrial Site 1158,Thermal Power Plant,17.59442,78.34911
Ahmedabad Industrial Site 1159,Manufacturing Unit,23.26306,72.56023
Pune Industrial Site 1160,Industrial Estate,18.53072,74.18949
Jaipur Industrial Site 1161,Power Plant,27.10624,75.40294
Lucknow Industrial Site 1162,Steel Plant,26.84409,80.78704
Kanpur Industrial Site 1163,Cement Plant,26.38884,80.35754
Patna Industrial Site 1164,Refinery,25.57215,85.30888
Bhopal Industrial Site 1165,Chemical Plant,23.26618,77.30519
Indore Industrial Site 1166,Textile Industry,22.79969,75.8762
Nagpur Industrial Site 1167,Paper Mill,21.04205,79.06181
Surat Industrial Site 1168,Thermal Power Plant,21.30617,72.62319
Vadodara Industrial Site 1169,Manufacturing Unit,22.39332,72.96567
Rajkot Industrial Site 1170,Industrial Estate,22.41009,71.08447
Ranchi Industrial Site 1171,Power Plant,23.26346,85.36043
Jamshedpur Industrial Site 1172,Steel Plant,22.69699,86.05654
Bhubaneswar Industrial Site 1173,Cement Plant,20.30354,85.78114
Visakhapatnam Industrial Site 1174,Refinery,17.47423,83.28542
Vijayawada Industrial Site 1175,Chemical Plant,16.3926,80.57932
Coimbatore Industrial Site 1176,Textile Industry,11.03033,76.98436
Kochi Industrial Site 1177,Paper Mill,9.98379,76.34919
Guwahati Industrial Site 1178,Thermal Power Plant,26.07023,91.94776
Ludhiana Industrial Site 1179,Manufacturing Unit,31.19372,75.63357
Amritsar Industrial Site 1180,Industrial Estate,31.46542,74.8953
Bikaner Industrial Site 1181,Power Plant,28.25646,73.1674
Jodhpur Industrial Site 1182,Steel Plant,26.28129,72.80345
Raipur Industrial Site 1183,Cement Plant,21.08518,81.81645
Durgapur Industrial Site 1184,Refinery,23.59596,87.63713
Asansol Industrial Site 1185,Chemical Plant,24.06818,86.66926
Gaya Industrial Site 1186,Textile Industry,24.71492,85.06769
Begusarai Industrial Site 1187,Paper Mill,25.41558,85.85131
Munger Industrial Site 1188,Thermal Power Plant,25.43496,86.47303
Bokaro Industrial Site 1189,Manufacturing Unit,23.59238,86.32182
Faridabad Industrial Site 1190,Industrial Estate,28.21565,77.58536
Gurugram Industrial Site 1191,Power Plant,28.41878,76.54774
Noida Industrial Site 1192,Steel Plant,28.43404,77.63068
Kota Industrial Site 1193,Cement Plant,25.36663,75.69186
Agra Industrial Site 1194,Refinery,27.36525,78.07051
Nashik Industrial Site 1195,Chemical Plant,19.88391,73.55273
Aurangabad Industrial Site 1196,Textile Industry,19.91412,75.44173
Thane Industrial Site 1197,Paper Mill,19.06675,72.86033
Jalandhar Industrial Site 1198,Thermal Power Plant,31.49394,75.24978
Panipat Industrial Site 1199,Manufacturing Unit,29.56455,77.11525
Vapi Industrial Site 1200,Industrial Estate,20.6921,72.79312
Delhi Industrial Site 0001,Power Plant,28.55071,77.06972
Mumbai Industrial Site 0002,Steel Plant,19.06465,72.78268
Kolkata Industrial Site 0003,Cement Plant,22.11302,88.18802
Chennai Industrial Site 0004,Refinery,12.92504,80.26767
Bengaluru Industrial Site 0005,Chemical Plant,12.87835,77.55741
Hyderabad Industrial Site 0006,Textile Industry,17.60499,78.5461
Ahmedabad Industrial Site 0007,Paper Mill,22.86482,72.62941
Pune Industrial Site 0008,Thermal Power Plant,18.42449,73.69853
Jaipur Industrial Site 0009,Manufacturing Unit,26.8273,75.66376
Lucknow Industrial Site 0010,Industrial Estate,26.72363,80.84816
Kanpur Industrial Site 0011,Power Plant,26.48796,80.3457
Patna Industrial Site 0012,Steel Plant,25.86149,84.70086
Bhopal Industrial Site 0013,Cement Plant,23.57181,77.20322
Indore Industrial Site 0014,Refinery,22.35438,75.71856
Nagpur Industrial Site 0015,Chemical Plant,21.00487,79.24417
Surat Industrial Site 0016,Textile Industry,21.03249,72.50242
Vadodara Industrial Site 0017,Paper Mill,22.33489,73.17428
Rajkot Industrial Site 0018,Thermal Power Plant,22.19208,70.84445
Ranchi Industrial Site 0019,Manufacturing Unit,23.11137,85.31297
Jamshedpur Industrial Site 0020,Industrial Estate,22.83951,86.19311
Bhubaneswar Industrial Site 0021,Power Plant,20.1622,85.84296
Visakhapatnam Industrial Site 0022,Steel Plant,17.74784,83.33989
Vijayawada Industrial Site 0023,Cement Plant,16.31456,80.57306
Coimbatore Industrial Site 0024,Refinery,11.13861,77.03764
Kochi Industrial Site 0025,Chemical Plant,10.0933,76.10909
Guwahati Industrial Site 0026,Textile Industry,26.40876,91.90288
Ludhiana Industrial Site 0027,Paper Mill,30.95699,75.6008
Amritsar Industrial Site 0028,Thermal Power Plant,31.61285,74.69174
Bikaner Industrial Site 0029,Manufacturing Unit,28.06934,73.34709
Jodhpur Industrial Site 0030,Industrial Estate,26.40067,72.81732
Raipur Industrial Site 0031,Power Plant,21.36449,81.68816
Durgapur Industrial Site 0032,Steel Plant,23.50171,87.50927
Asansol Industrial Site 0033,Cement Plant,23.88216,86.97633
Gaya Industrial Site 0034,Refinery,24.7701,85.03015
Begusarai Industrial Site 0035,Chemical Plant,25.67963,86.30559
Munger Industrial Site 0036,Textile Industry,25.48064,86.60325
Bokaro Industrial Site 0037,Paper Mill,23.58867,86.03271
Faridabad Industrial Site 0038,Thermal Power Plant,28.74654,77.23742
Gurugram Industrial Site 0039,Manufacturing Unit,28.37366,77.04712
Noida Industrial Site 0040,Industrial Estate,28.25251,77.4561
Kota Industrial Site 0041,Power Plant,25.28683,75.75602
Agra Industrial Site 0042,Steel Plant,27.36508,78.06709
Nashik Industrial Site 0043,Cement Plant,19.91867,73.83478
Aurangabad Industrial Site 0044,Refinery,19.90844,75.27841
Thane Industrial Site 0045,Chemical Plant,19.57919,72.91753
Jalandhar Industrial Site 0046,Textile Industry,31.22875,75.74668
Panipat Industrial Site 0047,Paper Mill,29.29542,77.16187
Vapi Industrial Site 0048,Thermal Power Plant,20.45599,73.05646
Delhi Industrial Site 0049,Manufacturing Unit,28.44876,77.03419
Mumbai Industrial Site 0050,Industrial Estate,19.24911,72.47864
Kolkata Industrial Site 0051,Power Plant,22.89701,88.35603
Chennai Industrial Site 0052,Steel Plant,12.96149,80.21749
Bengaluru Industrial Site 0053,Cement Plant,13.12249,77.87389
Hyderabad Industrial Site 0054,Refinery,17.42656,78.29285
Ahmedabad Industrial Site 0055,Chemical Plant,23.07579,73.04555
Pune Industrial Site 0056,Textile Industry,18.65306,73.87117
Jaipur Industrial Site 0057,Paper Mill,26.75139,75.62694
Lucknow Industrial Site 0058,Thermal Power Plant,27.24068,80.85658
Kanpur Industrial Site 0059,Manufacturing Unit,26.38052,80.38832
Patna Industrial Site 0060,Industrial Estate,25.71727,85.30228
Bhopal Industrial Site 0061,Power Plant,23.18842,77.60392
Indore Industrial Site 0062,Steel Plant,22.61512,75.82892
Nagpur Industrial Site 0063,Cement Plant,21.09422,78.76569
Surat Industrial Site 0064,Refinery,21.2531,73.00551
Vadodara Industrial Site 0065,Chemical Plant,22.40873,73.64592
Rajkot Industrial Site 0066,Textile Industry,21.98452,70.63924
Ranchi Industrial Site 0067,Paper Mill,23.34306,85.39381
Jamshedpur Industrial Site 0068,Thermal Power Plant,22.73693,86.3813
Bhubaneswar Industrial Site 0069,Manufacturing Unit,20.32311,85.6276
Visakhapatnam Industrial Site 0070,Industrial Estate,17.79492,83.13205
Vijayawada Industrial Site 0071,Power Plant,16.39218,80.58973
Coimbatore Industrial Site 0072,Steel Plant,10.85437,77.11425
Kochi Industrial Site 0073,Cement Plant,10.15243,76.0712
Guwahati Industrial Site 0074,Refinery,26.17628,91.95528
Ludhiana Industrial Site 0075,Chemical Plant,31.0202,76.00132
Amritsar Industrial Site 0076,Textile Industry,31.24774,74.93003
Bikaner Industrial Site 0077,Paper Mill,27.90684,73.13918
Jodhpur Industrial Site 0078,Thermal Power Plant,26.15003,72.9443
Raipur Industrial Site 0079,Manufacturing Unit,21.13216,81.56427
Durgapur Industrial Site 0080,Industrial Estate,23.5375,87.47265
Asansol Industrial Site 0081,Power Plant,23.84028,87.10892
Gaya Industrial Site 0082,Steel Plant,24.80677,84.70658
Begusarai Industrial Site 0083,Cement Plant,25.54148,86.09829
Munger Industrial Site 0084,Refinery,25.29637,86.27816
Bokaro Industrial Site 0085,Chemical Plant,23.63402,86.06147
Faridabad Industrial Site 0086,Textile Industry,28.21801,77.20436
Gurugram Industrial Site 0087,Paper Mill,28.5082,77.03174
Noida Industrial Site 0088,Thermal Power Plant,28.47892,77.36134
Kota Industrial Site 0089,Manufacturing Unit,25.26391,75.81499
Agra Industrial Site 0090,Industrial Estate,27.49143,77.88421
Nashik Industrial Site 0091,Power Plant,19.88663,73.86931
Aurangabad Industrial Site 0092,Steel Plant,19.80439,75.42489
Thane Industrial Site 0093,Cement Plant,18.9147,72.71068
Jalandhar Industrial Site 0094,Refinery,31.52914,75.73765
Panipat Industrial Site 0095,Chemical Plant,29.45529,76.93394
Vapi Industrial Site 0096,Textile Industry,20.61392,73.03159
Delhi Industrial Site 0097,Paper Mill,28.8708,77.67093
Mumbai Industrial Site 0098,Thermal Power Plant,18.80455,72.69144
Kolkata Industrial Site 0099,Manufacturing Unit,22.64743,88.3817
Chennai Industrial Site 0100,Industrial Estate,12.88404,80.27941
Bengaluru Industrial Site 0101,Power Plant,12.93745,77.78541
Hyderabad Industrial Site 0102,Steel Plant,17.31224,78.6069
Ahmedabad Industrial Site 0103,Cement Plant,22.84258,72.72656
Pune Industrial Site 0104,Refinery,18.71563,73.90259
Jaipur Industrial Site 0105,Chemical Plant,26.71894,75.75447
Lucknow Industrial Site 0106,Textile Industry,26.90405,80.89546
Kanpur Industrial Site 0107,Paper Mill,26.50692,80.37709
Patna Industrial Site 0108,Thermal Power Plant,25.60338,84.90271
Bhopal Industrial Site 0109,Manufacturing Unit,23.34387,77.39988
Indore Industrial Site 0110,Industrial Estate,22.69688,75.78866
Nagpur Industrial Site 0111,Power Plant,20.91703,79.17025
Surat Industrial Site 0112,Steel Plant,21.09863,72.78297
Vadodara Industrial Site 0113,Cement Plant,22.28623,73.18411
Rajkot Industrial Site 0114,Refinery,22.41417,70.76629
Ranchi Industrial Site 0115,Chemical Plant,23.27368,85.42075
Jamshedpur Industrial Site 0116,Textile Industry,23.00721,86.28379
Bhubaneswar Industrial Site 0117,Paper Mill,20.42281,85.7288
Visakhapatnam Industrial Site 0118,Thermal Power Plant,17.57519,83.29435
Vijayawada Industrial Site 0119,Manufacturing Unit,16.38507,80.61858
Coimbatore Industrial Site 0120,Industrial Estate,10.71924,77.00051
Kochi Industrial Site 0121,Power Plant,10.06947,76.44374
Guwahati Industrial Site 0122,Steel Plant,26.06974,91.71423
Ludhiana Industrial Site 0123,Cement Plant,30.74939,75.8266
Amritsar Industrial Site 0124,Refinery,31.54125,74.87275
Bikaner Industrial Site 0125,Chemical Plant,27.77114,73.39044
Jodhpur Industrial Site 0126,Textile Industry,26.4499,72.71717
Raipur Industrial Site 0127,Paper Mill,21.11168,81.89181
Durgapur Industrial Site 0128,Thermal Power Plant,23.48961,87.09572
Asansol Industrial Site 0129,Manufacturing Unit,23.68522,86.95733
Gaya Industrial Site 0130,Industrial Estate,24.63357,84.9567
Begusarai Industrial Site 0131,Power Plant,25.72459,86.23015
Munger Industrial Site 0132,Steel Plant,25.15276,86.56209
Bokaro Industrial Site 0133,Cement Plant,23.42807,86.13604
Faridabad Industrial Site 0134,Refinery,28.26151,77.40978
Gurugram Industrial Site 0135,Chemical Plant,28.45016,76.76052
Noida Industrial Site 0136,Textile Industry,28.48343,77.54359
Kota Industrial Site 0137,Paper Mill,25.26288,75.79756
Agra Industrial Site 0138,Thermal Power Plant,27.33242,77.76241
Nashik Industrial Site 0139,Manufacturing Unit,19.96283,73.63156
Aurangabad Industrial Site 0140,Industrial Estate,19.8497,74.91694
Thane Industrial Site 0141,Power Plant,18.99666,73.00502
Jalandhar Industrial Site 0142,Steel Plant,31.66654,75.84887
Panipat Industrial Site 0143,Cement Plant,29.13863,77.01371
Vapi Industrial Site 0144,Refinery,20.05196,72.74447
Delhi Industrial Site 0145,Chemical Plant,28.69797,77.00665
Mumbai Industrial Site 0146,Textile Industry,19.3212,72.77317
Kolkata Industrial Site 0147,Paper Mill,22.60679,88.1246
Chennai Industrial Site 0148,Thermal Power Plant,12.97434,80.36134
Bengaluru Industrial Site 0149,Manufacturing Unit,12.95555,77.66697
Hyderabad Industrial Site 0150,Industrial Estate,17.37859,78.70901
Ahmedabad Industrial Site 0151,Power Plant,23.09663,72.56231
Pune Industrial Site 0152,Steel Plant,18.50648,73.79768
Jaipur Industrial Site 0153,Cement Plant,26.74428,75.59652
Lucknow Industrial Site 0154,Refinery,26.95847,80.83274
Kanpur Industrial Site 0155,Chemical Plant,26.36384,80.19799
Patna Industrial Site 0156,Textile Industry,25.60914,85.44651
Bhopal Industrial Site 0157,Paper Mill,23.26638,77.32013
Indore Industrial Site 0158,Thermal Power Plant,22.39271,75.76245
Nagpur Industrial Site 0159,Manufacturing Unit,21.13515,78.97703
Surat Industrial Site 0160,Industrial Estate,21.00707,72.7666
Vadodara Industrial Site 0161,Power Plant,22.36563,73.1469
Rajkot Industrial Site 0162,Steel Plant,22.2425,70.82445
Ranchi Industrial Site 0163,Cement Plant,23.43389,85.27922
Jamshedpur Industrial Site 0164,Refinery,22.87435,86.42395
Bhubaneswar Industrial Site 0165,Chemical Plant,20.28836,85.73241
Visakhapatnam Industrial Site 0166,Textile Industry,17.71778,83.4621
Vijayawada Industrial Site 0167,Paper Mill,16.4924,80.7234
Coimbatore Industrial Site 0168,Thermal Power Plant,10.8733,77.07814
Kochi Industrial Site 0169,Manufacturing Unit,10.0955,76.18333
Guwahati Industrial Site 0170,Industrial Estate,26.09522,91.78939
Ludhiana Industrial Site 0171,Power Plant,31.01285,75.77298
Amritsar Industrial Site 0172,Steel Plant,31.8334,74.78529
Bikaner Industrial Site 0173,Cement Plant,27.84796,73.23198
Jodhpur Industrial Site 0174,Refinery,26.00884,73.29245
Raipur Industrial Site 0175,Chemical Plant,21.29403,81.64327
Durgapur Industrial Site 0176,Textile Industry,23.63923,87.14514
Asansol Industrial Site 0177,Paper Mill,23.45284,86.91382
Gaya Industrial Site 0178,Thermal Power Plant,24.73392,85.0094
Begusarai Industrial Site 0179,Manufacturing Unit,25.30494,86.14145
Munger Industrial Site 0180,Industrial Estate,25.38393,86.21279
Bokaro Industrial Site 0181,Power Plant,23.79615,86.20975
Faridabad Industrial Site 0182,Steel Plant,28.52649,77.38361
Gurugram Industrial Site 0183,Cement Plant,28.69395,77.24324
Noida Industrial Site 0184,Refinery,28.58966,77.2599
Kota Industrial Site 0185,Chemical Plant,25.05319,76.06399
Agra Industrial Site 0186,Textile Industry,27.44472,77.96904
Nashik Industrial Site 0187,Paper Mill,20.22297,73.61706
Aurangabad Industrial Site 0188,Thermal Power Plant,19.98949,75.04723
Thane Industrial Site 0189,Manufacturing Unit,19.56077,73.05941
Jalandhar Industrial Site 0190,Industrial Estate,31.44082,75.71056
Panipat Industrial Site 0191,Power Plant,29.29756,76.8738
Vapi Industrial Site 0192,Steel Plant,20.32377,72.88091
Delhi Industrial Site 0193,Cement Plant,28.68578,77.27668
Mumbai Industrial Site 0194,Refinery,19.10932,72.9067
Kolkata Industrial Site 0195,Chemical Plant,22.59232,88.44088
Chennai Industrial Site 0196,Textile Industry,13.01902,80.37459
Bengaluru Industrial Site 0197,Paper Mill,12.88919,77.27655
Hyderabad Industrial Site 0198,Thermal Power Plant,17.58853,78.4759
Ahmedabad Industrial Site 0199,Manufacturing Unit,22.97902,72.34584
Pune Industrial Site 0200,Industrial Estate,18.51229,73.95821
Jaipur Industrial Site 0201,Power Plant,26.93996,75.83119
Lucknow Industrial Site 0202,Steel Plant,26.66779,80.96157
Kanpur Industrial Site 0203,Cement Plant,26.57023,80.23422
Patna Industrial Site 0204,Refinery,25.65276,85.38755
Bhopal Industrial Site 0205,Chemical Plant,23.05724,77.24131
Indore Industrial Site 0206,Textile Industry,22.90979,75.65529
Nagpur Industrial Site 0207,Paper Mill,21.23364,79.133
Surat Industrial Site 0208,Thermal Power Plant,21.25617,72.68772
Vadodara Industrial Site 0209,Manufacturing Unit,22.11195,72.88399
Rajkot Industrial Site 0210,Industrial Estate,22.30713,70.74276
Ranchi Industrial Site 0211,Power Plant,23.28496,85.33692
Jamshedpur Industrial Site 0212,Steel Plant,22.80901,86.53029
Bhubaneswar Industrial Site 0213,Cement Plant,20.51385,85.57833
Visakhapatnam Industrial Site 0214,Refinery,17.71497,83.19673
Vijayawada Industrial Site 0215,Chemical Plant,16.25426,80.31199
Coimbatore Industrial Site 0216,Textile Industry,11.04906,76.8157
Kochi Industrial Site 0217,Paper Mill,10.01432,76.17434
Guwahati Industrial Site 0218,Thermal Power Plant,26.17757,91.76217
Ludhiana Industrial Site 0219,Manufacturing Unit,30.82281,75.87511
Amritsar Industrial Site 0220,Industrial Estate,31.79142,74.98215
Bikaner Industrial Site 0221,Power Plant,28.12025,73.11068
Jodhpur Industrial Site 0222,Steel Plant,26.09623,73.0015
Raipur Industrial Site 0223,Cement Plant,21.12305,81.13315
Durgapur Industrial Site 0224,Refinery,23.47069,87.1433
Asansol Industrial Site 0225,Chemical Plant,23.69248,86.88502
Gaya Industrial Site 0226,Textile Industry,24.92801,84.88106
Begusarai Industrial Site 0227,Paper Mill,25.16816,85.97139
Munger Industrial Site 0228,Thermal Power Plant,25.30082,86.59402
Bokaro Industrial Site 0229,Manufacturing Unit,23.54656,85.99994
Faridabad Industrial Site 0230,Industrial Estate,28.46786,77.09326
Gurugram Industrial Site 0231,Power Plant,28.28133,76.8553
Noida Industrial Site 0232,Steel Plant,28.82841,77.55214
Kota Industrial Site 0233,Cement Plant,25.19589,75.92357
Agra Industrial Site 0234,Refinery,27.24841,78.1925
Nashik Industrial Site 0235,Chemical Plant,20.00578,73.65247
Aurangabad Industrial Site 0236,Textile Industry,19.75612,75.69362
Thane Industrial Site 0237,Paper Mill,19.49181,73.27079
Jalandhar Industrial Site 0238,Thermal Power Plant,31.1476,75.50965
Panipat Industrial Site 0239,Manufacturing Unit,29.70706,77.19909
Vapi Industrial Site 0240,Industrial Estate,20.80694,72.67842
Delhi Industrial Site 0241,Power Plant,28.20007,77.10446
Mumbai Industrial Site 0242,Steel Plant,19.09454,72.91793
Kolkata Industrial Site 0243,Cement Plant,22.56049,88.19346
Chennai Industrial Site 0244,Refinery,12.73364,79.88237
Bengaluru Industrial Site 0245,Chemical Plant,12.93566,77.71537
Hyderabad Industrial Site 0246,Textile Industry,17.22902,78.50601
Ahmedabad Industrial Site 0247,Paper Mill,23.1646,72.11044
Pune Industrial Site 0248,Thermal Power Plant,18.42415,73.96665
Jaipur Industrial Site 0249,Manufacturing Unit,27.12195,75.78069
Lucknow Industrial Site 0250,Industrial Estate,26.92423,81.16091
Kanpur Industrial Site 0251,Power Plant,26.14668,80.65161
Patna Industrial Site 0252,Steel Plant,25.6662,85.25774
Bhopal Industrial Site 0253,Cement Plant,23.12171,77.31859
Indore Industrial Site 0254,Refinery,23.01051,76.02529
Nagpur Industrial Site 0255,Chemical Plant,20.97013,79.31022
Surat Industrial Site 0256,Textile Industry,21.45728,72.71207
Vadodara Industrial Site 0257,Paper Mill,22.37949,73.33331
Rajkot Industrial Site 0258,Thermal Power Plant,22.29624,70.81693
Ranchi Industrial Site 0259,Manufacturing Unit,23.60588,85.40167
Jamshedpur Industrial Site 0260,Industrial Estate,22.61744,86.10826
Bhubaneswar Industrial Site 0261,Power Plant,20.23281,85.97165
Visakhapatnam Industrial Site 0262,Steel Plant,17.72005,83.34495
Vijayawada Industrial Site 0263,Cement Plant,16.51978,80.41136
Coimbatore Industrial Site 0264,Refinery,11.36669,76.50711
Kochi Industrial Site 0265,Chemical Plant,9.64975,76.6743
Guwahati Industrial Site 0266,Textile Industry,26.31404,91.75994
Ludhiana Industrial Site 0267,Paper Mill,30.79949,75.97353
Amritsar Industrial Site 0268,Thermal Power Plant,31.5369,74.76135
Bikaner Industrial Site 0269,Manufacturing Unit,27.81852,73.37693
Jodhpur Industrial Site 0270,Industrial Estate,26.02539,73.21163
Raipur Industrial Site 0271,Power Plant,21.28004,81.80919
Durgapur Industrial Site 0272,Steel Plant,23.72268,87.33453
Asansol Industrial Site 0273,Cement Plant,23.77219,87.13316
Gaya Industrial Site 0274,Refinery,24.37731,84.96937
Begusarai Industrial Site 0275,Chemical Plant,25.63808,86.05371
Munger Industrial Site 0276,Textile Industry,25.64138,86.36005
Bokaro Industrial Site 0277,Paper Mill,23.53424,86.40885
Faridabad Industrial Site 0278,Thermal Power Plant,28.36276,77.28164
Gurugram Industrial Site 0279,Manufacturing Unit,28.49754,76.88204
Noida Industrial Site 0280,Industrial Estate,28.63789,77.3733
Kota Industrial Site 0281,Power Plant,25.16077,75.93524
Agra Industrial Site 0282,Steel Plant,27.18802,78.08412
Nashik Industrial Site 0283,Cement Plant,20.1665,73.69418
Aurangabad Industrial Site 0284,Refinery,19.71136,75.43695
Thane Industrial Site 0285,Chemical Plant,19.29182,72.91394
Jalandhar Industrial Site 0286,Textile Industry,31.24372,75.70464
Panipat Industrial Site 0287,Paper Mill,29.63595,76.90433
Vapi Industrial Site 0288,Thermal Power Plant,20.42552,72.95243
Delhi Industrial Site 0289,Manufacturing Unit,28.35214,76.94985
Mumbai Industrial Site 0290,Industrial Estate,19.17535,73.11964
Kolkata Industrial Site 0291,Power Plant,22.50046,88.47319
Chennai Industrial Site 0292,Steel Plant,12.84731,80.47701
Bengaluru Industrial Site 0293,Cement Plant,13.26304,77.44249
Hyderabad Industrial Site 0294,Refinery,17.50133,78.5582
Ahmedabad Industrial Site 0295,Chemical Plant,23.20047,72.41831
Pune Industrial Site 0296,Textile Industry,18.49619,73.79409
Jaipur Industrial Site 0297,Paper Mill,27.04322,75.60717
Lucknow Industrial Site 0298,Thermal Power Plant,26.86775,80.75131
Kanpur Industrial Site 0299,Manufacturing Unit,26.36249,80.59397
Patna Industrial Site 0300,Industrial Estate,25.56863,85.16426
Bhopal Industrial Site 0301,Power Plant,23.04028,77.57381
Indore Industrial Site 0302,Steel Plant,22.5428,75.77108
Nagpur Industrial Site 0303,Cement Plant,20.84281,79.06835
Surat Industrial Site 0304,Refinery,21.16578,72.58922
Vadodara Industrial Site 0305,Chemical Plant,22.23218,73.511
Rajkot Industrial Site 0306,Textile Industry,22.27875,70.66619
Ranchi Industrial Site 0307,Paper Mill,23.43347,85.4045
Jamshedpur Industrial Site 0308,Thermal Power Plant,22.80897,86.19919
Bhubaneswar Industrial Site 0309,Manufacturing Unit,20.45088,85.91342
Visakhapatnam Industrial Site 0310,Industrial Estate,17.51122,83.19646
Vijayawada Industrial Site 0311,Power Plant,16.51797,80.84688
Coimbatore Industrial Site 0312,Steel Plant,11.04436,76.81395
Kochi Industrial Site 0313,Cement Plant,10.05587,76.30732
Guwahati Industrial Site 0314,Refinery,26.06849,91.76239
Ludhiana Industrial Site 0315,Chemical Plant,30.80292,75.51853
Amritsar Industrial Site 0316,Textile Industry,31.47708,74.86931
Bikaner Industrial Site 0317,Paper Mill,27.98055,73.22983
Jodhpur Industrial Site 0318,Thermal Power Plant,26.26059,73.38789
Raipur Industrial Site 0319,Manufacturing Unit,21.07921,81.49309
Durgapur Industrial Site 0320,Industrial Estate,23.75447,87.24422
Asansol Industrial Site 0321,Power Plant,23.6019,87.03637
Gaya Industrial Site 0322,Steel Plant,24.57637,84.96589
Begusarai Industrial Site 0323,Cement Plant,25.22736,86.20865
Munger Industrial Site 0324,Refinery,25.44578,86.20154
Bokaro Industrial Site 0325,Chemical Plant,23.37889,86.01111
Faridabad Industrial Site 0326,Textile Industry,28.26359,77.1694
Gurugram Industrial Site 0327,Paper Mill,28.41229,77.02769
Noida Industrial Site 0328,Thermal Power Plant,28.48347,77.40626
Kota Industrial Site 0329,Manufacturing Unit,25.01911,75.64854
Agra Industrial Site 0330,Industrial Estate,27.04624,78.06843
Nashik Industrial Site 0331,Power Plant,20.11568,73.9006
Aurangabad Industrial Site 0332,Steel Plant,19.55589,75.5703
Thane Industrial Site 0333,Cement Plant,19.41397,73.05626
Jalandhar Industrial Site 0334,Refinery,31.29384,75.85355
Panipat Industrial Site 0335,Chemical Plant,29.36729,77.0194
Vapi Industrial Site 0336,Textile Industry,20.16732,72.97401
Delhi Industrial Site 0337,Paper Mill,28.50031,77.30715
Mumbai Industrial Site 0338,Thermal Power Plant,19.02774,72.8088
Kolkata Industrial Site 0339,Manufacturing Unit,22.69315,88.47105
Chennai Industrial Site 0340,Industrial Estate,13.00323,80.12982
Bengaluru Industrial Site 0341,Power Plant,12.86958,77.73549
Hyderabad Industrial Site 0342,Steel Plant,17.41633,78.62886
Ahmedabad Industrial Site 0343,Cement Plant,22.95537,72.6884
Pune Industrial Site 0344,Refinery,18.4038,74.08657
Jaipur Industrial Site 0345,Chemical Plant,26.99126,75.51677
Lucknow Industrial Site 0346,Textile Industry,26.99962,80.94416
Kanpur Industrial Site 0347,Paper Mill,26.2993,80.64255
Patna Industrial Site 0348,Thermal Power Plant,25.53692,85.26804
Bhopal Industrial Site 0349,Manufacturing Unit,23.43478,77.37508
Indore Industrial Site 0350,Industrial Estate,22.77506,75.76483
Nagpur Industrial Site 0351,Power Plant,21.1561,78.99986
Surat Industrial Site 0352,Steel Plant,20.88161,72.9654
Vadodara Industrial Site 0353,Cement Plant,22.35525,73.21063
Rajkot Industrial Site 0354,Refinery,22.34492,70.98814
Ranchi Industrial Site 0355,Chemical Plant,23.19629,85.30468
Jamshedpur Industrial Site 0356,Textile Industry,22.80225,86.40656
Bhubaneswar Industrial Site 0357,Paper Mill,20.45359,85.60015
Visakhapatnam Industrial Site 0358,Thermal Power Plant,17.67937,83.4417
Vijayawada Industrial Site 0359,Manufacturing Unit,16.66234,80.71256
Coimbatore Industrial Site 0360,Industrial Estate,10.88584,76.93924
Kochi Industrial Site 0361,Power Plant,9.68696,76.3948
Guwahati Industrial Site 0362,Steel Plant,26.02363,91.74947
Ludhiana Industrial Site 0363,Cement Plant,30.88644,75.92005
Amritsar Industrial Site 0364,Refinery,31.79718,74.95426
Bikaner Industrial Site 0365,Chemical Plant,27.86296,73.43531
Jodhpur Industrial Site 0366,Textile Industry,26.15476,72.97342
Raipur Industrial Site 0367,Paper Mill,21.38501,81.40282
Durgapur Industrial Site 0368,Thermal Power Plant,23.60924,87.32651
Asansol Industrial Site 0369,Manufacturing Unit,23.59537,86.73919
Gaya Industrial Site 0370,Industrial Estate,24.56809,84.8127
Begusarai Industrial Site 0371,Power Plant,25.72408,86.09782
Munger Industrial Site 0372,Steel Plant,25.32823,86.47897
Bokaro Industrial Site 0373,Cement Plant,23.62495,86.33582
Faridabad Industrial Site 0374,Refinery,28.54149,77.27082
Gurugram Industrial Site 0375,Chemical Plant,28.65379,77.09726
Noida Industrial Site 0376,Textile Industry,28.54953,77.23205
Kota Industrial Site 0377,Paper Mill,25.19791,75.67012
Agra Industrial Site 0378,Thermal Power Plant,27.22632,78.09795
Nashik Industrial Site 0379,Manufacturing Unit,20.28729,73.73725
Aurangabad Industrial Site 0380,Industrial Estate,19.88823,75.7148
Thane Industrial Site 0381,Power Plant,19.16313,72.96088
Jalandhar Industrial Site 0382,Steel Plant,31.31707,75.40216
Panipat Industrial Site 0383,Cement Plant,29.57964,76.79134
Vapi Industrial Site 0384,Refinery,20.45303,72.83107
Delhi Industrial Site 0385,Chemical Plant,28.46449,77.14524
Mumbai Industrial Site 0386,Textile Industry,19.18347,72.97801
Kolkata Industrial Site 0387,Paper Mill,22.67434,88.27811
Chennai Industrial Site 0388,Thermal Power Plant,12.99258,80.36148
Bengaluru Industrial Site 0389,Manufacturing Unit,13.16347,77.64853
Hyderabad Industrial Site 0390,Industrial Estate,17.46562,78.53819
Ahmedabad Industrial Site 0391,Power Plant,23.12789,72.27955
Pune Industrial Site 0392,Steel Plant,18.77098,73.5463
Jaipur Industrial Site 0393,Cement Plant,27.09682,75.78692
Lucknow Industrial Site 0394,Refinery,26.63615,81.13753
Kanpur Industrial Site 0395,Chemical Plant,26.24614,80.31881
Patna Industrial Site 0396,Textile Industry,25.84971,85.27635
Bhopal Industrial Site 0397,Paper Mill,23.32045,77.58832
Indore Industrial Site 0398,Thermal Power Plant,22.69463,75.94919
Nagpur Industrial Site 0399,Manufacturing Unit,21.28653,78.83698
Surat Industrial Site 0400,Industrial Estate,21.24947,72.72047
Vadodara Industrial Site 0401,Power Plant,22.37515,73.18671
Rajkot Industrial Site 0402,Steel Plant,22.38122,70.88678
Ranchi Industrial Site 0403,Cement Plant,23.24302,85.30241
Jamshedpur Industrial Site 0404,Refinery,22.9211,86.19548
Bhubaneswar Industrial Site 0405,Chemical Plant,20.23544,85.76024
Visakhapatnam Industrial Site 0406,Textile Industry,17.59301,83.25604
Vijayawada Industrial Site 0407,Paper Mill,16.44022,80.39793
Coimbatore Industrial Site 0408,Thermal Power Plant,11.12082,76.72263
Kochi Industrial Site 0409,Manufacturing Unit,9.98854,76.44022
Guwahati Industrial Site 0410,Industrial Estate,25.85554,91.72983
Ludhiana Industrial Site 0411,Power Plant,30.88847,75.63992
Amritsar Industrial Site 0412,Steel Plant,31.45533,75.03496
Bikaner Industrial Site 0413,Cement Plant,28.00377,73.23257
Jodhpur Industrial Site 0414,Refinery,26.4372,72.64958
Raipur Industrial Site 0415,Chemical Plant,21.2507,81.37479
Durgapur Industrial Site 0416,Textile Industry,23.55549,87.16468
Asansol Industrial Site 0417,Paper Mill,23.67007,86.6571
Gaya Industrial Site 0418,Thermal Power Plant,24.96102,85.11021
Begusarai Industrial Site 0419,Manufacturing Unit,25.60276,85.83699
Munger Industrial Site 0420,Industrial Estate,25.21286,86.54393
Bokaro Industrial Site 0421,Power Plant,23.62455,86.34807
Faridabad Industrial Site 0422,Steel Plant,28.45708,77.23645
Gurugram Industrial Site 0423,Cement Plant,28.42136,77.25205
Noida Industrial Site 0424,Refinery,28.3165,77.40083
Kota Industrial Site 0425,Chemical Plant,24.90042,75.89497
Agra Industrial Site 0426,Textile Industry,26.99699,77.8692
Nashik Industrial Site 0427,Paper Mill,19.86482,73.86468
Aurangabad Industrial Site 0428,Thermal Power Plant,19.67945,75.37978
Thane Industrial Site 0429,Manufacturing Unit,19.23506,72.81085
Jalandhar Industrial Site 0430,Industrial Estate,31.58773,75.68277
Panipat Industrial Site 0431,Power Plant,29.14416,76.91582
Vapi Industrial Site 0432,Steel Plant,20.63159,72.79505
Delhi Industrial Site 0433,Cement Plant,28.50292,77.14145
Mumbai Industrial Site 0434,Refinery,18.93219,73.13527
Kolkata Industrial Site 0435,Chemical Plant,22.59948,88.40944
Chennai Industrial Site 0436,Textile Industry,13.32595,80.69784
Bengaluru Industrial Site 0437,Paper Mill,12.90237,77.57942
Hyderabad Industrial Site 0438,Thermal Power Plant,17.37318,78.78937
Ahmedabad Industrial Site 0439,Manufacturing Unit,23.13122,72.35177
Pune Industrial Site 0440,Industrial Estate,18.73459,73.67499
Jaipur Industrial Site 0441,Power Plant,26.95525,75.70647
Lucknow Industrial Site 0442,Steel Plant,26.91404,80.77044
Kanpur Industrial Site 0443,Cement Plant,26.30955,80.2309
Patna Industrial Site 0444,Refinery,25.93024,85.16774
Bhopal Industrial Site 0445,Chemical Plant,23.35343,77.61029
Indore Industrial Site 0446,Textile Industry,22.8702,75.86861
Nagpur Industrial Site 0447,Paper Mill,21.1146,79.1338
Surat Industrial Site 0448,Thermal Power Plant,20.97456,72.83314
Vadodara Industrial Site 0449,Manufacturing Unit,22.36397,73.4418
Rajkot Industrial Site 0450,Industrial Estate,22.25504,70.71692
Ranchi Industrial Site 0451,Power Plant,23.61767,85.15615
Jamshedpur Industrial Site 0452,Steel Plant,22.89533,86.11926
Bhubaneswar Industrial Site 0453,Cement Plant,20.08464,85.66173
Visakhapatnam Industrial Site 0454,Refinery,17.83038,83.34204
Vijayawada Industrial Site 0455,Chemical Plant,16.57108,80.46392
Coimbatore Industrial Site 0456,Textile Industry,11.07743,76.93949
Kochi Industrial Site 0457,Paper Mill,9.78816,76.38791
Guwahati Industrial Site 0458,Thermal Power Plant,26.0609,91.63798
Ludhiana Industrial Site 0459,Manufacturing Unit,31.14396,76.01747
Amritsar Industrial Site 0460,Industrial Estate,31.61112,74.87997
Bikaner Industrial Site 0461,Power Plant,28.29026,73.39325
Jodhpur Industrial Site 0462,Steel Plant,26.4379,72.81456
Raipur Industrial Site 0463,Cement Plant,21.26663,81.53191
Durgapur Industrial Site 0464,Refinery,23.47646,87.3657
Asansol Industrial Site 0465,Chemical Plant,23.46888,86.97991
Gaya Industrial Site 0466,Textile Industry,24.76565,84.77344
Begusarai Industrial Site 0467,Paper Mill,25.56891,86.29811
Munger Industrial Site 0468,Thermal Power Plant,25.49913,86.35565
Bokaro Industrial Site 0469,Manufacturing Unit,23.39085,86.19528
Faridabad Industrial Site 0470,Industrial Estate,28.43997,77.64707
Gurugram Industrial Site 0471,Power Plant,28.73192,77.0201
Noida Industrial Site 0472,Steel Plant,28.42456,77.66182
Kota Industrial Site 0473,Cement Plant,25.2363,75.95306
Agra Industrial Site 0474,Refinery,27.23569,77.87629
Nashik Industrial Site 0475,Chemical Plant,20.21144,73.62237
Aurangabad Industrial Site 0476,Textile Industry,19.93669,75.36712
Thane Industrial Site 0477,Paper Mill,19.24201,72.85605
Jalandhar Industrial Site 0478,Thermal Power Plant,31.28506,75.75558
Panipat Industrial Site 0479,Manufacturing Unit,29.32148,76.95021
Vapi Industrial Site 0480,Industrial Estate,20.30069,72.80404
Delhi Industrial Site 0481,Power Plant,28.81325,77.34689
Mumbai Industrial Site 0482,Steel Plant,18.85717,72.9128
Kolkata Industrial Site 0483,Cement Plant,22.46984,88.41027
Chennai Industrial Site 0484,Refinery,13.32386,79.96807
Bengaluru Industrial Site 0485,Chemical Plant,12.86781,77.72908
Hyderabad Industrial Site 0486,Textile Industry,17.62857,78.1333
Ahmedabad Industrial Site 0487,Paper Mill,22.72379,72.53513
Pune Industrial Site 0488,Thermal Power Plant,18.3081,73.56161
Jaipur Industrial Site 0489,Manufacturing Unit,26.57107,75.85722
Lucknow Industrial Site 0490,Industrial Estate,26.61248,81.02506
Kanpur Industrial Site 0491,Power Plant,26.62798,80.34797
Patna Industrial Site 0492,Steel Plant,25.67752,84.83186
Bhopal Industrial Site 0493,Cement Plant,23.31766,77.39913
Indore Industrial Site 0494,Refinery,22.45138,75.94064
Nagpur Industrial Site 0495,Chemical Plant,21.09914,78.97769
Surat Industrial Site 0496,Textile Industry,21.25172,72.92548
Vadodara Industrial Site 0497,Paper Mill,22.31131,72.93578
Rajkot Industrial Site 0498,Thermal Power Plant,22.47435,70.82063
Ranchi Industrial Site 0499,Manufacturing Unit,23.47649,85.39667
Jamshedpur Industrial Site 0500,Industrial Estate,22.82013,86.16827
Bhubaneswar Industrial Site 0501,Power Plant,20.34581,85.67901
Visakhapatnam Industrial Site 0502,Steel Plant,17.81754,83.13468
Vijayawada Industrial Site 0503,Cement Plant,16.33284,80.85512
Coimbatore Industrial Site 0504,Refinery,10.96523,76.8578
Kochi Industrial Site 0505,Chemical Plant,9.93802,76.07545
Guwahati Industrial Site 0506,Textile Industry,26.42472,91.78728
Ludhiana Industrial Site 0507,Paper Mill,30.672,75.83221
Amritsar Industrial Site 0508,Thermal Power Plant,31.40881,74.50021
Bikaner Industrial Site 0509,Manufacturing Unit,27.9812,73.11082
Jodhpur Industrial Site 0510,Industrial Estate,26.26011,72.93261
Raipur Industrial Site 0511,Power Plant,21.11182,81.69746
Durgapur Industrial Site 0512,Steel Plant,23.62725,87.3762
Asansol Industrial Site 0513,Cement Plant,23.76285,86.95722
Gaya Industrial Site 0514,Refinery,24.75347,85.14829
Begusarai Industrial Site 0515,Chemical Plant,25.35392,86.07712
Munger Industrial Site 0516,Textile Industry,25.34066,86.59629
Bokaro Industrial Site 0517,Paper Mill,23.64292,86.14896
Faridabad Industrial Site 0518,Thermal Power Plant,28.25738,77.55559
Gurugram Industrial Site 0519,Manufacturing Unit,28.55797,77.05303
Noida Industrial Site 0520,Industrial Estate,28.3802,77.34677
Kota Industrial Site 0521,Power Plant,25.3618,76.15371
Agra Industrial Site 0522,Steel Plant,27.40372,77.97692
Nashik Industrial Site 0523,Cement Plant,20.16159,73.83077
Aurangabad Industrial Site 0524,Refinery,19.99357,75.39549
Thane Industrial Site 0525,Chemical Plant,19.31552,73.22477
Jalandhar Industrial Site 0526,Textile Industry,31.25852,75.48647
Panipat Industrial Site 0527,Paper Mill,29.57156,77.06123
Vapi Industrial Site 0528,Thermal Power Plant,20.32335,73.00138
Delhi Industrial Site 0529,Manufacturing Unit,28.59106,77.14858
Mumbai Industrial Site 0530,Industrial Estate,19.17615,73.05775
Kolkata Industrial Site 0531,Power Plant,22.46034,88.04905
Chennai Industrial Site 0532,Steel Plant,13.1265,80.36788
Bengaluru Industrial Site 0533,Cement Plant,12.96322,77.60646
Hyderabad Industrial Site 0534,Refinery,17.35278,78.3579
Ahmedabad Industrial Site 0535,Chemical Plant,23.14117,72.6984
Pune Industrial Site 0536,Textile Industry,18.58885,73.82593
Jaipur Industrial Site 0537,Paper Mill,26.7609,75.48303
Lucknow Industrial Site 0538,Thermal Power Plant,26.96011,81.12328
Kanpur Industrial Site 0539,Manufacturing Unit,26.59303,80.30733
Patna Industrial Site 0540,Industrial Estate,25.92062,84.81709
Bhopal Industrial Site 0541,Power Plant,23.1593,77.44858
Indore Industrial Site 0542,Steel Plant,22.82656,75.95957
Nagpur Industrial Site 0543,Cement Plant,21.12157,79.20117
Surat Industrial Site 0544,Refinery,21.22877,72.52432
Vadodara Industrial Site 0545,Chemical Plant,22.09495,73.35304
Rajkot Industrial Site 0546,Textile Industry,22.41265,70.67904
Ranchi Industrial Site 0547,Paper Mill,23.34164,85.24824
Jamshedpur Industrial Site 0548,Thermal Power Plant,22.55846,86.42562
Bhubaneswar Industrial Site 0549,Manufacturing Unit,20.3426,85.51895
Visakhapatnam Industrial Site 0550,Industrial Estate,17.76615,83.24287
Vijayawada Industrial Site 0551,Power Plant,16.33409,80.63187
Coimbatore Industrial Site 0552,Steel Plant,11.09892,76.93362
Kochi Industrial Site 0553,Cement Plant,9.75474,75.99769
Guwahati Industrial Site 0554,Refinery,26.07065,91.3988
Ludhiana Industrial Site 0555,Chemical Plant,31.22435,76.03704
Amritsar Industrial Site 0556,Textile Industry,31.60645,74.72834
Bikaner Industrial Site 0557,Paper Mill,28.07243,72.9779
Jodhpur Industrial Site 0558,Thermal Power Plant,26.05035,72.85603
Raipur Industrial Site 0559,Manufacturing Unit,21.27192,81.3669
Durgapur Industrial Site 0560,Industrial Estate,23.58724,87.33468
Asansol Industrial Site 0561,Power Plant,23.8,86.76961
Gaya Industrial Site 0562,Steel Plant,24.81702,84.93002
Begusarai Industrial Site 0563,Cement Plant,25.49841,86.22277
Munger Industrial Site 0564,Refinery,25.53869,86.58537
Bokaro Industrial Site 0565,Chemical Plant,23.75164,86.37284
Faridabad Industrial Site 0566,Textile Industry,28.60706,77.12101
Gurugram Industrial Site 0567,Paper Mill,28.49902,76.72389
Noida Industrial Site 0568,Thermal Power Plant,28.48488,77.22475
Kota Industrial Site 0569,Manufacturing Unit,24.91111,75.81195
Agra Industrial Site 0570,Industrial Estate,27.26376,77.73343
Nashik Industrial Site 0571,Power Plant,19.95463,73.88978
Aurangabad Industrial Site 0572,Steel Plant,19.80351,75.40054
Thane Industrial Site 0573,Cement Plant,19.40752,72.89989
Jalandhar Industrial Site 0574,Refinery,31.22569,75.38026
Panipat Industrial Site 0575,Chemical Plant,29.63727,77.06336
Vapi Industrial Site 0576,Textile Industry,20.39966,72.99636
Delhi Industrial Site 0577,Paper Mill,28.60211,76.97411
Mumbai Industrial Site 0578,Thermal Power Plant,18.82405,73.24939
Kolkata Industrial Site 0579,Manufacturing Unit,22.69169,88.52316
Chennai Industrial Site 0580,Industrial Estate,12.85548,80.08721
Bengaluru Industrial Site 0581,Power Plant,12.89847,77.36939
Hyderabad Industrial Site 0582,Steel Plant,17.25094,78.56013
Ahmedabad Industrial Site 0583,Cement Plant,23.26939,72.216
Pune Industrial Site 0584,Refinery,18.60541,73.59161
Jaipur Industrial Site 0585,Chemical Plant,27.0253,75.4379
Lucknow Industrial Site 0586,Textile Industry,27.08229,80.71651
Kanpur Industrial Site 0587,Paper Mill,26.31261,80.26718
Patna Industrial Site 0588,Thermal Power Plant,25.76825,85.12567
Bhopal Industrial Site 0589,Manufacturing Unit,23.34349,77.4444
Indore Industrial Site 0590,Industrial Estate,22.58262,75.82394
Nagpur Industrial Site 0591,Power Plant,21.15068,79.00955
Surat Industrial Site 0592,Steel Plant,21.29529,72.89363
Vadodara Industrial Site 0593,Cement Plant,22.05104,73.17162
Rajkot Industrial Site 0594,Refinery,22.40668,70.84263
Ranchi Industrial Site 0595,Chemical Plant,23.5493,85.07149
Jamshedpur Industrial Site 0596,Textile Industry,22.60089,86.40559
Bhubaneswar Industrial Site 0597,Paper Mill,20.21587,85.56327
Visakhapatnam Industrial Site 0598,Thermal Power Plant,17.8122,83.13897
Vijayawada Industrial Site 0599,Manufacturing Unit,16.675,80.96409
Coimbatore Industrial Site 0600,Industrial Estate,11.07328,76.91922
Kochi Industrial Site 0601,Power Plant,10.08775,76.34965
Guwahati Industrial Site 0602,Steel Plant,26.06075,91.67489
Ludhiana Industrial Site 0603,Cement Plant,30.63472,75.91025
Amritsar Industrial Site 0604,Refinery,31.93305,74.84098
Bikaner Industrial Site 0605,Chemical Plant,28.18615,73.55432
Jodhpur Industrial Site 0606,Textile Industry,26.19585,73.00089
Raipur Industrial Site 0607,Paper Mill,21.32243,81.6211
Durgapur Industrial Site 0608,Thermal Power Plant,23.59693,87.4599
Asansol Industrial Site 0609,Manufacturing Unit,23.97293,86.98324
Gaya Industrial Site 0610,Industrial Estate,24.70531,85.001
Begusarai Industrial Site 0611,Power Plant,25.27512,86.4201
Munger Industrial Site 0612,Steel Plant,25.41355,86.37603
Bokaro Industrial Site 0613,Cement Plant,23.64718,85.91833
Faridabad Industrial Site 0614,Refinery,28.34966,77.23178
Gurugram Industrial Site 0615,Chemical Plant,28.41368,77.34325
Noida Industrial Site 0616,Textile Industry,28.66164,77.34998
Kota Industrial Site 0617,Paper Mill,25.44091,75.78574
Agra Industrial Site 0618,Thermal Power Plant,27.10744,78.0473
Nashik Industrial Site 0619,Manufacturing Unit,20.05537,74.11268
Aurangabad Industrial Site 0620,Industrial Estate,19.59112,75.23226
Thane Industrial Site 0621,Power Plant,19.07791,72.78191
Jalandhar Industrial Site 0622,Steel Plant,31.39052,75.3094
Panipat Industrial Site 0623,Cement Plant,29.37723,77.18877
Vapi Industrial Site 0624,Refinery,20.12741,72.70139
Delhi Industrial Site 0625,Chemical Plant,28.58227,77.00968
Mumbai Industrial Site 0626,Textile Industry,19.54429,73.16149
Kolkata Industrial Site 0627,Paper Mill,22.43635,88.03086
Chennai Industrial Site 0628,Thermal Power Plant,13.13367,79.92715
Bengaluru Industrial Site 0629,Manufacturing Unit,13.26145,77.58238
Hyderabad Industrial Site 0630,Industrial Estate,17.20542,78.55253
Ahmedabad Industrial Site 0631,Power Plant,23.37776,72.67046
Pune Industrial Site 0632,Steel Plant,18.84083,73.88362
Jaipur Industrial Site 0633,Cement Plant,26.70798,75.78276
Lucknow Industrial Site 0634,Refinery,26.86205,80.92716
Kanpur Industrial Site 0635,Chemical Plant,26.61986,80.19012
Patna Industrial Site 0636,Textile Industry,25.7304,85.14366
Bhopal Industrial Site 0637,Paper Mill,23.34962,77.28521
Indore Industrial Site 0638,Thermal Power Plant,22.55314,75.99687
Nagpur Industrial Site 0639,Manufacturing Unit,21.09588,78.99132
Surat Industrial Site 0640,Industrial Estate,20.90183,72.86469
Vadodara Industrial Site 0641,Power Plant,22.39285,73.05823
Rajkot Industrial Site 0642,Steel Plant,22.15129,70.81652
Ranchi Industrial Site 0643,Cement Plant,23.16062,85.4108
Jamshedpur Industrial Site 0644,Refinery,22.88331,86.16106
Bhubaneswar Industrial Site 0645,Chemical Plant,20.33391,85.80186
Visakhapatnam Industrial Site 0646,Textile Industry,17.72127,83.2808
Vijayawada Industrial Site 0647,Paper Mill,16.43474,80.57077
Coimbatore Industrial Site 0648,Thermal Power Plant,11.01952,77.04323
Kochi Industrial Site 0649,Manufacturing Unit,10.18158,76.41047
Guwahati Industrial Site 0650,Industrial Estate,25.79065,91.7343
Ludhiana Industrial Site 0651,Power Plant,31.00402,75.83416
Amritsar Industrial Site 0652,Steel Plant,31.79082,74.79259
Bikaner Industrial Site 0653,Cement Plant,28.30332,73.22312
Jodhpur Industrial Site 0654,Refinery,26.07295,72.91813
Raipur Industrial Site 0655,Chemical Plant,21.14368,81.84274
Durgapur Industrial Site 0656,Textile Industry,23.36525,87.06832
Asansol Industrial Site 0657,Paper Mill,23.39971,87.02737
Gaya Industrial Site 0658,Thermal Power Plant,25.07092,85.30765
Begusarai Industrial Site 0659,Manufacturing Unit,25.50067,86.30457
Munger Industrial Site 0660,Industrial Estate,25.33938,86.33427
Bokaro Industrial Site 0661,Power Plant,23.83888,85.98761
Faridabad Industrial Site 0662,Steel Plant,28.75707,77.05113
Gurugram Industrial Site 0663,Cement Plant,28.37324,77.07382
Noida Industrial Site 0664,Refinery,28.43928,77.17707
Kota Industrial Site 0665,Chemical Plant,25.19866,75.7875
Agra Industrial Site 0666,Textile Industry,27.45005,77.85143
Nashik Industrial Site 0667,Paper Mill,19.59209,73.86651
Aurangabad Industrial Site 0668,Thermal Power Plant,20.02307,75.42143
Thane Industrial Site 0669,Manufacturing Unit,19.06216,73.07066
Jalandhar Industrial Site 0670,Industrial Estate,31.32246,75.6085
Panipat Industrial Site 0671,Power Plant,29.14788,76.82489
Vapi Industrial Site 0672,Steel Plant,20.13248,72.96611
Delhi Industrial Site 0673,Cement Plant,28.66712,77.42636
Mumbai Industrial Site 0674,Refinery,18.89532,72.86796
Kolkata Industrial Site 0675,Chemical Plant,22.5992,88.5738
Chennai Industrial Site 0676,Textile Industry,13.01327,80.16664
Bengaluru Industrial Site 0677,Paper Mill,12.87259,77.61088
Hyderabad Industrial Site 0678,Thermal Power Plant,17.46688,78.32196
Ahmedabad Industrial Site 0679,Manufacturing Unit,23.06845,72.71212
Pune Industrial Site 0680,Industrial Estate,18.40399,73.70039
Jaipur Industrial Site 0681,Power Plant,26.63643,75.72249
Lucknow Industrial Site 0682,Steel Plant,26.8125,81.07798
Kanpur Industrial Site 0683,Cement Plant,26.32669,80.36263
Patna Industrial Site 0684,Refinery,25.29338,85.15088
Bhopal Industrial Site 0685,Chemical Plant,23.37262,77.38913
Indore Industrial Site 0686,Textile Industry,22.51995,75.87866
Nagpur Industrial Site 0687,Paper Mill,21.17013,78.9885
Surat Industrial Site 0688,Thermal Power Plant,21.18583,72.80331
Vadodara Industrial Site 0689,Manufacturing Unit,22.48388,73.09559
Rajkot Industrial Site 0690,Industrial Estate,22.16442,70.77588
Ranchi Industrial Site 0691,Power Plant,23.5448,85.07949
Jamshedpur Industrial Site 0692,Steel Plant,22.80697,86.40087
Bhubaneswar Industrial Site 0693,Cement Plant,20.22819,85.93361
Visakhapatnam Industrial Site 0694,Refinery,17.58145,83.19189
Vijayawada Industrial Site 0695,Chemical Plant,16.51274,80.80401
Coimbatore Industrial Site 0696,Textile Industry,11.00098,77.11473
Kochi Industrial Site 0697,Paper Mill,9.65478,76.24367
Guwahati Industrial Site 0698,Thermal Power Plant,26.4293,91.80786
Ludhiana Industrial Site 0699,Manufacturing Unit,31.04678,75.86371
Amritsar Industrial Site 0700,Industrial Estate,31.8291,74.74562
Bikaner Industrial Site 0701,Power Plant,28.14293,73.37625
Jodhpur Industrial Site 0702,Steel Plant,26.00212,72.75782
Raipur Industrial Site 0703,Cement Plant,21.37694,81.33511
Durgapur Industrial Site 0704,Refinery,23.65788,87.29585
Asansol Industrial Site 0705,Chemical Plant,23.91151,87.05737
Gaya Industrial Site 0706,Textile Industry,24.69636,85.07473
Begusarai Industrial Site 0707,Paper Mill,25.28163,86.15746
Munger Industrial Site 0708,Thermal Power Plant,25.28545,86.80291
Bokaro Industrial Site 0709,Manufacturing Unit,23.60935,86.21581
Faridabad Industrial Site 0710,Industrial Estate,28.57922,77.57511
Gurugram Industrial Site 0711,Power Plant,28.25793,76.99468
Noida Industrial Site 0712,Steel Plant,28.46764,77.24325
Kota Industrial Site 0713,Cement Plant,25.22904,75.92677
Agra Industrial Site 0714,Refinery,27.16269,78.11844
Nashik Industrial Site 0715,Chemical Plant,19.76428,73.70577
Aurangabad Industrial Site 0716,Textile Industry,19.86534,75.29048
Thane Industrial Site 0717,Paper Mill,19.33372,72.95572
Jalandhar Industrial Site 0718,Thermal Power Plant,31.276,75.60766
Panipat Industrial Site 0719,Manufacturing Unit,29.49372,77.10112
Vapi Industrial Site 0720,Industrial Estate,19.98043,73.31832
Delhi Industrial Site 0721,Power Plant,28.80974,77.16488
Mumbai Industrial Site 0722,Steel Plant,18.80006,72.69448
Kolkata Industrial Site 0723,Cement Plant,22.70935,88.677
Chennai Industrial Site 0724,Refinery,13.19735,80.32948
Bengaluru Industrial Site 0725,Chemical Plant,12.83481,77.443
Hyderabad Industrial Site 0726,Textile Industry,17.3524,78.48279
Ahmedabad Industrial Site 0727,Paper Mill,23.0579,72.80302
Pune Industrial Site 0728,Thermal Power Plant,18.6965,73.90891
Jaipur Industrial Site 0729,Manufacturing Unit,26.71587,75.59928
Lucknow Industrial Site 0730,Industrial Estate,26.88437,80.95057
Kanpur Industrial Site 0731,Power Plant,26.8597,80.41174
Patna Industrial Site 0732,Steel Plant,25.63447,85.24885
Bhopal Industrial Site 0733,Cement Plant,23.30376,77.21957
Indore Industrial Site 0734,Refinery,22.82313,75.98077
Nagpur Industrial Site 0735,Chemical Plant,21.09887,79.03424
Surat Industrial Site 0736,Textile Industry,20.82481,72.9597
Vadodara Industrial Site 0737,Paper Mill,22.36085,73.16958
Rajkot Industrial Site 0738,Thermal Power Plant,22.42642,70.66707
Ranchi Industrial Site 0739,Manufacturing Unit,23.24179,84.98602
Jamshedpur Industrial Site 0740,Industrial Estate,22.71596,86.2425
Bhubaneswar Industrial Site 0741,Power Plant,19.95674,85.59831
Visakhapatnam Industrial Site 0742,Steel Plant,17.62574,83.21464
Vijayawada Industrial Site 0743,Cement Plant,16.4226,80.67786
Coimbatore Industrial Site 0744,Refinery,10.76777,77.17858
Kochi Industrial Site 0745,Chemical Plant,9.80704,75.99291
Guwahati Industrial Site 0746,Textile Industry,26.05009,92.01779
Ludhiana Industrial Site 0747,Paper Mill,30.94258,76.01087
Amritsar Industrial Site 0748,Thermal Power Plant,32.03302,74.81119
Bikaner Industrial Site 0749,Manufacturing Unit,27.95169,73.27647
Jodhpur Industrial Site 0750,Industrial Estate,26.35226,73.0043
Raipur Industrial Site 0751,Power Plant,21.35278,81.62181
Durgapur Industrial Site 0752,Steel Plant,23.54387,87.31118
Asansol Industrial Site 0753,Cement Plant,23.39586,86.97755
Gaya Industrial Site 0754,Refinery,24.95142,84.79611
Begusarai Industrial Site 0755,Chemical Plant,25.25823,86.20651
Munger Industrial Site 0756,Textile Industry,25.38461,86.47565
Bokaro Industrial Site 0757,Paper Mill,23.37136,86.26192
Faridabad Industrial Site 0758,Thermal Power Plant,28.51702,77.23293
Gurugram Industrial Site 0759,Manufacturing Unit,28.50668,77.23372
Noida Industrial Site 0760,Industrial Estate,28.75065,77.28841
Kota Industrial Site 0761,Power Plant,25.2524,75.83054
Agra Industrial Site 0762,Steel Plant,27.04875,77.98698
Nashik Industrial Site 0763,Cement Plant,19.68714,74.14279
Aurangabad Industrial Site 0764,Refinery,20.24963,75.16806
Thane Industrial Site 0765,Chemical Plant,19.26439,73.09651
Jalandhar Industrial Site 0766,Textile Industry,31.23231,75.44939
Panipat Industrial Site 0767,Paper Mill,29.28294,76.91339
Vapi Industrial Site 0768,Thermal Power Plant,20.2699,72.84085
Delhi Industrial Site 0769,Manufacturing Unit,28.62559,77.131
Mumbai Industrial Site 0770,Industrial Estate,19.30835,72.70662
Kolkata Industrial Site 0771,Power Plant,22.48444,88.3794
Chennai Industrial Site 0772,Steel Plant,13.13425,80.23145
Bengaluru Industrial Site 0773,Cement Plant,12.75151,77.36863
Hyderabad Industrial Site 0774,Refinery,17.71558,78.34533
Ahmedabad Industrial Site 0775,Chemical Plant,22.8709,72.52335
Pune Industrial Site 0776,Textile Industry,18.45122,73.85512
Jaipur Industrial Site 0777,Paper Mill,26.72376,75.55779
Lucknow Industrial Site 0778,Thermal Power Plant,26.75918,80.78879
Kanpur Industrial Site 0779,Manufacturing Unit,26.21412,80.34657
Patna Industrial Site 0780,Industrial Estate,25.44336,85.28289
Bhopal Industrial Site 0781,Power Plant,23.49832,77.34399
Indore Industrial Site 0782,Steel Plant,22.81629,75.81784
Nagpur Industrial Site 0783,Cement Plant,21.03344,79.3558
Surat Industrial Site 0784,Refinery,21.15518,72.63933
Vadodara Industrial Site 0785,Chemical Plant,22.25993,73.11049
Rajkot Industrial Site 0786,Textile Industry,22.15053,70.77107
Ranchi Industrial Site 0787,Paper Mill,23.38406,85.19126
Jamshedpur Industrial Site 0788,Thermal Power Plant,22.65172,86.14287
Bhubaneswar Industrial Site 0789,Manufacturing Unit,20.13434,85.9776
Visakhapatnam Industrial Site 0790,Industrial Estate,17.66973,83.16882
Vijayawada Industrial Site 0791,Power Plant,16.29569,80.5749
Coimbatore Industrial Site 0792,Steel Plant,11.0787,76.99601
Kochi Industrial Site 0793,Cement Plant,10.21255,76.3165
Guwahati Industrial Site 0794,Refinery,26.05006,91.68533
Ludhiana Industrial Site 0795,Chemical Plant,30.64189,75.35156
Amritsar Industrial Site 0796,Textile Industry,31.50159,74.84464
Bikaner Industrial Site 0797,Paper Mill,28.15547,73.40267
Jodhpur Industrial Site 0798,Thermal Power Plant,26.17155,73.04676
Raipur Industrial Site 0799,Manufacturing Unit,21.31437,81.49175
Durgapur Industrial Site 0800,Industrial Estate,23.45678,87.29584
Asansol Industrial Site 0801,Power Plant,23.69284,86.86423
Gaya Industrial Site 0802,Steel Plant,25.08707,85.1316
Begusarai Industrial Site 0803,Cement Plant,25.35091,86.19868
Munger Industrial Site 0804,Refinery,25.32556,86.67544
Bokaro Industrial Site 0805,Chemical Plant,23.94529,86.03778
Faridabad Industrial Site 0806,Textile Industry,28.26721,77.33067
Gurugram Industrial Site 0807,Paper Mill,28.74076,77.25654
Noida Industrial Site 0808,Thermal Power Plant,28.346,77.18192
Kota Industrial Site 0809,Manufacturing Unit,25.15659,75.85396
Agra Industrial Site 0810,Industrial Estate,27.36269,78.092
Nashik Industrial Site 0811,Power Plant,20.17455,73.56177
Aurangabad Industrial Site 0812,Steel Plant,19.65146,75.06587
Thane Industrial Site 0813,Cement Plant,19.42336,72.80881
Jalandhar Industrial Site 0814,Refinery,31.16195,75.65174
Panipat Industrial Site 0815,Chemical Plant,29.57712,77.07745
Vapi Industrial Site 0816,Textile Industry,20.68006,73.2089
Delhi Industrial Site 0817,Paper Mill,28.61074,77.17479
Mumbai Industrial Site 0818,Thermal Power Plant,19.13319,72.84289
Kolkata Industrial Site 0819,Manufacturing Unit,22.48871,88.55629
Chennai Industrial Site 0820,Industrial Estate,13.26806,80.3547
Bengaluru Industrial Site 0821,Power Plant,12.86516,77.71956
Hyderabad Industrial Site 0822,Steel Plant,17.68509,78.55331
Ahmedabad Industrial Site 0823,Cement Plant,22.84388,72.46767
Pune Industrial Site 0824,Refinery,18.31989,73.91971
Jaipur Industrial Site 0825,Chemical Plant,26.93143,75.89666
Lucknow Industrial Site 0826,Textile Industry,27.05009,80.79581
Kanpur Industrial Site 0827,Paper Mill,26.57655,80.49372
Patna Industrial Site 0828,Thermal Power Plant,25.44584,85.10934
Bhopal Industrial Site 0829,Manufacturing Unit,23.08699,77.21014
Indore Industrial Site 0830,Industrial Estate,22.67978,76.04529
Nagpur Industrial Site 0831,Power Plant,21.05187,79.21679
Surat Industrial Site 0832,Steel Plant,21.18689,73.16248
Vadodara Industrial Site 0833,Cement Plant,22.37773,73.12931
Rajkot Industrial Site 0834,Refinery,22.4725,70.56282
Ranchi Industrial Site 0835,Chemical Plant,23.49076,85.14287
Jamshedpur Industrial Site 0836,Textile Industry,23.02887,86.31745
Bhubaneswar Industrial Site 0837,Paper Mill,20.40403,86.25611
Visakhapatnam Industrial Site 0838,Thermal Power Plant,17.64394,83.13654
Vijayawada Industrial Site 0839,Manufacturing Unit,16.86421,80.22189
Coimbatore Industrial Site 0840,Industrial Estate,11.10727,77.29922
Kochi Industrial Site 0841,Power Plant,9.92536,76.38652
Guwahati Industrial Site 0842,Steel Plant,26.0233,91.66743
Ludhiana Industrial Site 0843,Cement Plant,31.08971,75.86936
Amritsar Industrial Site 0844,Refinery,31.83862,74.62549
Bikaner Industrial Site 0845,Chemical Plant,28.27847,73.30597
Jodhpur Industrial Site 0846,Textile Industry,26.29618,72.88331
Raipur Industrial Site 0847,Paper Mill,21.01436,81.49025
Durgapur Industrial Site 0848,Thermal Power Plant,23.66391,87.10457
Asansol Industrial Site 0849,Manufacturing Unit,23.75144,86.71976
Gaya Industrial Site 0850,Industrial Estate,24.80314,85.27944
Begusarai Industrial Site 0851,Power Plant,25.55574,86.37006
Munger Industrial Site 0852,Steel Plant,25.48729,86.7553
Bokaro Industrial Site 0853,Cement Plant,23.58787,86.51376
Faridabad Industrial Site 0854,Refinery,28.51705,77.50908
Gurugram Industrial Site 0855,Chemical Plant,28.33705,77.0395
Noida Industrial Site 0856,Textile Industry,28.52733,77.51824
Kota Industrial Site 0857,Paper Mill,25.22183,75.79931
Agra Industrial Site 0858,Thermal Power Plant,27.32336,78.04242
Nashik Industrial Site 0859,Manufacturing Unit,20.05081,73.88096
Aurangabad Industrial Site 0860,Industrial Estate,19.77436,75.46514
Thane Industrial Site 0861,Power Plant,19.26335,72.88153
Jalandhar Industrial Site 0862,Steel Plant,30.96347,75.3919
Panipat Industrial Site 0863,Cement Plant,29.20469,77.01362
Vapi Industrial Site 0864,Refinery,20.23044,73.06538
Delhi Industrial Site 0865,Chemical Plant,28.5428,77.12154
Mumbai Industrial Site 0866,Textile Industry,19.06705,72.77798
Kolkata Industrial Site 0867,Paper Mill,22.55341,88.26921
Chennai Industrial Site 0868,Thermal Power Plant,12.87091,80.54109
Bengaluru Industrial Site 0869,Manufacturing Unit,12.86083,77.55787
Hyderabad Industrial Site 0870,Industrial Estate,17.36096,78.40303
Ahmedabad Industrial Site 0871,Power Plant,23.17851,72.43726
Pune Industrial Site 0872,Steel Plant,18.62244,73.98235
Jaipur Industrial Site 0873,Cement Plant,26.85649,75.96997
Lucknow Industrial Site 0874,Refinery,26.95348,80.98422
Kanpur Industrial Site 0875,Chemical Plant,26.06662,80.45066
Patna Industrial Site 0876,Textile Industry,25.75585,85.06294
Bhopal Industrial Site 0877,Paper Mill,23.09079,77.46588
Indore Industrial Site 0878,Thermal Power Plant,22.65817,75.76844
Nagpur Industrial Site 0879,Manufacturing Unit,21.06552,78.93747
Surat Industrial Site 0880,Industrial Estate,21.33797,73.14416
Vadodara Industrial Site 0881,Power Plant,22.14914,73.22053
Rajkot Industrial Site 0882,Steel Plant,22.08115,71.19939
Ranchi Industrial Site 0883,Cement Plant,23.2532,85.02625
Jamshedpur Industrial Site 0884,Refinery,22.86254,86.15845
Bhubaneswar Industrial Site 0885,Chemical Plant,20.08613,85.71239
Visakhapatnam Industrial Site 0886,Textile Industry,17.84778,83.28647
Vijayawada Industrial Site 0887,Paper Mill,16.67569,80.92516
Coimbatore Industrial Site 0888,Thermal Power Plant,10.93636,76.89817
Kochi Industrial Site 0889,Manufacturing Unit,9.94034,76.32366
Guwahati Industrial Site 0890,Industrial Estate,25.66532,91.98177
Ludhiana Industrial Site 0891,Power Plant,30.91687,75.87634
Amritsar Industrial Site 0892,Steel Plant,31.55143,74.56312
Bikaner Industrial Site 0893,Cement Plant,28.2316,73.31081
Jodhpur Industrial Site 0894,Refinery,26.30682,73.28343
Raipur Industrial Site 0895,Chemical Plant,21.14731,81.69399
Durgapur Industrial Site 0896,Textile Industry,23.6608,87.49112
Asansol Industrial Site 0897,Paper Mill,23.66866,86.32687
Gaya Industrial Site 0898,Thermal Power Plant,24.62849,85.09411
Begusarai Industrial Site 0899,Manufacturing Unit,25.49188,86.40104
Munger Industrial Site 0900,Industrial Estate,25.30041,86.14079
Bokaro Industrial Site 0901,Power Plant,23.58677,85.9839
Faridabad Industrial Site 0902,Steel Plant,28.22221,77.39368
Gurugram Industrial Site 0903,Cement Plant,28.32257,77.18265
Noida Industrial Site 0904,Refinery,28.56513,77.57252
Kota Industrial Site 0905,Chemical Plant,25.02561,75.87401
Agra Industrial Site 0906,Textile Industry,27.0375,77.98199
Nashik Industrial Site 0907,Paper Mill,20.23851,73.67761
Aurangabad Industrial Site 0908,Thermal Power Plant,20.07094,75.30359
Thane Industrial Site 0909,Manufacturing Unit,19.26557,73.13282
Jalandhar Industrial Site 0910,Industrial Estate,31.45124,75.38162
Panipat Industrial Site 0911,Power Plant,29.62136,77.10518
Vapi Industrial Site 0912,Steel Plant,20.50426,72.87682
Delhi Industrial Site 0913,Cement Plant,28.7822,77.24252
Mumbai Industrial Site 0914,Refinery,19.09447,72.76073
Kolkata Industrial Site 0915,Chemical Plant,22.64694,88.16823
Chennai Industrial Site 0916,Textile Industry,13.17869,80.35171
Bengaluru Industrial Site 0917,Paper Mill,13.29129,77.42551
Hyderabad Industrial Site 0918,Thermal Power Plant,17.50344,78.85872
Ahmedabad Industrial Site 0919,Manufacturing Unit,23.19037,72.49825
Pune Industrial Site 0920,Industrial Estate,18.41648,73.66513
Jaipur Industrial Site 0921,Power Plant,27.13623,75.95903
Lucknow Industrial Site 0922,Steel Plant,26.68874,80.97993
Kanpur Industrial Site 0923,Cement Plant,26.27597,80.29359
Patna Industrial Site 0924,Refinery,25.58359,85.09546
Bhopal Industrial Site 0925,Chemical Plant,23.24645,77.35072
Indore Industrial Site 0926,Textile Industry,22.7547,75.67743
Nagpur Industrial Site 0927,Paper Mill,20.98561,79.35007
Surat Industrial Site 0928,Thermal Power Plant,21.31704,73.0162
Vadodara Industrial Site 0929,Manufacturing Unit,22.20338,73.33038
Rajkot Industrial Site 0930,Industrial Estate,21.99568,70.90676
Ranchi Industrial Site 0931,Power Plant,23.29438,85.07376
Jamshedpur Industrial Site 0932,Steel Plant,22.82806,86.10407
Bhubaneswar Industrial Site 0933,Cement Plant,20.13662,85.82873
Visakhapatnam Industrial Site 0934,Refinery,17.67092,83.37883
Vijayawada Industrial Site 0935,Chemical Plant,16.46624,80.44306
Coimbatore Industrial Site 0936,Textile Industry,11.01059,76.96806
Kochi Industrial Site 0937,Paper Mill,9.99633,76.3699
Guwahati Industrial Site 0938,Thermal Power Plant,26.19798,91.87549
Ludhiana Industrial Site 0939,Manufacturing Unit,30.96705,75.82252
Amritsar Industrial Site 0940,Industrial Estate,31.54335,75.04386
Bikaner Industrial Site 0941,Power Plant,27.9388,73.08845
Jodhpur Industrial Site 0942,Steel Plant,26.07022,73.0165
Raipur Industrial Site 0943,Cement Plant,21.35616,81.58138
Durgapur Industrial Site 0944,Refinery,23.59543,87.2969
Asansol Industrial Site 0945,Chemical Plant,23.7413,87.27124
Gaya Industrial Site 0946,Textile Industry,24.73709,84.93927
Begusarai Industrial Site 0947,Paper Mill,25.49224,85.99837
Munger Industrial Site 0948,Thermal Power Plant,25.17527,86.74153
Bokaro Industrial Site 0949,Manufacturing Unit,23.49422,86.14632
Faridabad Industrial Site 0950,Industrial Estate,28.27188,77.2303
Gurugram Industrial Site 0951,Power Plant,28.63699,77.10362
Noida Industrial Site 0952,Steel Plant,28.07246,77.37737
Kota Industrial Site 0953,Cement Plant,25.41252,75.94691
Agra Industrial Site 0954,Refinery,27.13097,77.96945
Nashik Industrial Site 0955,Chemical Plant,20.01091,73.87246
Aurangabad Industrial Site 0956,Textile Industry,19.93749,75.55421
Thane Industrial Site 0957,Paper Mill,19.1933,73.04439
Jalandhar Industrial Site 0958,Thermal Power Plant,31.22322,75.61676
Panipat Industrial Site 0959,Manufacturing Unit,29.48101,76.90234
Vapi Industrial Site 0960,Industrial Estate,20.37556,72.66023
Delhi Industrial Site 0961,Power Plant,28.60931,77.14159
Mumbai Industrial Site 0962,Steel Plant,19.0968,73.05842
Kolkata Industrial Site 0963,Cement Plant,22.90123,88.44522
Chennai Industrial Site 0964,Refinery,13.06147,80.40612
Bengaluru Industrial Site 0965,Chemical Plant,12.97389,77.68662
Hyderabad Industrial Site 0966,Textile Industry,17.3386,78.47492
Ahmedabad Industrial Site 0967,Paper Mill,23.12031,72.76862
Pune Industrial Site 0968,Thermal Power Plant,18.50856,73.90058
Jaipur Industrial Site 0969,Manufacturing Unit,27.01128,75.78653
Lucknow Industrial Site 0970,Industrial Estate,26.86527,80.95611
Kanpur Industrial Site 0971,Power Plant,26.47812,80.56772
Patna Industrial Site 0972,Steel Plant,25.41165,85.08924
Bhopal Industrial Site 0973,Cement Plant,22.89382,77.47515
Indore Industrial Site 0974,Refinery,22.91901,75.6299
Nagpur Industrial Site 0975,Chemical Plant,20.9232,78.93846
Surat Industrial Site 0976,Textile Industry,21.15518,72.8634
Vadodara Industrial Site 0977,Paper Mill,22.5636,73.26582
Rajkot Industrial Site 0978,Thermal Power Plant,22.35666,70.94391
Ranchi Industrial Site 0979,Manufacturing Unit,23.37964,85.31477
Jamshedpur Industrial Site 0980,Industrial Estate,23.03689,86.10065
Bhubaneswar Industrial Site 0981,Power Plant,20.19001,85.58605
Visakhapatnam Industrial Site 0982,Steel Plant,17.77399,83.26147
Vijayawada Industrial Site 0983,Cement Plant,16.44939,80.68798
Coimbatore Industrial Site 0984,Refinery,11.05582,77.13379
Kochi Industrial Site 0985,Chemical Plant,9.9137,76.2859
Guwahati Industrial Site 0986,Textile Industry,26.28607,91.68288
Ludhiana Industrial Site 0987,Paper Mill,31.1063,76.03664
Amritsar Industrial Site 0988,Thermal Power Plant,31.54413,74.69171
Bikaner Industrial Site 0989,Manufacturing Unit,28.17106,73.33415
Jodhpur Industrial Site 0990,Industrial Estate,26.34844,72.93674
Raipur Industrial Site 0991,Power Plant,20.91998,81.75113
Durgapur Industrial Site 0992,Steel Plant,23.55871,87.24088
Asansol Industrial Site 0993,Cement Plant,23.97073,86.89969
Gaya Industrial Site 0994,Refinery,24.74157,84.95146
Begusarai Industrial Site 0995,Chemical Plant,25.34968,86.10167
Munger Industrial Site 0996,Textile Industry,25.53674,86.4433
Bokaro Industrial Site 0997,Paper Mill,23.76582,86.1783
Faridabad Industrial Site 0998,Thermal Power Plant,28.62474,77.16751
Gurugram Industrial Site 0999,Manufacturing Unit,28.32252,76.95488
Noida Industrial Site 1000,Industrial Estate,28.46906,77.36633
Kota Industrial Site 1001,Power Plant,25.08519,75.78199
Agra Industrial Site 1002,Steel Plant,26.86387,78.48011
Nashik Industrial Site 1003,Cement Plant,20.13355,73.83567
Aurangabad Industrial Site 1004,Refinery,20.04129,75.37737
Thane Industrial Site 1005,Chemical Plant,19.24232,73.06065
Jalandhar Industrial Site 1006,Textile Industry,31.47714,75.77715
Panipat Industrial Site 1007,Paper Mill,29.30542,77.05634
Vapi Industrial Site 1008,Thermal Power Plant,20.2455,73.25138
Delhi Industrial Site 1009,Manufacturing Unit,28.25674,77.27116
Mumbai Industrial Site 1010,Industrial Estate,19.07335,73.10814
Kolkata Industrial Site 1011,Power Plant,22.67994,88.13471
Chennai Industrial Site 1012,Steel Plant,13.29842,80.64856
Bengaluru Industrial Site 1013,Cement Plant,13.25392,77.60851
Hyderabad Industrial Site 1014,Refinery,17.63129,78.40448
Ahmedabad Industrial Site 1015,Chemical Plant,22.72292,72.2803
Pune Industrial Site 1016,Textile Industry,18.49061,73.7958
Jaipur Industrial Site 1017,Paper Mill,26.78373,75.79432
Lucknow Industrial Site 1018,Thermal Power Plant,26.8097,81.02601
Kanpur Industrial Site 1019,Manufacturing Unit,26.33432,80.38967
Patna Industrial Site 1020,Industrial Estate,25.44461,84.93923
Bhopal Industrial Site 1021,Power Plant,23.16628,77.43988
Indore Industrial Site 1022,Steel Plant,22.66979,75.75337
Nagpur Industrial Site 1023,Cement Plant,21.31845,79.22352
Surat Industrial Site 1024,Refinery,21.21473,72.77193
Vadodara Industrial Site 1025,Chemical Plant,22.20045,73.04234
Rajkot Industrial Site 1026,Textile Industry,22.50675,70.73375
Ranchi Industrial Site 1027,Paper Mill,23.31654,85.35508
Jamshedpur Industrial Site 1028,Thermal Power Plant,22.90686,86.31682
Bhubaneswar Industrial Site 1029,Manufacturing Unit,20.0221,85.98939
Visakhapatnam Industrial Site 1030,Industrial Estate,17.35605,83.39224
Vijayawada Industrial Site 1031,Power Plant,16.53318,80.59486
Coimbatore Industrial Site 1032,Steel Plant,11.16272,76.98414
Kochi Industrial Site 1033,Cement Plant,10.18023,76.41822
Guwahati Industrial Site 1034,Refinery,26.08026,91.56331
Ludhiana Industrial Site 1035,Chemical Plant,30.86702,75.84691
Amritsar Industrial Site 1036,Textile Industry,31.74528,74.82001
Bikaner Industrial Site 1037,Paper Mill,28.15334,73.41047
Jodhpur Industrial Site 1038,Thermal Power Plant,26.31128,73.24897
Raipur Industrial Site 1039,Manufacturing Unit,21.34533,81.41056
Durgapur Industrial Site 1040,Industrial Estate,23.47278,87.23644
Asansol Industrial Site 1041,Power Plant,23.80357,87.01366
Gaya Industrial Site 1042,Steel Plant,25.20044,85.20684
Begusarai Industrial Site 1043,Cement Plant,25.34813,86.0883
Munger Industrial Site 1044,Refinery,25.56898,86.20632
Bokaro Industrial Site 1045,Chemical Plant,23.73911,86.31432
Faridabad Industrial Site 1046,Textile Industry,28.55557,77.17147
Gurugram Industrial Site 1047,Paper Mill,28.33844,77.06415
Noida Industrial Site 1048,Thermal Power Plant,28.82083,77.24074
Kota Industrial Site 1049,Manufacturing Unit,25.14551,75.79244
Agra Industrial Site 1050,Industrial Estate,27.11141,78.02687
Nashik Industrial Site 1051,Power Plant,19.79864,73.79102
Aurangabad Industrial Site 1052,Steel Plant,19.95504,75.20805
Thane Industrial Site 1053,Cement Plant,19.07601,72.82937
Jalandhar Industrial Site 1054,Refinery,31.50721,75.47842
Panipat Industrial Site 1055,Chemical Plant,29.55794,76.94542
Vapi Industrial Site 1056,Textile Industry,20.39079,73.02045
Delhi Industrial Site 1057,Paper Mill,28.66133,77.37684
Mumbai Industrial Site 1058,Thermal Power Plant,19.08427,73.00993
Kolkata Industrial Site 1059,Manufacturing Unit,22.44458,88.31716
Chennai Industrial Site 1060,Industrial Estate,13.34508,80.22851
Bengaluru Industrial Site 1061,Power Plant,12.91161,77.43804
Hyderabad Industrial Site 1062,Steel Plant,17.10443,78.34788
Ahmedabad Industrial Site 1063,Cement Plant,23.24744,72.45893
Pune Industrial Site 1064,Refinery,18.65679,73.84698
Jaipur Industrial Site 1065,Chemical Plant,26.96932,75.72225
Lucknow Industrial Site 1066,Textile Industry,26.88269,80.65402
Kanpur Industrial Site 1067,Paper Mill,26.29613,80.29408
Patna Industrial Site 1068,Thermal Power Plant,25.65358,85.01126
Bhopal Industrial Site 1069,Manufacturing Unit,23.22768,77.60898
Indore Industrial Site 1070,Industrial Estate,22.73969,75.83606
Nagpur Industrial Site 1071,Power Plant,21.44577,79.22423
Surat Industrial Site 1072,Steel Plant,21.15637,72.87283
Vadodara Industrial Site 1073,Cement Plant,22.54122,73.15593
Rajkot Industrial Site 1074,Refinery,22.33478,71.00721
Ranchi Industrial Site 1075,Chemical Plant,23.37957,85.17985
Jamshedpur Industrial Site 1076,Textile Industry,22.81163,86.43017
Bhubaneswar Industrial Site 1077,Paper Mill,20.34139,85.55958
Visakhapatnam Industrial Site 1078,Thermal Power Plant,17.65476,83.19924
Vijayawada Industrial Site 1079,Manufacturing Unit,16.13134,80.64896
Coimbatore Industrial Site 1080,Industrial Estate,11.19231,76.91113
Kochi Industrial Site 1081,Power Plant,9.99845,76.21876
Guwahati Industrial Site 1082,Steel Plant,26.13937,91.6767
Ludhiana Industrial Site 1083,Cement Plant,30.65937,76.07551
Amritsar Industrial Site 1084,Refinery,31.57821,74.97949
Bikaner Industrial Site 1085,Chemical Plant,27.78256,73.3366
Jodhpur Industrial Site 1086,Textile Industry,26.21698,72.96485
Raipur Industrial Site 1087,Paper Mill,21.50623,81.50827
Durgapur Industrial Site 1088,Thermal Power Plant,23.6212,87.42046
Asansol Industrial Site 1089,Manufacturing Unit,23.70891,86.97117
Gaya Industrial Site 1090,Industrial Estate,24.57584,85.01448
Begusarai Industrial Site 1091,Power Plant,25.64217,86.24991
Munger Industrial Site 1092,Steel Plant,25.34066,86.29266
Bokaro Industrial Site 1093,Cement Plant,23.60971,85.81356
Faridabad Industrial Site 1094,Refinery,28.47276,77.36375
Gurugram Industrial Site 1095,Chemical Plant,28.33833,77.03831
Noida Industrial Site 1096,Textile Industry,28.41843,77.30784
Kota Industrial Site 1097,Paper Mill,25.34057,75.73743
Agra Industrial Site 1098,Thermal Power Plant,27.44928,78.02792
Nashik Industrial Site 1099,Manufacturing Unit,20.22582,73.87868
Aurangabad Industrial Site 1100,Industrial Estate,19.9062,75.42396
Thane Industrial Site 1101,Power Plant,19.07886,73.18712
Jalandhar Industrial Site 1102,Steel Plant,31.26839,75.46133
Panipat Industrial Site 1103,Cement Plant,29.38147,77.05626
Vapi Industrial Site 1104,Refinery,20.26868,72.98529
Delhi Industrial Site 1105,Chemical Plant,28.57871,77.02011
Mumbai Industrial Site 1106,Textile Industry,18.69601,72.95484
Kolkata Industrial Site 1107,Paper Mill,22.37591,88.49981
Chennai Industrial Site 1108,Thermal Power Plant,13.26454,80.18252
Bengaluru Industrial Site 1109,Manufacturing Unit,13.24925,77.63849
Hyderabad Industrial Site 1110,Industrial Estate,17.32723,78.77948
Ahmedabad Industrial Site 1111,Power Plant,22.80231,72.1819
Pune Industrial Site 1112,Steel Plant,18.43281,73.83495
Jaipur Industrial Site 1113,Cement Plant,26.80551,76.03061
Lucknow Industrial Site 1114,Refinery,26.79704,80.76465
Kanpur Industrial Site 1115,Chemical Plant,26.429,80.07154
Patna Industrial Site 1116,Textile Industry,25.64278,84.8324
Bhopal Industrial Site 1117,Paper Mill,23.50846,77.28359
Indore Industrial Site 1118,Thermal Power Plant,22.88838,76.00402
Nagpur Industrial Site 1119,Manufacturing Unit,21.18822,79.32203
Surat Industrial Site 1120,Industrial Estate,21.53317,72.9624
Vadodara Industrial Site 1121,Power Plant,22.32316,73.07532
Rajkot Industrial Site 1122,Steel Plant,22.32747,71.20592
Ranchi Industrial Site 1123,Cement Plant,23.17587,85.15428
Jamshedpur Industrial Site 1124,Refinery,22.71603,86.242
Bhubaneswar Industrial Site 1125,Chemical Plant,20.38595,85.86136
Visakhapatnam Industrial Site 1126,Textile Industry,17.60854,83.02656
Vijayawada Industrial Site 1127,Paper Mill,16.39653,80.77004
Coimbatore Industrial Site 1128,Thermal Power Plant,10.96618,77.21201
Kochi Industrial Site 1129,Manufacturing Unit,10.19808,76.3981
Guwahati Industrial Site 1130,Industrial Estate,26.21599,91.97796
Ludhiana Industrial Site 1131,Power Plant,31.01795,75.95942
Amritsar Industrial Site 1132,Steel Plant,31.68655,74.77083
Bikaner Industrial Site 1133,Cement Plant,27.85243,73.6577
Jodhpur Industrial Site 1134,Refinery,26.053,73.06731
Raipur Industrial Site 1135,Chemical Plant,20.88697,81.48819
Durgapur Industrial Site 1136,Textile Industry,23.72574,87.26534
Asansol Industrial Site 1137,Paper Mill,23.88701,86.8642
Gaya Industrial Site 1138,Thermal Power Plant,24.59586,85.0741
Begusarai Industrial Site 1139,Manufacturing Unit,25.26169,86.02466
Munger Industrial Site 1140,Industrial Estate,25.14916,86.35767
Bokaro Industrial Site 1141,Power Plant,23.62781,86.2413
Faridabad Industrial Site 1142,Steel Plant,28.50455,77.46282
Gurugram Industrial Site 1143,Cement Plant,28.50108,77.07548
Noida Industrial Site 1144,Refinery,28.36961,77.58102
Kota Industrial Site 1145,Chemical Plant,25.09507,76.0439
Agra Industrial Site 1146,Textile Industry,27.40583,77.9642
Nashik Industrial Site 1147,Paper Mill,19.94005,73.70939
Aurangabad Industrial Site 1148,Thermal Power Plant,19.99337,75.19525
Thane Industrial Site 1149,Manufacturing Unit,18.85524,73.31591
Jalandhar Industrial Site 1150,Industrial Estate,31.37148,75.45933
Panipat Industrial Site 1151,Power Plant,29.53293,76.99037
Vapi Industrial Site 1152,Steel Plant,20.53567,73.22723
Delhi Industrial Site 1153,Cement Plant,28.63238,77.2277
Mumbai Industrial Site 1154,Refinery,19.22129,72.81482
Kolkata Industrial Site 1155,Chemical Plant,22.55116,88.41502
Chennai Industrial Site 1156,Textile Industry,13.06059,80.46192
Bengaluru Industrial Site 1157,Paper Mill,13.0087,77.67504
Hyderabad Industrial Site 1158,Thermal Power Plant,17.59442,78.34911
Ahmedabad Industrial Site 1159,Manufacturing Unit,23.26306,72.56023
Pune Industrial Site 1160,Industrial Estate,18.53072,74.18949
Jaipur Industrial Site 1161,Power Plant,27.10624,75.40294
Lucknow Industrial Site 1162,Steel Plant,26.84409,80.78704
Kanpur Industrial Site 1163,Cement Plant,26.38884,80.35754
Patna Industrial Site 1164,Refinery,25.57215,85.30888
Bhopal Industrial Site 1165,Chemical Plant,23.26618,77.30519
Indore Industrial Site 1166,Textile Industry,22.79969,75.8762
Nagpur Industrial Site 1167,Paper Mill,21.04205,79.06181
Surat Industrial Site 1168,Thermal Power Plant,21.30617,72.62319
Vadodara Industrial Site 1169,Manufacturing Unit,22.39332,72.96567
Rajkot Industrial Site 1170,Industrial Estate,22.41009,71.08447
Ranchi Industrial Site 1171,Power Plant,23.26346,85.36043
Jamshedpur Industrial Site 1172,Steel Plant,22.69699,86.05654
Bhubaneswar Industrial Site 1173,Cement Plant,20.30354,85.78114
Visakhapatnam Industrial Site 1174,Refinery,17.47423,83.28542
Vijayawada Industrial Site 1175,Chemical Plant,16.3926,80.57932
Coimbatore Industrial Site 1176,Textile Industry,11.03033,76.98436
Kochi Industrial Site 1177,Paper Mill,9.98379,76.34919
Guwahati Industrial Site 1178,Thermal Power Plant,26.07023,91.94776
Ludhiana Industrial Site 1179,Manufacturing Unit,31.19372,75.63357
Amritsar Industrial Site 1180,Industrial Estate,31.46542,74.8953
Bikaner Industrial Site 1181,Power Plant,28.25646,73.1674
Jodhpur Industrial Site 1182,Steel Plant,26.28129,72.80345
Raipur Industrial Site 1183,Cement Plant,21.08518,81.81645
Durgapur Industrial Site 1184,Refinery,23.59596,87.63713
Asansol Industrial Site 1185,Chemical Plant,24.06818,86.66926
Gaya Industrial Site 1186,Textile Industry,24.71492,85.06769
Begusarai Industrial Site 1187,Paper Mill,25.41558,85.85131
Munger Industrial Site 1188,Thermal Power Plant,25.43496,86.47303
Bokaro Industrial Site 1189,Manufacturing Unit,23.59238,86.32182
Faridabad Industrial Site 1190,Industrial Estate,28.21565,77.58536
Gurugram Industrial Site 1191,Power Plant,28.41878,76.54774
Noida Industrial Site 1192,Steel Plant,28.43404,77.63068
Kota Industrial Site 1193,Cement Plant,25.36663,75.69186
Agra Industrial Site 1194,Refinery,27.36525,78.07051
Nashik Industrial Site 1195,Chemical Plant,19.88391,73.55273
Aurangabad Industrial Site 1196,Textile Industry,19.91412,75.44173
Thane Industrial Site 1197,Paper Mill,19.06675,72.86033
Jalandhar Industrial Site 1198,Thermal Power Plant,31.49394,75.24978
Panipat Industrial Site 1199,Manufacturing Unit,29.56455,77.11525
Vapi Industrial Site 1200,Industrial Estate,20.6921,72.79312
