latitude,longitude,brightness,confidence,acq_date,acq_time,frp,detections,persistent,avg_brightness,avg_confidence,total_frp,nearest_site,site_type,distance_km,source_class,risk_score,risk_level
20.95611,72.65849,389.15,85,2026-09-07,59,49.91,1,False,389.15,85.0,49.91,Surat Industrial Site 0160,Industrial Estate,12.573472702815437,High Intensity Fire,40,Low
18.19879,74.03727,312.02,74,2026-09-06,1920,9.65,1,False,312.02,74.0,9.65,Pune Industrial Site 0824,Refinery,18.31473029977863,Other Thermal Anomaly,0,Low
23.47648,77.29968,308.39,76,2026-07-15,572,17.3,1,False,308.39,76.0,17.3,Bhopal Industrial Site 1117,Paper Mill,3.916319336506385,Other Thermal Anomaly,0,Low
23.08039,77.53501,343.47,69,2026-01-31,2368,15.1,1,False,343.47,69.0,15.1,Bhopal Industrial Site 0301,Power Plant,5.970736572848676,Other Thermal Anomaly,0,Low
23.52334,86.42134,318.43,78,2026-08-15,2241,16.86,1,False,318.43,78.0,16.86,Bokaro Industrial Site 0277,Paper Mill,1.7579654156282816,Other Thermal Anomaly,10,Low
22.60685,88.12504,403.34,100,2026-09-01,1619,52.48,1,False,403.34,100.0,52.48,Kolkata Industrial Site 0147,Paper Mill,0.04565662034650185,High Intensity Fire,70,Medium
18.42394,73.69918,409.85,91,2026-05-20,485,72.81,4,True,398.5325,93.5,323.91,Pune Industrial Site 0008,Thermal Power Plant,0.09188210307541406,Persistent Industrial Source,90,High
23.03902,69.74454,330.31,84,2026-03-20,1257,16.88,3,True,335.57,85.33333333333333,45.42,Rajkot Industrial Site 0834,Refinery,104.92097834728467,Persistent Non-Industrial Thermal Source,35,Low
18.42394,73.96697,403.55,96,2026-06-19,1618,25.85,2,False,397.05,98.0,129.32,Pune Industrial Site 0248,Thermal Power Plant,0.04104760220571867,High Intensity Fire,70,Medium
17.69321,72.81842,338.87,89,2026-01-31,237,18.1,3,True,334.3833333333334,87.33333333333333,48.54,Pune Industrial Site 0488,Thermal Power Plant,104.17175154246817,Persistent Non-Industrial Thermal Source,35,Low
23.91308,86.84683,388.22,88,2026-09-19,56,58.85,1,False,388.22,88.0,58.85,Asansol Industrial Site 1137,Paper Mill,3.394338549404314,High Intensity Fire,40,Low
21.55317,87.36812,321.61,90,2026-07-07,1363,24.95,1,False,321.61,90.0,24.95,Kolkata Industrial Site 0003,Cement Plant,105.05897069177827,Other Thermal Anomaly,25,Low
19.88805,75.71487,408.74,99,2026-05-29,709,80.89,1,False,408.74,99.0,80.89,Aurangabad Industrial Site 0380,Industrial Estate,0.021311442144475338,High Intensity Fire,70,Medium
28.46804,77.09321,400.94,93,2026-06-29,446,101.54,2,False,387.395,92.5,200.0,Faridabad Industrial Site 0230,Industrial Estate,0.020603184064623865,High Intensity Fire,70,Medium
21.15624,79.00005,406.0,98,2026-07-14,1866,56.68,2,False,393.58000000000004,98.0,82.28999999999999,Nagpur Industrial Site 0351,Power Plant,0.02511078978907223,High Intensity Fire,70,Medium
20.24344,85.75641,313.6,70,2026-07-15,200,12.77,1,False,313.6,70.0,12.77,Bhubaneswar Industrial Site 0405,Chemical Plant,0.9751824542750334,Other Thermal Anomaly,20,Low
21.53047,81.76163,364.39,88,2026-01-08,1091,23.7,1,False,364.39,88.0,23.7,Raipur Industrial Site 0031,Power Plant,19.961119275979566,High Intensity Fire,30,Low
18.42393,73.69913,374.67,93,2026-05-15,2026,103.87,4,True,398.5325,93.5,323.91,Pune Industrial Site 0008,Thermal Power Plant,0.08879181034211994,Persistent Industrial Source,90,High
10.01416,76.17392,392.7,95,2026-01-10,1633,72.52,1,False,392.7,95.0,72.52,Kochi Industrial Site 0217,Paper Mill,0.04931164462443199,High Intensity Fire,70,Medium
24.33419,74.98823,340.68,94,2026-06-18,1483,20.03,3,True,337.5466666666667,90.33333333333333,42.1,Kota Industrial Site 0329,Manufacturing Unit,101.24962279805209,Persistent Non-Industrial Thermal Source,45,Low
28.65386,77.09682,406.41,92,2026-06-28,2090,95.86,2,False,403.995,93.5,199.57999999999998,Gurugram Industrial Site 0375,Chemical Plant,0.04363382807801194,High Intensity Fire,70,Medium
22.89709,88.35616,409.74,94,2026-02-05,982,82.99,3,True,403.1366666666667,96.33333333333333,219.45,Kolkata Industrial Site 0051,Power Plant,0.01601425801085379,Persistent Industrial Source,90,High
23.53784,87.47296,392.79,95,2026-07-01,1814,86.93,2,False,391.655,95.5,206.55,Durgapur Industrial Site 0080,Industrial Estate,0.04927501069982036,High Intensity Fire,70,Medium
26.21456,91.79768,387.8,92,2026-04-01,1071,72.66,1,False,387.8,92.0,72.66,Guwahati Industrial Site 0218,Thermal Power Plant,5.428650935558914,High Intensity Fire,50,Medium
21.48027,81.59218,309.75,43,2026-06-04,832,0.73,1,False,309.75,43.0,0.73,Raipur Industrial Site 1087,Paper Mill,9.148863395062277,Other Thermal Anomaly,0,Low
25.86113,84.70085,376.08,93,2026-02-22,1267,62.76,3,True,384.90000000000003,94.33333333333333,198.84,Patna Industrial Site 0012,Steel Plant,0.04004267696956781,Persistent Industrial Source,90,High
22.41424,70.76595,383.97,97,2026-06-30,2238,59.91,2,False,384.42,97.5,177.82999999999998,Rajkot Industrial Site 0114,Refinery,0.03580631836105596,High Intensity Fire,70,Medium
12.95624,77.66708,382.13,92,2026-07-04,734,84.35,2,False,381.275,93.5,182.91,Bengaluru Industrial Site 0149,Manufacturing Unit,0.07764494036297188,High Intensity Fire,70,Medium
28.87083,77.67118,390.24,91,2026-05-12,1109,58.22,2,False,398.8,94.0,99.02,Delhi Industrial Site 0097,Paper Mill,0.024571138815574788,High Intensity Fire,70,Medium
25.19805,75.67012,396.78,92,2026-06-02,2056,33.37,2,False,400.22,92.5,63.06999999999999,Kota Industrial Site 0377,Paper Mill,0.015567289730043924,High Intensity Fire,70,Medium
14.12469,79.39929,331.85,91,2026-07-09,2269,19.21,1,False,331.85,91.0,19.21,Chennai Industrial Site 0484,Refinery,108.18665155220131,Other Thermal Anomaly,25,Low
23.32108,85.83363,338.18,73,2026-07-20,1456,16.09,1,False,338.18,73.0,16.09,Bokaro Industrial Site 0325,Chemical Plant,19.225123102708228,Other Thermal Anomaly,0,Low
23.72293,87.33486,378.5,98,2026-02-02,575,60.05,3,True,386.64000000000004,96.66666666666667,228.51999999999998,Durgapur Industrial Site 0272,Steel Plant,0.043604006808172585,Persistent Industrial Source,90,High
17.31202,78.60723,408.83,92,2026-05-10,1178,58.53,2,False,404.99,91.5,150.17000000000002,Hyderabad Industrial Site 0102,Steel Plant,0.04272789735864954,High Intensity Fire,70,Medium
23.45285,86.91402,372.81,98,2026-03-09,1597,64.21,2,False,372.48,98.5,103.97,Asansol Industrial Site 0177,Paper Mill,0.020432056474923823,High Intensity Fire,70,Medium
10.01227,76.11787,322.96,90,2026-01-14,2136,6.52,3,True,330.90333333333336,92.33333333333333,32.93,Kochi Industrial Site 0217,Paper Mill,6.187729647013273,Persistent Non-Industrial Thermal Source,45,Low
18.39071,73.63707,338.76,89,2026-05-10,1629,3.9,1,False,338.76,89.0,3.9,Pune Industrial Site 0920,Industrial Estate,4.12018610994215,Other Thermal Anomaly,15,Low
28.55865,77.04191,357.51,86,2026-06-03,87,42.64,1,False,357.51,86.0,42.64,Gurugram Industrial Site 0519,Manufacturing Unit,1.0886744037393377,High Intensity Fire,40,Low
22.40895,73.64615,407.66,95,2026-03-23,864,36.54,4,True,391.73,95.0,267.26,Vadodara Industrial Site 0065,Chemical Plant,0.03402135828646763,Persistent Industrial Source,90,High
23.72308,87.33501,382.98,98,2026-04-23,1491,114.91,3,True,386.64000000000004,96.66666666666667,228.51999999999998,Durgapur Industrial Site 0272,Steel Plant,0.06607527411952742,Persistent Industrial Source,90,High
21.58882,74.77706,328.57,90,2026-09-01,1151,23.26,1,False,328.57,90.0,23.26,Indore Industrial Site 0014,Refinery,129.1201702297261,Other Thermal Anomaly,25,Low
12.88697,77.69639,324.55,74,2026-03-01,1580,5.65,1,False,324.55,74.0,5.65,Bengaluru Industrial Site 0821,Power Plant,3.491353610964455,Other Thermal Anomaly,0,Low
20.99785,86.94389,333.76,89,2026-05-10,1817,17.86,1,False,333.76,89.0,17.86,Bhubaneswar Industrial Site 0837,Paper Mill,97.35422729732989,Other Thermal Anomaly,15,Low
18.65314,73.87121,388.32,94,2026-05-06,712,47.9,1,False,388.32,94.0,47.9,Pune Industrial Site 0056,Textile Industry,0.00984331150133552,High Intensity Fire,70,Medium
26.14675,80.6522,397.94,97,2026-03-21,1868,66.46,1,False,397.94,97.0,66.46,Kanpur Industrial Site 0251,Power Plant,0.059403705100102684,High Intensity Fire,70,Medium
27.02236,75.56563,366.29,91,2026-07-31,753,78.52,1,False,366.29,91.0,78.52,Jaipur Industrial Site 0297,Paper Mill,4.723178911916094,High Intensity Fire,40,Low
26.1374,80.09882,327.92,85,2026-08-24,1018,8.04,1,False,327.92,85.0,8.04,Kanpur Industrial Site 0443,Cement Plant,23.23801881725072,Other Thermal Anomaly,15,Low
17.61646,83.54923,317.13,66,2026-07-29,2186,2.6,1,False,317.13,66.0,2.6,Visakhapatnam Industrial Site 0358,Thermal Power Plant,13.37006866112685,Other Thermal Anomaly,0,Low
23.46935,85.1675,327.51,86,2026-07-08,1439,7.76,2,False,331.46000000000004,86.0,27.810000000000002,Ranchi Industrial Site 0835,Chemical Plant,3.460867054684379,Other Thermal Anomaly,15,Low
19.80423,75.42511,393.05,100,2026-08-05,1767,84.36,1,False,393.05,100.0,84.36,Aurangabad Industrial Site 0092,Steel Plant,0.02909062015839399,High Intensity Fire,70,Medium
24.73379,85.0091,406.06,99,2026-02-17,167,60.41,2,False,389.25,95.5,154.26,Gaya Industrial Site 0178,Thermal Power Plant,0.03356990153887777,High Intensity Fire,70,Medium
26.48785,80.34606,397.87,93,2026-03-18,171,86.03,3,True,392.1333333333334,92.33333333333333,232.67000000000002,Kanpur Industrial Site 0011,Power Plant,0.03785847762514094,Persistent Industrial Source,90,High
18.40419,74.08679,376.63,97,2026-04-22,1242,65.96,3,True,383.95666666666665,97.66666666666667,280.42,Pune Industrial Site 0344,Refinery,0.04918734664781991,Persistent Industrial Source,90,High
19.57898,72.91782,403.35,99,2026-07-26,1164,32.06,2,False,402.27,97.0,113.57000000000001,Thane Industrial Site 0045,Chemical Plant,0.03831884461953969,High Intensity Fire,70,Medium
19.97684,75.45161,377.68,90,2026-03-24,102,33.15,1,False,377.68,90.0,33.15,Aurangabad Industrial Site 0668,Thermal Power Plant,6.03072175792847,High Intensity Fire,50,Medium
10.85414,77.11378,372.28,91,2026-07-24,1289,27.56,2,False,389.26,92.0,143.34,Coimbatore Industrial Site 0072,Steel Plant,0.05734539445783364,High Intensity Fire,70,Medium
26.13764,80.09873,344.61,91,2026-08-12,1645,8.14,1,False,344.61,91.0,8.14,Kanpur Industrial Site 0443,Cement Plant,23.22112882914658,Other Thermal Anomaly,25,Low
17.74813,83.33992,398.95,98,2026-03-13,875,54.52,3,True,396.81666666666666,97.33333333333333,238.34,Visakhapatnam Industrial Site 0022,Steel Plant,0.03240266150448548,Persistent Industrial Source,90,High
25.99922,81.76253,343.42,93,2026-01-10,1108,7.6,2,False,338.65,89.0,21.64,Lucknow Industrial Site 0394,Refinery,94.32046300461832,Other Thermal Anomaly,25,Low
31.3849,75.89753,339.18,59,2026-05-30,1759,11.52,1,False,339.18,59.0,11.52,Jalandhar Industrial Site 0334,Refinery,10.953084798104973,Other Thermal Anomaly,0,Low
21.36413,81.68782,399.08,100,2026-03-05,1983,25.73,3,True,383.47333333333336,97.0,172.01999999999998,Raipur Industrial Site 0031,Power Plant,0.05331080451920231,Persistent Industrial Source,90,High
28.84806,77.07151,373.81,91,2026-03-14,1855,47.24,1,False,373.81,91.0,47.24,Delhi Industrial Site 0721,Power Plant,10.044135919599338,High Intensity Fire,50,Medium
22.87377,86.42424,409.96,92,2026-06-03,563,118.35,2,False,397.72,95.0,204.82999999999998,Jamshedpur Industrial Site 0164,Refinery,0.07100761029270021,High Intensity Fire,70,Medium
21.32884,81.92592,312.52,60,2026-05-28,1043,0.8,1,False,312.52,60.0,0.8,Raipur Industrial Site 0271,Power Plant,13.254444643993573,Other Thermal Anomaly,0,Low
16.51982,80.41125,387.89,96,2026-01-29,2171,85.38,2,False,381.595,96.0,188.55,Vijayawada Industrial Site 0263,Cement Plant,0.012541722229445548,High Intensity Fire,70,Medium
23.39823,77.59262,381.91,89,2026-05-02,1694,62.49,1,False,381.91,89.0,62.49,Bhopal Industrial Site 0445,Chemical Plant,5.297966384357654,High Intensity Fire,40,Low
23.40006,87.59462,366.68,93,2026-01-02,1108,50.15,1,False,366.68,93.0,50.15,Durgapur Industrial Site 0032,Steel Plant,14.267502736710522,High Intensity Fire,40,Low
19.85485,73.7921,382.58,84,2026-02-28,603,17.7,1,False,382.58,84.0,17.7,Nashik Industrial Site 1051,Power Plant,6.251287710920343,High Intensity Fire,40,Low
31.17208,75.56439,378.06,84,2026-08-05,1085,22.36,1,False,378.06,84.0,22.36,Jalandhar Industrial Site 0238,Thermal Power Plant,5.877038962234442,High Intensity Fire,40,Low
28.73394,77.49826,372.45,96,2026-03-14,851,40.43,1,False,372.45,96.0,40.43,Delhi Industrial Site 0673,Cement Plant,10.216807186469035,High Intensity Fire,50,Medium
29.49794,78.41955,334.09,81,2026-02-26,735,18.03,1,False,334.09,81.0,18.03,Delhi Industrial Site 0097,Paper Mill,100.72015542372378,Other Thermal Anomaly,15,Low
26.40095,72.81675,375.76,97,2026-07-27,1311,54.3,2,False,384.625,95.0,96.72999999999999,Jodhpur Industrial Site 0030,Industrial Estate,0.06474786794198924,High Intensity Fire,70,Medium
23.3431,85.39389,382.99,99,2026-06-10,1401,107.83,1,False,382.99,99.0,107.83,Ranchi Industrial Site 0067,Paper Mill,0.0093000323111166,High Intensity Fire,70,Medium
23.43518,77.3749,384.32,98,2026-05-27,1916,40.47,3,True,387.74666666666667,98.33333333333333,169.48,Bhopal Industrial Site 0349,Manufacturing Unit,0.048119947894784645,Persistent Industrial Source,90,High
23.43397,85.27901,378.21,97,2026-02-25,113,93.47,2,False,390.04999999999995,95.5,123.48,Ranchi Industrial Site 0163,Cement Plant,0.023198261436763335,High Intensity Fire,70,Medium
21.26748,86.55873,344.83,95,2026-08-24,1545,12.85,1,False,344.83,95.0,12.85,Bhubaneswar Industrial Site 0837,Paper Mill,101.03063706324652,Other Thermal Anomaly,25,Low
26.02388,91.74912,408.14,94,2026-02-18,1026,41.28,3,True,406.0933333333333,95.0,244.76,Guwahati Industrial Site 0362,Steel Plant,0.044674799146765774,Persistent Industrial Source,90,High
30.11887,76.71539,344.56,95,2026-07-12,1324,23.54,2,False,340.73,95.0,45.06,Panipat Industrial Site 0287,Paper Mill,56.70409373752452,Other Thermal Anomaly,25,Low
28.49794,76.88213,392.04,94,2026-03-20,54,32.82,2,False,387.425,96.5,67.7,Gurugram Industrial Site 0279,Manufacturing Unit,0.04533918504774707,High Intensity Fire,70,Medium
28.45009,76.76115,407.81,97,2026-08-10,1268,99.25,4,True,395.24,95.75,294.57,Gurugram Industrial Site 0135,Chemical Plant,0.06208254924752005,Persistent Industrial Source,90,High
17.37881,78.70879,405.54,99,2026-03-23,2394,42.75,2,False,391.295,97.5,124.21,Hyderabad Industrial Site 0150,Industrial Estate,0.03381533961165262,High Intensity Fire,70,Medium
9.58492,76.0908,327.4,72,2026-05-05,88,14.4,1,False,327.4,72.0,14.4,Kochi Industrial Site 0697,Paper Mill,18.472100335588244,Other Thermal Anomaly,0,Low
21.00692,72.76705,388.52,100,2026-04-24,2387,33.96,3,True,387.02,97.0,240.41000000000003,Surat Industrial Site 0160,Industrial Estate,0.049600524490500765,Persistent Industrial Source,90,High
23.40786,74.04713,320.69,93,2026-05-02,1911,15.69,1,False,320.69,93.0,15.69,Ahmedabad Industrial Site 0055,Chemical Plant,108.7901436414971,Other Thermal Anomaly,25,Low
19.57925,72.91806,401.19,95,2026-02-15,2394,81.51,2,False,402.27,97.0,113.57000000000001,Thane Industrial Site 0045,Chemical Plant,0.05592511376118414,High Intensity Fire,70,Medium
24.78309,84.6907,303.53,58,2026-05-21,1548,4.29,1,False,303.53,58.0,4.29,Gaya Industrial Site 0082,Steel Plant,3.0826599225340185,Other Thermal Anomaly,0,Low
20.21314,82.57305,334.0,94,2026-08-08,642,5.88,2,False,327.875,91.0,13.43,Raipur Industrial Site 0991,Power Plant,116.18643474482681,Other Thermal Anomaly,25,Low
28.32363,73.60315,335.94,65,2026-03-26,1922,11.48,1,False,335.94,65.0,11.48,Bikaner Industrial Site 0605,Chemical Plant,16.017772626635963,Other Thermal Anomaly,0,Low
21.84981,73.8877,327.65,91,2026-08-31,2191,16.63,1,False,327.65,91.0,16.63,Vadodara Industrial Site 0305,Chemical Plant,57.5776243733008,Other Thermal Anomaly,25,Low
28.35824,77.3452,302.67,72,2026-07-01,1101,17.89,1,False,302.67,72.0,17.89,Noida Industrial Site 0520,Industrial Estate,2.4466674351868862,Other Thermal Anomaly,0,Low
12.97402,80.3608,383.69,99,2026-05-25,1090,99.15,1,False,383.69,99.0,99.15,Chennai Industrial Site 0148,Thermal Power Plant,0.06848214913039959,High Intensity Fire,70,Medium
29.39302,76.93232,382.61,90,2026-07-10,571,44.97,1,False,382.61,90.0,44.97,Panipat Industrial Site 0095,Chemical Plant,6.925885515757644,High Intensity Fire,50,Medium
19.7441,73.80705,330.2,40,2026-02-28,322,1.94,1,False,330.2,40.0,1.94,Nashik Industrial Site 1051,Power Plant,6.292267035695587,Other Thermal Anomaly,0,Low
22.38625,84.26821,343.11,84,2026-03-20,912,22.6,1,False,343.11,84.0,22.6,Ranchi Industrial Site 0739,Manufacturing Unit,120.26141600056116,Other Thermal Anomaly,15,Low
31.81298,75.06697,362.29,88,2026-01-15,1722,15.94,1,False,362.29,88.0,15.94,Amritsar Industrial Site 0220,Industrial Estate,8.366449065545593,High Intensity Fire,30,Low
10.09612,76.183,381.44,96,2026-05-01,2101,37.92,2,False,380.63,97.0,121.11,Kochi Industrial Site 0169,Manufacturing Unit,0.07783277074575846,High Intensity Fire,70,Medium
31.83306,74.78482,399.49,98,2026-09-08,2250,42.96,2,False,391.71500000000003,95.0,72.14,Amritsar Industrial Site 0172,Steel Plant,0.05831589994027324,High Intensity Fire,70,Medium
21.13493,78.97685,375.87,100,2026-07-27,446,92.98,1,False,375.87,100.0,92.98,Nagpur Industrial Site 0159,Manufacturing Unit,0.030772624012942208,High Intensity Fire,70,Medium
16.49215,80.72319,374.87,98,2026-04-02,1552,26.26,3,True,383.10999999999996,95.33333333333333,198.5,Vijayawada Industrial Site 0167,Paper Mill,0.03569442423078987,Persistent Industrial Source,90,High
17.41473,79.83354,325.91,89,2026-06-30,527,8.75,1,False,325.91,89.0,8.75,Vijayawada Industrial Site 0839,Manufacturing Unit,73.82444177896879,Other Thermal Anomaly,15,Low
19.55585,75.56988,402.07,97,2026-01-30,1297,36.75,1,False,402.07,97.0,36.75,Aurangabad Industrial Site 0332,Steel Plant,0.044232091472426543,High Intensity Fire,70,Medium
21.07889,81.49292,374.55,99,2026-01-19,741,114.77,2,False,385.39,95.0,164.53,Raipur Industrial Site 0319,Manufacturing Unit,0.03971413967495541,High Intensity Fire,70,Medium
9.19183,75.18709,326.34,94,2026-04-04,1082,7.45,1,False,326.34,94.0,7.45,Kochi Industrial Site 0553,Cement Plant,108.72877699093651,Other Thermal Anomaly,25,Low
29.29502,77.16191,373.5,92,2026-01-28,2295,25.94,3,True,393.1466666666667,96.0,129.94,Panipat Industrial Site 0047,Paper Mill,0.04464679464698113,Persistent Industrial Source,90,High
19.28434,74.44551,327.29,85,2026-03-16,2094,19.55,1,False,327.29,85.0,19.55,Nashik Industrial Site 0763,Cement Plant,54.89133918772355,Other Thermal Anomaly,15,Low
21.15599,78.99999,381.16,98,2026-04-03,1957,25.61,2,False,393.58000000000004,98.0,82.28999999999999,Nagpur Industrial Site 0351,Power Plant,0.01820294660780668,High Intensity Fire,70,Medium
23.18717,70.05843,341.63,90,2026-08-30,1699,23.06,1,False,341.63,90.0,23.06,Rajkot Industrial Site 0834,Refinery,94.80038002463161,Other Thermal Anomaly,25,Low
25.26644,85.89682,358.79,95,2026-08-24,2041,27.02,1,False,358.79,95.0,27.02,Begusarai Industrial Site 1139,Manufacturing Unit,12.866330321951118,High Intensity Fire,40,Low
20.61405,73.03199,408.97,94,2026-04-01,854,68.79,2,False,403.71500000000003,96.5,145.19,Vapi Industrial Site 0096,Textile Industry,0.044068481397860654,High Intensity Fire,70,Medium
31.54106,74.8728,389.3,99,2026-01-02,1825,31.3,3,True,386.71999999999997,99.33333333333333,170.5,Amritsar Industrial Site 0124,Refinery,0.021651878724921223,Persistent Industrial Source,90,High
22.64717,88.38222,386.11,96,2026-07-08,2103,76.35,3,True,386.09,95.0,210.66,Kolkata Industrial Site 0099,Manufacturing Unit,0.06069124836711785,Persistent Industrial Source,90,High
21.38987,73.03016,302.9,56,2026-04-05,1508,3.39,1,False,302.9,56.0,3.39,Surat Industrial Site 0928,Thermal Power Plant,8.226359965949277,Other Thermal Anomaly,0,Low
28.63794,77.373,407.31,96,2026-06-13,1850,60.15,3,True,397.65000000000003,98.66666666666667,171.52,Noida Industrial Site 0280,Industrial Estate,0.029800818448592083,Persistent Industrial Source,90,High
29.50235,77.20186,384.15,92,2026-05-05,1433,24.56,1,False,384.15,92.0,24.56,Panipat Industrial Site 0719,Manufacturing Unit,9.796830089993716,High Intensity Fire,50,Medium
23.1206,72.59228,351.67,91,2026-04-18,136,20.19,1,False,351.67,91.0,20.19,Ahmedabad Industrial Site 0151,Power Plant,4.0618970216624595,High Intensity Fire,40,Low
28.01297,74.85706,335.67,89,2026-08-13,2020,5.5,2,False,340.19,85.0,15.93,Jaipur Industrial Site 1161,Power Plant,114.28474680678713,Other Thermal Anomaly,15,Low
20.2024,80.49069,343.83,92,2026-08-06,1105,17.78,1,False,343.83,92.0,17.78,Raipur Industrial Site 0223,Cement Plant,122.26112129768892,Other Thermal Anomaly,25,Low
21.25289,73.00615,405.62,97,2026-04-16,411,80.72,1,False,405.62,97.0,80.72,Surat Industrial Site 0064,Refinery,0.07031529091289879,High Intensity Fire,70,Medium
9.96366,76.6048,327.03,70,2026-04-12,321,9.02,1,False,327.03,70.0,9.02,Kochi Industrial Site 0409,Manufacturing Unit,18.234845663473696,Other Thermal Anomaly,0,Low
19.71094,75.43713,380.13,98,2026-07-11,1326,88.43,1,False,380.13,98.0,88.43,Aurangabad Industrial Site 0284,Refinery,0.050359675385638965,High Intensity Fire,70,Medium
25.1397,74.07172,327.68,93,2026-02-02,353,13.55,1,False,327.68,93.0,13.55,Jodhpur Industrial Site 0174,Refinery,124.29417009821937,Other Thermal Anomaly,25,Low
22.96353,70.11019,329.88,87,2026-06-23,1566,3.17,1,False,334.425,88.0,27.0,Rajkot Industrial Site 0834,Refinery,71.66909385347125,Other Thermal Anomaly,15,Low
19.04572,76.30811,326.75,85,2026-08-07,1833,8.16,1,False,326.75,85.0,8.16,Aurangabad Industrial Site 0332,Steel Plant,95.9864716139324,Other Thermal Anomaly,15,Low
19.2489,72.47902,378.95,97,2026-09-20,1715,35.76,2,False,377.995,94.0,89.24,Mumbai Industrial Site 0050,Industrial Estate,0.04622364807766634,High Intensity Fire,70,Medium
31.24783,74.93011,397.64,94,2026-07-05,1436,86.36,2,False,393.11,95.5,183.75,Amritsar Industrial Site 0076,Textile Industry,0.012569363066531473,High Intensity Fire,70,Medium
19.19845,74.78922,332.07,86,2026-02-25,515,4.75,1,False,332.07,86.0,4.75,Aurangabad Industrial Site 0812,Steel Plant,58.12928674667764,Other Thermal Anomaly,15,Low
22.29113,73.39943,344.1,86,2026-09-15,1562,12.92,1,False,344.1,86.0,12.92,Vadodara Industrial Site 0449,Manufacturing Unit,9.19749958149793,Other Thermal Anomaly,15,Low
25.72404,86.09794,383.78,100,2026-01-31,1060,40.52,1,False,383.78,100.0,40.52,Begusarai Industrial Site 0371,Power Plant,0.0128174550176446,High Intensity Fire,70,Medium
25.36216,76.00854,335.27,70,2026-03-10,378,4.75,1,False,335.27,70.0,4.75,Kota Industrial Site 0953,Cement Plant,8.347927367479112,Other Thermal Anomaly,0,Low
26.29898,80.64282,391.49,96,2026-01-21,2378,86.07,4,True,395.615,94.75,335.59,Kanpur Industrial Site 0347,Paper Mill,0.04461532318859168,Persistent Industrial Source,90,High
22.5805,85.30606,335.09,86,2026-06-12,1825,4.16,2,False,329.275,88.5,11.39,Ranchi Industrial Site 0019,Manufacturing Unit,59.034297317665754,Other Thermal Anomaly,15,Low
23.43325,85.40392,389.01,95,2026-08-07,534,32.06,1,False,389.01,95.0,32.06,Ranchi Industrial Site 0307,Paper Mill,0.0640310908926657,High Intensity Fire,70,Medium
27.03652,77.95732,381.68,97,2026-04-26,2354,44.29,1,False,381.68,97.0,44.29,Agra Industrial Site 0906,Textile Industry,2.4458140417210164,High Intensity Fire,50,Medium
26.56995,80.23381,401.98,95,2026-06-23,1209,75.98,1,False,401.98,95.0,75.98,Kanpur Industrial Site 0203,Cement Plant,0.051302713750753084,High Intensity Fire,70,Medium
25.65315,85.38786,397.39,91,2026-08-15,2394,61.27,3,True,388.5533333333333,92.33333333333333,183.43,Patna Industrial Site 0204,Refinery,0.05334912427319714,Persistent Industrial Source,90,High
23.6987,87.29864,332.37,75,2026-09-10,188,10.45,1,False,332.37,75.0,10.45,Durgapur Industrial Site 0272,Steel Plant,4.523391001242118,Other Thermal Anomaly,0,Low
22.71844,88.33954,385.23,85,2026-09-16,353,23.88,1,False,385.23,85.0,23.88,Kolkata Industrial Site 0387,Paper Mill,7.984879414843353,High Intensity Fire,40,Low
20.28707,73.73677,399.47,96,2026-01-03,2279,91.18,2,False,389.07500000000005,94.5,134.26,Nashik Industrial Site 0379,Manufacturing Unit,0.05571982042827077,High Intensity Fire,70,Medium
27.22605,78.09781,404.46,91,2026-05-29,2175,27.59,1,False,404.46,91.0,27.59,Agra Industrial Site 0378,Thermal Power Plant,0.03306016461322409,High Intensity Fire,70,Medium
21.45704,72.71205,382.17,96,2026-07-31,1314,79.27,2,False,377.24,95.0,117.74,Surat Industrial Site 0256,Textile Industry,0.026766924999065748,High Intensity Fire,70,Medium
27.07076,72.19019,332.96,83,2026-02-20,2105,23.03,1,False,332.96,83.0,23.03,Jodhpur Industrial Site 0414,Refinery,83.92590026609182,Other Thermal Anomaly,15,Low
22.09982,73.50894,338.44,59,2026-04-30,1768,1.44,1,False,338.44,59.0,1.44,Vadodara Industrial Site 0305,Chemical Plant,14.719289184650643,Other Thermal Anomaly,0,Low
21.45705,72.71189,372.31,94,2026-07-22,1282,38.47,2,False,377.24,95.0,117.74,Surat Industrial Site 0256,Textile Industry,0.031639682844418905,High Intensity Fire,70,Medium
30.82301,75.87478,384.35,98,2026-02-19,754,48.75,3,True,392.6233333333333,94.66666666666667,232.09,Ludhiana Industrial Site 0219,Manufacturing Unit,0.03856868222758431,Persistent Industrial Source,90,High
23.68282,84.30718,328.1,94,2026-03-08,58,8.45,1,False,328.1,94.0,8.45,Ranchi Industrial Site 0595,Chemical Plant,79.27233835178728,Other Thermal Anomaly,25,Low
22.93477,77.49212,324.52,63,2026-08-17,1147,11.3,1,False,324.52,63.0,11.3,Bhopal Industrial Site 0973,Cement Plant,4.8738735790221295,Other Thermal Anomaly,0,Low
31.14801,75.51013,394.05,91,2026-07-23,1208,91.45,2,False,395.695,92.0,123.24000000000001,Jalandhar Industrial Site 0238,Thermal Power Plant,0.06453690880496118,High Intensity Fire,70,Medium
18.40407,74.0869,376.65,99,2026-04-26,2072,116.59,3,True,383.95666666666665,97.66666666666667,280.42,Pune Industrial Site 0344,Refinery,0.045974139483366754,Persistent Industrial Source,90,High
23.59556,86.14667,326.72,76,2026-02-13,2031,11.98,1,False,326.72,76.0,11.98,Bokaro Industrial Site 0517,Paper Mill,5.2713571812725375,Other Thermal Anomaly,0,Low
19.90504,75.39555,327.05,49,2026-07-18,779,2.34,1,False,327.05,49.0,2.34,Aurangabad Industrial Site 1100,Industrial Estate,2.9731090130497706,Other Thermal Anomaly,0,Low
22.35387,75.71919,384.75,99,2026-08-12,619,105.98,1,False,384.75,99.0,105.98,Indore Industrial Site 0014,Refinery,0.08610164695283913,High Intensity Fire,70,Medium
18.91482,72.71114,387.47,96,2026-08-07,1648,36.06,4,True,396.17,95.25,226.06,Thane Industrial Site 0093,Cement Plant,0.05019376177656126,Persistent Industrial Source,90,High
22.46801,76.03752,311.88,40,2026-08-21,673,8.02,1,False,311.88,40.0,8.02,Indore Industrial Site 0494,Refinery,10.12572976583829,Other Thermal Anomaly,0,Low
26.77928,75.66603,360.8,97,2026-01-30,256,64.27,1,False,360.8,97.0,64.27,Jaipur Industrial Site 0057,Paper Mill,4.9678008780388305,High Intensity Fire,40,Low
25.05324,76.06402,408.39,96,2026-01-26,1153,114.26,1,False,408.39,96.0,114.26,Kota Industrial Site 0185,Chemical Plant,0.006327971865531295,High Intensity Fire,70,Medium
20.97006,79.3098,376.58,92,2026-02-08,188,87.19,2,False,392.395,92.0,127.25999999999999,Nagpur Industrial Site 0255,Chemical Plant,0.044297879615230254,High Intensity Fire,70,Medium
17.4029,78.2812,347.88,64,2026-01-08,2369,1.99,1,False,347.88,64.0,1.99,Hyderabad Industrial Site 0054,Refinery,2.9067662664208602,Other Thermal Anomaly,0,Low
20.45385,85.6002,387.19,99,2026-05-29,620,30.44,1,False,387.19,99.0,30.44,Bhubaneswar Industrial Site 0357,Paper Mill,0.029376241371348085,High Intensity Fire,70,Medium
24.79769,86.07406,323.24,82,2026-06-05,2130,12.79,2,False,329.475,82.0,17.24,Begusarai Industrial Site 0227,Paper Mill,42.47424886420873,Other Thermal Anomaly,15,Low
13.07391,77.75101,360.7,99,2026-05-25,1414,32.86,1,False,360.7,99.0,32.86,Bengaluru Industrial Site 1157,Paper Mill,10.968299108514374,High Intensity Fire,40,Low
27.0002,80.94378,405.09,98,2026-07-01,959,46.17,5,True,399.762,94.6,319.91,Lucknow Industrial Site 0346,Textile Industry,0.07467782717653534,Persistent Industrial Source,100,High
29.13887,77.01399,372.21,96,2026-07-17,370,105.0,3,True,380.9533333333333,95.66666666666667,284.34000000000003,Panipat Industrial Site 0143,Cement Plant,0.03810135729215953,Persistent Industrial Source,90,High
22.9475,86.46967,313.74,36,2026-05-03,759,2.86,1,False,313.74,36.0,2.86,Jamshedpur Industrial Site 0164,Refinery,9.385565879996738,Other Thermal Anomaly,0,Low
21.22761,81.56994,365.2,87,2026-07-13,417,23.45,1,False,365.2,87.0,23.45,Raipur Industrial Site 0463,Cement Plant,5.861676126884747,High Intensity Fire,30,Low
28.82817,77.55182,378.05,98,2026-04-30,1003,60.8,1,False,378.05,98.0,60.8,Noida Industrial Site 0232,Steel Plant,0.04103554256204717,High Intensity Fire,70,Medium
22.69509,75.94917,381.72,91,2026-01-08,2174,78.8,1,False,381.72,91.0,78.8,Indore Industrial Site 0398,Thermal Power Plant,0.051190798628536746,High Intensity Fire,70,Medium
22.50009,88.47287,382.23,92,2026-05-26,327,74.24,3,True,384.73333333333335,94.0,237.32,Kolkata Industrial Site 0291,Power Plant,0.052662687313753336,Persistent Industrial Source,90,High
23.03924,69.74467,338.02,83,2026-03-28,640,19.64,3,True,335.57,85.33333333333333,45.42,Rajkot Industrial Site 0834,Refinery,104.92495498301616,Persistent Non-Industrial Thermal Source,35,Low
13.26302,80.5633,371.9,96,2026-04-22,1702,36.47,1,False,371.9,96.0,36.47,Chennai Industrial Site 1012,Steel Plant,10.03149036117831,High Intensity Fire,50,Medium
21.17892,71.96109,326.25,87,2026-07-01,90,12.77,1,False,326.25,87.0,12.77,Surat Industrial Site 0016,Textile Industry,58.46810603372419,Other Thermal Anomaly,15,Low
21.32538,71.7685,335.56,87,2026-03-29,2284,13.64,1,False,335.56,87.0,13.64,Surat Industrial Site 0544,Refinery,79.0479246496296,Other Thermal Anomaly,15,Low
10.71876,77.00122,405.55,96,2026-02-28,662,56.1,2,False,405.62,93.5,147.64000000000001,Coimbatore Industrial Site 0120,Industrial Estate,0.09415929476332374,High Intensity Fire,70,Medium
19.41379,73.05583,397.38,96,2026-06-11,685,75.31,1,False,397.38,96.0,75.31,Thane Industrial Site 0333,Cement Plant,0.049337443237237454,High Intensity Fire,70,Medium
16.92866,82.35721,333.42,89,2026-04-25,161,11.6,1,False,333.42,89.0,11.6,Visakhapatnam Industrial Site 1126,Textile Industry,103.7621404531421,Other Thermal Anomaly,15,Low
23.31169,87.04792,333.76,65,2026-01-28,805,4.13,1,False,333.76,65.0,4.13,Durgapur Industrial Site 0656,Textile Industry,6.309290264426883,Other Thermal Anomaly,0,Low
22.83921,86.09667,371.88,87,2026-07-03,2007,26.47,1,False,371.88,87.0,26.47,Jamshedpur Industrial Site 0932,Steel Plant,1.4533661887418283,High Intensity Fire,50,Medium
30.94326,75.81303,389.71,96,2026-01-09,1936,59.38,1,False,389.71,96.0,59.38,Ludhiana Industrial Site 0939,Manufacturing Unit,2.795832062005036,High Intensity Fire,50,Medium
29.62912,76.75142,327.44,68,2026-08-05,403,17.61,1,False,327.44,68.0,17.61,Panipat Industrial Site 0383,Cement Plant,6.720596150056225,Other Thermal Anomaly,0,Low
22.5805,85.306,323.46,91,2026-07-06,1887,7.23,2,False,329.275,88.5,11.39,Ranchi Industrial Site 0019,Manufacturing Unit,59.034371382335955,Other Thermal Anomaly,25,Low
10.22748,76.57806,328.51,59,2026-02-23,45,0.52,1,False,328.51,59.0,0.52,Kochi Industrial Site 1033,Cement Plant,18.264287465963836,Other Thermal Anomaly,0,Low
19.32567,72.5824,383.49,83,2026-05-23,2292,54.61,1,False,383.49,83.0,54.61,Mumbai Industrial Site 0770,Industrial Estate,13.176526069106098,High Intensity Fire,40,Low
22.23199,73.5109,393.51,92,2026-09-13,1884,25.43,2,False,394.21500000000003,95.0,142.52,Vadodara Industrial Site 0305,Chemical Plant,0.023500947946787094,High Intensity Fire,70,Medium
23.266,77.31992,395.37,91,2026-02-16,1815,29.63,2,False,389.67,93.0,119.05,Bhopal Industrial Site 0157,Paper Mill,0.04738772114938057,High Intensity Fire,70,Medium
27.84795,73.23216,387.99,100,2026-01-22,730,92.03,3,True,381.7633333333333,95.66666666666667,212.64,Bikaner Industrial Site 0173,Cement Plant,0.017732044507509252,Persistent Industrial Source,90,High
20.30557,73.44244,345.89,57,2026-05-21,1918,13.82,1,False,345.89,57.0,13.82,Nashik Industrial Site 0811,Power Plant,19.163508526842083,Other Thermal Anomaly,0,Low
17.60494,78.54589,385.08,91,2026-08-26,74,118.08,3,True,391.5366666666667,95.33333333333333,281.09,Hyderabad Industrial Site 0006,Textile Industry,0.022941171230566357,Persistent Industrial Source,90,High
9.64984,76.67385,401.95,95,2026-08-24,1880,65.33,2,False,401.58,97.5,118.28,Kochi Industrial Site 0265,Chemical Plant,0.05033460215225422,High Intensity Fire,70,Medium
22.30061,70.77233,360.82,92,2026-08-08,1728,69.73,1,False,360.82,92.0,69.73,Rajkot Industrial Site 0210,Industrial Estate,3.1272350665063366,High Intensity Fire,40,Low
23.05713,77.24118,406.26,100,2026-07-21,2208,95.6,3,True,395.0,96.33333333333333,261.65,Bhopal Industrial Site 0205,Chemical Plant,0.018069677902119316,Persistent Industrial Source,90,High
28.28104,76.85492,406.4,99,2026-09-13,322,33.1,3,True,399.1666666666667,98.0,105.61000000000001,Gurugram Industrial Site 0231,Power Plant,0.049238676472251025,Persistent Industrial Source,90,High
20.16608,73.69401,402.36,93,2026-08-15,1877,112.17,1,False,402.36,93.0,112.17,Nashik Industrial Site 0283,Cement Plant,0.049959231027711604,High Intensity Fire,70,Medium
29.51819,77.02304,370.85,86,2026-07-19,140,38.21,1,False,370.85,86.0,38.21,Panipat Industrial Site 1151,Power Plant,3.560636750429248,High Intensity Fire,40,Low
29.45481,76.93405,387.2,95,2026-02-08,1529,98.45,3,True,383.3666666666666,95.66666666666667,278.5,Panipat Industrial Site 0095,Chemical Plant,0.05442581203856414,Persistent Industrial Source,90,High
25.42023,86.57944,365.71,82,2026-02-09,1677,72.25,1,False,365.71,82.0,72.25,Munger Industrial Site 0036,Textile Industry,7.130008126930835,High Intensity Fire,30,Low
21.35573,78.95226,357.56,96,2026-01-17,1718,52.54,1,False,357.56,96.0,52.54,Nagpur Industrial Site 0399,Manufacturing Unit,14.205660456123073,High Intensity Fire,40,Low
28.50224,77.15394,343.01,49,2026-07-04,2278,6.68,1,False,343.01,49.0,6.68,Delhi Industrial Site 0433,Cement Plant,1.2228329610946436,Other Thermal Anomaly,10,Low
18.02939,72.19533,327.88,93,2026-08-15,1809,5.78,1,False,327.88,93.0,5.78,Mumbai Industrial Site 0722,Steel Plant,100.58169604816254,Other Thermal Anomaly,25,Low
26.74394,75.59708,400.93,98,2026-04-14,178,37.94,1,False,400.93,98.0,37.94,Jaipur Industrial Site 0153,Cement Plant,0.06724251751756832,High Intensity Fire,70,Medium
20.07784,73.73656,370.51,95,2026-09-14,1362,42.32,1,False,370.51,95.0,42.32,Nashik Industrial Site 0283,Cement Plant,10.806002836301351,High Intensity Fire,50,Medium
26.95778,80.83288,401.73,97,2026-09-15,1367,108.99,2,False,395.09000000000003,97.0,206.31,Lucknow Industrial Site 0154,Refinery,0.07796912442252245,High Intensity Fire,70,Medium
22.61522,75.8288,399.45,94,2026-02-13,2146,75.32,1,False,399.45,94.0,75.32,Indore Industrial Site 0062,Steel Plant,0.016594016557946074,High Intensity Fire,70,Medium
19.23935,73.01093,343.59,95,2026-02-21,2387,12.53,1,False,343.59,95.0,12.53,Thane Industrial Site 1005,Chemical Plant,5.230229889136832,Other Thermal Anomaly,25,Low
26.75084,75.62723,405.78,100,2026-04-05,946,57.2,2,False,404.75,95.5,169.62,Jaipur Industrial Site 0057,Paper Mill,0.06759709449866723,High Intensity Fire,70,Medium
18.42391,73.69897,403.88,91,2026-03-12,1621,64.22,4,True,398.5325,93.5,323.91,Pune Industrial Site 0008,Thermal Power Plant,0.07946056573295632,Persistent Industrial Source,90,High
20.51425,85.57818,386.52,99,2026-07-18,1996,71.5,5,True,385.956,96.2,451.33,Bhubaneswar Industrial Site 0213,Cement Plant,0.04714151660475556,Persistent Industrial Source,100,High
22.04454,80.19017,326.94,83,2026-02-16,2,10.58,1,False,326.94,83.0,10.58,Nagpur Industrial Site 1071,Power Plant,119.94052514160038,Other Thermal Anomaly,15,Low
11.27498,76.63431,321.26,47,2026-05-18,1533,0.52,1,False,321.26,47.0,0.52,Coimbatore Industrial Site 0264,Refinery,17.214423388693138,Other Thermal Anomaly,0,Low
12.19344,78.51079,330.78,93,2026-08-29,276,24.16,1,False,330.78,93.0,24.16,Bengaluru Industrial Site 0341,Power Plant,112.84771743128852,Other Thermal Anomaly,25,Low
20.51399,85.57794,394.98,94,2026-06-28,2,86.77,5,True,385.956,96.2,451.33,Bhubaneswar Industrial Site 0213,Cement Plant,0.04349717757617069,Persistent Industrial Source,100,High
28.85559,77.37457,332.44,49,2026-01-31,643,6.42,1,False,332.44,49.0,6.42,Delhi Industrial Site 0481,Power Plant,5.425410598130587,Other Thermal Anomaly,0,Low
27.4451,77.9688,377.52,100,2026-03-03,2111,52.13,1,False,377.52,100.0,52.13,Agra Industrial Site 0186,Textile Industry,0.04843867690678744,High Intensity Fire,70,Medium
22.57242,72.84531,302.26,54,2026-09-19,581,13.85,1,False,302.26,54.0,13.85,Vadodara Industrial Site 1169,Manufacturing Unit,23.442064272345586,Other Thermal Anomaly,0,Low
19.80899,71.75677,344.35,80,2026-06-27,1736,3.76,1,False,344.35,80.0,3.76,Mumbai Industrial Site 0050,Industrial Estate,97.9731155614805,Other Thermal Anomaly,15,Low
25.16778,85.97103,400.96,93,2026-07-01,287,103.58,1,False,400.96,93.0,103.58,Begusarai Industrial Site 0227,Paper Mill,0.05565979455951061,High Intensity Fire,70,Medium
19.11093,72.71367,382.29,82,2026-08-05,107,51.36,1,False,382.29,82.0,51.36,Mumbai Industrial Site 0914,Refinery,5.272545557275822,High Intensity Fire,40,Low
26.31393,91.7599,391.99,95,2026-05-06,932,54.52,1,False,391.99,95.0,54.52,Guwahati Industrial Site 0266,Textile Industry,0.01286482070378295,High Intensity Fire,70,Medium
10.73925,76.91617,344.98,44,2026-03-04,197,16.9,1,False,344.98,44.0,16.9,Coimbatore Industrial Site 0120,Industrial Estate,9.479066493261014,Other Thermal Anomaly,0,Low
27.96025,76.89841,332.97,94,2026-08-17,864,20.75,1,False,332.97,94.0,20.75,Delhi Industrial Site 0241,Power Plant,33.46270148632955,Other Thermal Anomaly,25,Low
23.88191,86.97582,382.97,97,2026-07-17,238,51.03,2,False,389.03,96.0,97.99000000000001,Asansol Industrial Site 0033,Cement Plant,0.05883542665517001,High Intensity Fire,70,Medium
23.64682,87.1355,335.93,64,2026-06-14,177,15.63,1,False,335.93,64.0,15.63,Durgapur Industrial Site 0176,Textile Industry,1.2947968429273902,Other Thermal Anomaly,10,Low
22.63172,86.22925,325.48,87,2026-09-01,290,23.99,2,False,331.63,87.0,32.269999999999996,Jamshedpur Industrial Site 0788,Thermal Power Plant,9.139458367632987,Other Thermal Anomaly,15,Low
10.05613,76.30676,407.95,98,2026-02-10,1681,51.0,2,False,391.83,97.0,113.39,Kochi Industrial Site 0313,Cement Plant,0.06778684683088582,High Intensity Fire,70,Medium
17.75144,83.1851,376.15,99,2026-08-31,1766,60.11,1,False,376.15,99.0,60.11,Visakhapatnam Industrial Site 0214,Refinery,4.238218703258767,High Intensity Fire,50,Medium
20.16698,72.97379,404.55,100,2026-04-14,2008,34.16,1,False,404.55,100.0,34.16,Vapi Industrial Site 0336,Textile Industry,0.04423367166454625,High Intensity Fire,70,Medium
19.24893,72.47897,377.04,91,2026-08-13,971,53.48,2,False,377.995,94.0,89.24,Mumbai Industrial Site 0050,Industrial Estate,0.04000919142431071,High Intensity Fire,70,Medium
21.00701,72.76708,399.84,95,2026-08-09,2065,99.9,3,True,387.02,97.0,240.41000000000003,Surat Industrial Site 0160,Industrial Estate,0.050270848620133424,Persistent Industrial Source,90,High
22.96368,70.11005,338.97,89,2026-06-23,1855,23.83,1,False,334.425,88.0,27.0,Rajkot Industrial Site 0834,Refinery,71.69108574221582,Other Thermal Anomaly,15,Low
17.37878,78.70905,377.05,96,2026-01-26,2016,81.46,2,False,391.295,97.5,124.21,Hyderabad Industrial Site 0150,Industrial Estate,0.021549237943336803,High Intensity Fire,70,Medium
16.38505,80.61905,381.8,98,2026-09-16,2282,69.63,1,False,381.8,98.0,69.63,Vijayawada Industrial Site 0119,Manufacturing Unit,0.050188439721882715,High Intensity Fire,70,Medium
23.59485,86.73924,374.82,95,2026-06-20,2083,61.53,2,False,388.28,93.0,99.42,Asansol Industrial Site 0369,Manufacturing Unit,0.058045398112329435,High Intensity Fire,70,Medium
30.26889,77.94547,320.18,93,2026-04-20,54,14.73,1,False,320.18,93.0,14.73,Panipat Industrial Site 0239,Manufacturing Unit,95.23625402530828,Other Thermal Anomaly,25,Low
18.39814,72.18936,331.51,80,2026-05-03,1178,9.02,2,False,332.645,85.5,24.619999999999997,Mumbai Industrial Site 0722,Steel Plant,69.50613360252143,Other Thermal Anomaly,15,Low
23.42801,86.13614,384.68,95,2026-01-23,591,25.43,5,True,383.502,94.4,264.99,Bokaro Industrial Site 0133,Cement Plant,0.012190517616246645,Persistent Industrial Source,100,High
31.65308,75.06825,330.98,80,2026-03-12,1250,17.93,2,False,337.70000000000005,83.0,37.84,Amritsar Industrial Site 1084,Refinery,11.830035491093108,Other Thermal Anomaly,15,Low
28.49986,77.30691,387.68,93,2026-01-20,1648,46.61,1,False,387.68,93.0,46.61,Delhi Industrial Site 0337,Paper Mill,0.05526125326582219,High Intensity Fire,70,Medium
26.02387,91.74923,403.31,99,2026-01-01,492,118.98,3,True,406.0933333333333,95.0,244.76,Guwahati Industrial Site 0362,Steel Plant,0.035878629598745236,Persistent Industrial Source,90,High
25.36201,86.29016,361.81,85,2026-02-13,760,44.68,1,False,361.81,85.0,44.68,Munger Industrial Site 1092,Steel Plant,2.3872665173900054,High Intensity Fire,30,Low
26.86798,80.751,402.89,99,2026-04-15,543,110.82,2,False,396.875,96.0,171.89999999999998,Lucknow Industrial Site 0298,Thermal Power Plant,0.03999495852272658,High Intensity Fire,70,Medium
30.2859,76.47607,327.97,84,2026-08-21,2233,10.0,1,False,327.97,84.0,10.0,Ludhiana Industrial Site 1083,Cement Plant,56.552592019350904,Other Thermal Anomaly,15,Low
23.04024,77.57409,405.19,91,2026-07-08,1505,118.93,3,True,395.48,94.0,251.29000000000002,Bhopal Industrial Site 0301,Power Plant,0.028994160454777543,Persistent Industrial Source,90,High
26.29923,80.64296,400.71,92,2026-07-09,2228,70.12,4,True,395.615,94.75,335.59,Kanpur Industrial Site 0347,Paper Mill,0.04160557739542978,Persistent Industrial Source,90,High
26.08903,91.64695,369.1,99,2026-06-15,2193,18.1,1,False,369.1,99.0,18.1,Guwahati Industrial Site 0458,Thermal Power Plant,3.2536871430389622,High Intensity Fire,40,Low
23.12802,72.27999,375.76,94,2026-08-12,1365,90.03,3,True,384.35999999999996,94.66666666666667,242.57,Ahmedabad Industrial Site 0391,Power Plant,0.04725866152704103,Persistent Industrial Source,90,High
17.4762,73.02266,329.82,80,2026-07-08,311,3.2,1,False,329.82,80.0,3.2,Pune Industrial Site 0488,Thermal Power Plant,108.67003810265903,Other Thermal Anomaly,15,Low
20.00604,73.65194,405.4,96,2026-08-13,1559,52.18,2,False,389.225,94.0,88.82,Nashik Industrial Site 0235,Chemical Plant,0.062469614125935796,High Intensity Fire,70,Medium
27.18801,78.08379,385.45,92,2026-01-07,1239,116.58,1,False,385.45,92.0,116.58,Agra Industrial Site 0282,Steel Plant,0.032658976882214336,High Intensity Fire,70,Medium
12.87822,77.55696,373.97,97,2026-07-16,1893,64.59,3,True,381.42,95.33333333333333,171.46,Bengaluru Industrial Site 0005,Chemical Plant,0.0508758594735175,Persistent Industrial Source,90,High
21.28693,78.83702,390.96,95,2026-02-13,925,73.3,2,False,399.815,94.5,128.66,Nagpur Industrial Site 0399,Manufacturing Unit,0.044670633427834665,High Intensity Fire,70,Medium
26.44859,79.05954,327.67,93,2026-06-03,1299,18.3,1,False,327.67,93.0,18.3,Agra Industrial Site 1002,Steel Plant,73.81017709702506,Other Thermal Anomaly,25,Low
19.75625,75.69388,395.93,98,2026-07-01,324,114.63,4,True,401.86,95.75,327.57,Aurangabad Industrial Site 0236,Textile Industry,0.030810480643854183,Persistent Industrial Source,90,High
21.27976,81.80924,394.29,100,2026-04-20,316,110.26,1,False,394.29,100.0,110.26,Raipur Industrial Site 0271,Power Plant,0.03156265882739628,High Intensity Fire,70,Medium
22.04454,80.19057,332.6,91,2026-08-06,1644,5.89,1,False,332.6,91.0,5.89,Nagpur Industrial Site 1071,Power Plant,119.97489010014505,Other Thermal Anomaly,25,Low
22.67975,72.79807,314.65,39,2026-06-08,2256,3.64,1,False,314.65,39.0,3.64,Ahmedabad Industrial Site 0103,Cement Plant,19.53421328873522,Other Thermal Anomaly,0,Low
25.24549,92.74798,324.67,95,2026-03-15,796,15.06,1,False,324.67,95.0,15.06,Guwahati Industrial Site 0890,Industrial Estate,89.98384326630988,Other Thermal Anomaly,25,Low
16.39176,80.58987,391.44,97,2026-07-01,1378,58.5,2,False,391.945,96.5,123.55,Vijayawada Industrial Site 0071,Power Plant,0.04903167246531014,High Intensity Fire,70,Medium
28.45018,76.76101,382.63,91,2026-08-18,1254,69.74,4,True,395.24,95.75,294.57,Gurugram Industrial Site 0135,Chemical Plant,0.04795698656317846,Persistent Industrial Source,90,High
30.74918,75.82683,378.84,99,2026-03-13,1223,38.89,2,False,376.065,98.0,116.93,Ludhiana Industrial Site 0123,Cement Plant,0.03206801331533118,High Intensity Fire,70,Medium
17.24606,81.34332,325.61,85,2026-02-26,478,5.84,1,False,325.61,85.0,5.84,Vijayawada Industrial Site 0599,Manufacturing Unit,75.22608497223379,Other Thermal Anomaly,15,Low
23.42788,86.13606,373.73,94,2026-03-03,919,118.97,5,True,383.502,94.4,264.99,Bokaro Industrial Site 0133,Cement Plant,0.021225351464716668,Persistent Industrial Source,100,High
20.21119,75.40664,331.59,70,2026-07-16,2359,4.13,1,False,331.59,70.0,4.13,Aurangabad Industrial Site 0908,Thermal Power Plant,18.945697110116665,Other Thermal Anomaly,0,Low
20.36847,85.77242,368.62,97,2026-02-20,1772,75.93,1,False,368.62,97.0,75.93,Bhubaneswar Industrial Site 0645,Chemical Plant,4.918137019708028,High Intensity Fire,40,Low
27.0002,80.94393,401.25,94,2026-05-05,1003,33.23,5,True,399.762,94.6,319.91,Lucknow Industrial Site 0346,Textile Industry,0.06840042616667653,Persistent Industrial Source,100,High
20.13635,75.09456,336.65,59,2026-07-01,1582,3.54,1,False,336.65,59.0,3.54,Aurangabad Industrial Site 0764,Refinery,14.747868098751471,Other Thermal Anomaly,0,Low
25.67982,86.30616,395.36,95,2026-07-01,1959,65.97,2,False,386.555,96.5,132.14,Begusarai Industrial Site 0035,Chemical Plant,0.06090285984363911,High Intensity Fire,70,Medium
27.33182,77.76214,383.8,92,2026-02-09,1546,45.27,1,False,383.8,92.0,45.27,Agra Industrial Site 0138,Thermal Power Plant,0.0718504647314752,High Intensity Fire,70,Medium
26.73904,80.94759,325.87,70,2026-05-03,1790,5.72,1,False,325.87,70.0,5.72,Lucknow Industrial Site 0922,Steel Plant,6.449892977852086,Other Thermal Anomaly,0,Low
24.63411,84.95693,399.26,95,2026-07-30,1308,102.15,3,True,382.83,97.33333333333333,218.11,Gaya Industrial Site 0130,Industrial Estate,0.06438842169003586,Persistent Industrial Source,90,High
17.49765,83.49411,363.69,85,2026-02-27,294,57.26,1,False,363.69,85.0,57.26,Visakhapatnam Industrial Site 1030,Industrial Estate,19.09746931390949,High Intensity Fire,30,Low
25.70574,85.98181,341.02,70,2026-06-19,25,2.2,1,False,341.02,70.0,2.2,Begusarai Industrial Site 0275,Chemical Plant,10.417526668231659,Other Thermal Anomaly,0,Low
21.42965,79.07714,379.14,96,2026-02-21,1549,48.83,1,False,379.14,96.0,48.83,Nagpur Industrial Site 1071,Power Plant,15.329259967907415,High Intensity Fire,50,Medium
28.47899,77.36124,379.44,91,2026-07-24,2394,33.01,1,False,379.44,91.0,33.01,Noida Industrial Site 0088,Thermal Power Plant,0.012494606789052117,High Intensity Fire,70,Medium
29.36716,77.01918,379.9,91,2026-02-23,1991,99.68,3,True,381.71,94.0,286.03000000000003,Panipat Industrial Site 0335,Chemical Plant,0.02575787389830752,Persistent Industrial Source,90,High
26.27547,91.74879,360.2,86,2026-04-28,2000,23.39,1,False,360.2,86.0,23.39,Guwahati Industrial Site 0266,Textile Industry,4.430487061462774,High Intensity Fire,30,Low
20.16205,85.84312,406.64,96,2026-07-29,2221,87.51,3,True,407.00666666666666,97.66666666666667,241.07999999999998,Bhubaneswar Industrial Site 0021,Power Plant,0.023603372447884557,Persistent Industrial Source,90,High
25.68003,86.30576,377.75,98,2026-01-04,1753,66.17,2,False,386.555,96.5,132.14,Begusarai Industrial Site 0035,Chemical Plant,0.04762895624627071,High Intensity Fire,70,Medium
23.61876,87.25053,318.39,40,2026-01-27,1601,5.71,1,False,318.39,40.0,5.71,Durgapur Industrial Site 0944,Refinery,5.389962782202326,Other Thermal Anomaly,0,Low
21.06447,81.42417,318.01,47,2026-03-09,314,4.8,1,False,318.01,47.0,4.8,Raipur Industrial Site 0319,Manufacturing Unit,7.336519985087629,Other Thermal Anomaly,0,Low
22.85763,88.53279,368.63,96,2026-01-06,1581,65.04,1,False,368.63,96.0,65.04,Kolkata Industrial Site 0963,Cement Plant,10.197424657128332,High Intensity Fire,40,Low
11.9912,77.94699,340.38,92,2026-08-11,1076,12.48,2,False,341.62,87.5,17.21,Bengaluru Industrial Site 0821,Power Plant,100.26882686178273,Other Thermal Anomaly,25,Low
10.74494,76.67104,334.24,52,2026-03-29,1629,7.46,1,False,334.24,52.0,7.46,Coimbatore Industrial Site 0504,Refinery,31.87434851123538,Other Thermal Anomaly,0,Low
12.87787,77.55687,384.58,92,2026-07-21,1829,57.06,3,True,381.42,95.33333333333333,171.46,Bengaluru Industrial Site 0005,Chemical Plant,0.07921535674925116,Persistent Industrial Source,90,High
27.25863,77.88337,315.47,37,2026-09-11,1632,16.21,1,False,315.47,37.0,16.21,Agra Industrial Site 0474,Refinery,2.6450912471555803,Other Thermal Anomaly,0,Low
19.19852,74.78905,324.88,91,2026-09-04,66,18.42,3,True,328.72666666666663,88.33333333333333,37.59,Aurangabad Industrial Site 0812,Steel Plant,58.13143893021532,Persistent Non-Industrial Thermal Source,45,Low
12.84896,77.82969,315.02,63,2026-03-12,2268,5.92,1,False,315.02,63.0,5.92,Bengaluru Industrial Site 0341,Power Plant,10.466093890259149,Other Thermal Anomaly,0,Low
28.91028,72.28113,332.53,88,2026-08-17,1655,3.06,1,False,332.53,88.0,3.06,Bikaner Industrial Site 1181,Power Plant,113.02258725658949,Other Thermal Anomaly,15,Low
9.65005,76.67394,401.21,100,2026-03-01,1658,52.95,2,False,401.58,97.5,118.28,Kochi Industrial Site 0265,Chemical Plant,0.05167375235850145,High Intensity Fire,70,Medium
11.18837,77.19543,356.79,93,2026-04-10,1021,40.1,1,False,356.79,93.0,40.1,Coimbatore Industrial Site 0840,Industrial Estate,14.475381645861148,High Intensity Fire,40,Low
24.33414,74.98837,331.36,82,2026-01-04,1329,5.93,3,True,337.5466666666667,90.33333333333333,42.1,Kota Industrial Site 0329,Manufacturing Unit,101.24449357463888,Persistent Non-Industrial Thermal Source,35,Low
22.4088,73.64613,383.09,92,2026-02-02,500,78.95,4,True,391.73,95.0,267.26,Vadodara Industrial Site 0065,Chemical Plant,0.02294802531655251,Persistent Industrial Source,90,High
23.01076,76.0252,378.23,91,2026-02-26,2083,72.91,3,True,390.8233333333333,93.33333333333333,298.45,Indore Industrial Site 0254,Refinery,0.02928509704458315,Persistent Industrial Source,90,High
23.02845,76.14147,327.06,48,2026-08-06,1031,15.16,1,False,327.06,48.0,15.16,Indore Industrial Site 0254,Refinery,12.056121963380237,Other Thermal Anomaly,0,Low
25.17582,86.34253,380.93,89,2026-07-22,2027,60.29,1,False,380.93,89.0,60.29,Munger Industrial Site 1140,Industrial Estate,3.3331335272049754,High Intensity Fire,40,Low
22.47574,88.2302,369.13,93,2026-07-02,629,17.44,1,False,369.13,93.0,17.44,Kolkata Industrial Site 0867,Paper Mill,9.520828416565264,High Intensity Fire,40,Low
20.43202,85.93226,325.93,72,2026-01-18,2311,11.31,1,False,325.93,72.0,11.31,Bhubaneswar Industrial Site 0309,Manufacturing Unit,2.8725127700396667,Other Thermal Anomaly,0,Low
28.57757,77.05283,318.76,63,2026-01-17,915,9.56,1,False,318.76,63.0,9.56,Gurugram Industrial Site 0519,Manufacturing Unit,2.179508078457804,Other Thermal Anomaly,0,Low
28.69821,77.00716,405.26,96,2026-02-07,1318,71.25,2,False,393.48,97.5,102.99,Delhi Industrial Site 0145,Chemical Plant,0.05644984830901941,High Intensity Fire,70,Medium
27.0002,80.94413,401.39,95,2026-08-29,1002,61.41,5,True,399.762,94.6,319.91,Lucknow Industrial Site 0346,Textile Industry,0.06456151187959941,Persistent Industrial Source,100,High
22.64021,75.77759,316.16,64,2026-01-14,704,10.7,1,False,316.16,64.0,10.7,Indore Industrial Site 0878,Thermal Power Plant,2.2067883977701075,Other Thermal Anomaly,0,Low
17.55876,83.45319,328.02,53,2026-05-07,749,17.56,1,False,328.02,53.0,17.56,Visakhapatnam Industrial Site 0358,Thermal Power Plant,13.466388072533874,Other Thermal Anomaly,0,Low
17.60512,78.54595,384.3,100,2026-04-13,849,102.8,3,True,391.5366666666667,95.33333333333333,281.09,Hyderabad Industrial Site 0006,Textile Industry,0.02148731858317388,Persistent Industrial Source,90,High
23.53062,87.44346,333.52,36,2026-02-15,2326,9.46,1,False,333.52,36.0,9.46,Durgapur Industrial Site 0080,Industrial Estate,3.072568008681582,Other Thermal Anomaly,0,Low
21.96112,80.49433,324.28,86,2026-03-02,374,11.25,2,False,332.205,86.5,16.56,Raipur Industrial Site 0703,Cement Plant,108.48127665598699,Other Thermal Anomaly,15,Low
27.84497,73.51129,359.92,82,2026-09-09,466,38.61,1,False,359.92,82.0,38.61,Bikaner Industrial Site 0365,Chemical Plant,7.73296307510532,High Intensity Fire,30,Low
28.46781,77.09307,373.85,92,2026-08-08,1378,98.46,2,False,387.395,92.5,200.0,Faridabad Industrial Site 0230,Industrial Estate,0.019386772443874104,High Intensity Fire,70,Medium
23.68493,86.95715,387.34,100,2026-02-16,326,55.3,1,False,387.34,100.0,55.3,Asansol Industrial Site 0129,Manufacturing Unit,0.03709173451409034,High Intensity Fire,70,Medium
31.05695,75.77331,322.49,51,2026-01-27,43,4.62,1,False,322.49,51.0,4.62,Ludhiana Industrial Site 0171,Power Plant,4.903797063237363,Other Thermal Anomaly,0,Low
28.2114,73.04143,365.0,88,2026-07-11,860,75.65,1,False,365.0,88.0,75.65,Bikaner Industrial Site 0221,Power Plant,12.198745132669057,High Intensity Fire,30,Low
24.80688,84.70714,409.21,92,2026-04-16,2132,86.33,1,False,409.21,92.0,86.33,Gaya Industrial Site 0082,Steel Plant,0.05783170524991599,High Intensity Fire,70,Medium
26.34805,80.42355,347.0,78,2026-06-19,2290,3.62,1,False,347.0,78.0,3.62,Kanpur Industrial Site 1019,Manufacturing Unit,3.7052675312701937,Other Thermal Anomaly,0,Low
30.80897,75.95823,331.29,91,2026-08-11,230,20.13,2,False,333.45500000000004,86.5,44.36,Ludhiana Industrial Site 0267,Paper Mill,1.801802644677778,Other Thermal Anomaly,35,Low
19.29202,72.91394,401.02,100,2026-04-02,38,69.25,4,True,400.315,95.0,219.91,Thane Industrial Site 0285,Chemical Plant,0.02223898532885992,Persistent Industrial Source,90,High
25.48105,86.60284,395.06,100,2026-06-09,1805,84.46,1,False,395.06,100.0,84.46,Munger Industrial Site 0036,Textile Industry,0.0614182680266879,High Intensity Fire,70,Medium
19.75608,75.69413,396.34,96,2026-01-03,2176,105.35,4,True,401.86,95.75,327.57,Aurangabad Industrial Site 0236,Textile Industry,0.05355650985254672,Persistent Industrial Source,90,High
23.63924,87.14507,375.55,93,2026-04-11,2142,66.88,2,False,377.71000000000004,95.5,134.48,Durgapur Industrial Site 0176,Textile Industry,0.007216685800585479,High Intensity Fire,70,Medium
21.36609,85.05026,332.51,80,2026-06-15,1910,22.2,2,False,327.365,85.5,30.91,Bhubaneswar Industrial Site 0213,Cement Plant,109.48869793989499,Other Thermal Anomaly,15,Low
12.93609,77.71486,374.51,92,2026-05-29,1476,34.42,1,False,374.51,92.0,34.42,Bengaluru Industrial Site 0245,Chemical Plant,0.07308184375217197,High Intensity Fire,70,Medium
27.00757,81.06952,345.97,74,2026-09-06,142,15.18,1,False,345.97,74.0,15.18,Lucknow Industrial Site 0538,Thermal Power Plant,7.498504385034088,Other Thermal Anomaly,0,Low
20.06499,73.78375,331.25,86,2026-01-15,571,6.2,2,False,334.27,86.5,23.02,Nashik Industrial Site 1003,Cement Plant,9.35480204053522,Other Thermal Anomaly,15,Low
29.49796,78.41934,332.0,82,2026-01-12,2339,3.32,4,True,334.3175,84.0,51.879999999999995,Delhi Industrial Site 0097,Paper Mill,100.70698146717828,Persistent Non-Industrial Thermal Source,35,Low
16.83061,80.81408,328.48,76,2026-02-05,1407,13.38,1,False,328.48,76.0,13.38,Vijayawada Industrial Site 0887,Paper Mill,20.895703537595757,Other Thermal Anomaly,0,Low
31.02025,76.00119,407.41,98,2026-08-16,1633,118.52,1,False,407.41,98.0,118.52,Ludhiana Industrial Site 0075,Chemical Plant,0.01357842878481293,High Intensity Fire,70,Medium
32.24416,76.31816,321.82,87,2026-01-29,358,20.9,2,False,325.21500000000003,88.5,27.369999999999997,Jalandhar Industrial Site 0142,Steel Plant,78.00974953764832,Other Thermal Anomaly,15,Low
28.26225,77.41001,378.87,93,2026-05-27,1042,41.96,2,False,378.69,96.5,81.0,Faridabad Industrial Site 0134,Refinery,0.08531191781124214,High Intensity Fire,70,Medium
18.50579,73.79793,378.3,91,2026-09-10,1955,63.4,2,False,382.96000000000004,91.0,149.43,Pune Industrial Site 0152,Steel Plant,0.081126840917006,High Intensity Fire,70,Medium
22.85772,72.42022,383.73,91,2026-05-29,934,38.64,1,False,383.73,91.0,38.64,Ahmedabad Industrial Site 0823,Cement Plant,5.0998558795152125,High Intensity Fire,50,Medium
22.64686,88.38205,389.95,96,2026-08-17,2018,49.2,3,True,386.09,95.0,210.66,Kolkata Industrial Site 0099,Manufacturing Unit,0.07285069204632405,Persistent Industrial Source,90,High
22.8971,88.35598,397.48,98,2026-07-06,1030,94.42,3,True,403.1366666666667,96.33333333333333,219.45,Kolkata Industrial Site 0051,Power Plant,0.011241993230013984,Persistent Industrial Source,90,High
28.06907,73.34701,395.28,91,2026-02-24,348,88.6,2,False,392.65999999999997,95.5,204.5,Bikaner Industrial Site 0029,Manufacturing Unit,0.03103175359102707,High Intensity Fire,70,Medium
27.7974,77.76043,323.65,89,2026-05-24,2124,15.75,1,False,323.65,89.0,15.75,Agra Industrial Site 0090,Industrial Estate,36.14103078793077,Other Thermal Anomaly,15,Low
23.91591,71.6612,342.77,85,2026-03-22,1485,22.73,1,False,342.77,85.0,22.73,Ahmedabad Industrial Site 0583,Cement Plant,91.4561211878974,Other Thermal Anomaly,15,Low
11.07007,75.24827,343.02,92,2026-03-08,2005,15.76,1,False,343.02,92.0,15.76,Kochi Industrial Site 0073,Cement Plant,136.01723125263723,Other Thermal Anomaly,25,Low
22.19898,70.8141,369.07,98,2026-06-08,1498,64.7,1,False,369.07,98.0,64.7,Rajkot Industrial Site 0018,Thermal Power Plant,3.2175130637039477,High Intensity Fire,40,Low
31.14818,75.51017,397.34,93,2026-02-16,1745,31.79,2,False,395.695,92.0,123.24000000000001,Jalandhar Industrial Site 0238,Thermal Power Plant,0.08129067545740404,High Intensity Fire,70,Medium
30.55423,75.65726,305.36,70,2026-06-11,1593,2.68,1,False,305.36,70.0,2.68,Ludhiana Industrial Site 0507,Paper Mill,21.25539853887053,Other Thermal Anomaly,0,Low
25.32737,84.99529,321.13,36,2026-01-21,2236,3.03,1,False,321.13,36.0,3.03,Patna Industrial Site 0972,Steel Plant,13.301344830175715,Other Thermal Anomaly,0,Low
22.24206,70.8241,398.81,92,2026-04-27,2017,109.74,1,False,398.81,92.0,109.74,Rajkot Industrial Site 0162,Steel Plant,0.06075641923445189,High Intensity Fire,70,Medium
20.32303,85.62816,381.99,98,2026-05-04,1382,95.09,2,False,378.96500000000003,97.5,190.04000000000002,Bhubaneswar Industrial Site 0069,Manufacturing Unit,0.05906654501741673,High Intensity Fire,70,Medium
28.88712,77.06366,362.21,86,2026-02-01,1249,52.64,1,False,362.21,86.0,52.64,Delhi Industrial Site 0721,Power Plant,13.085140758978577,High Intensity Fire,30,Low
21.03182,72.50209,404.29,98,2026-05-08,601,61.96,2,False,405.53,94.5,168.05,Surat Industrial Site 0016,Textile Industry,0.08199623635769449,High Intensity Fire,70,Medium
13.79696,78.48913,320.32,83,2026-04-07,1561,16.3,2,False,329.145,88.5,34.84,Bengaluru Industrial Site 0053,Cement Plant,100.25550143716157,Other Thermal Anomaly,15,Low
25.48068,76.18184,343.37,67,2026-04-27,2245,1.19,1,False,343.37,67.0,1.19,Kota Industrial Site 0521,Power Plant,13.517359694755696,Other Thermal Anomaly,0,Low
18.80494,72.69121,391.37,91,2026-07-26,2318,115.59,2,False,399.46500000000003,91.5,171.66,Mumbai Industrial Site 0098,Thermal Power Plant,0.049666105884583596,High Intensity Fire,70,Medium
26.38097,80.38785,376.15,94,2026-03-01,1784,42.53,3,True,393.33,93.66666666666667,237.88,Kanpur Industrial Site 0059,Manufacturing Unit,0.06852595090647828,Persistent Industrial Source,90,High
23.75397,87.24408,393.56,94,2026-01-06,2107,63.96,2,False,401.345,95.0,166.11,Durgapur Industrial Site 0320,Industrial Estate,0.057394219740718636,High Intensity Fire,70,Medium
27.90712,73.13912,406.6,92,2026-06-09,2056,96.28,3,True,405.65000000000003,96.0,244.86,Bikaner Industrial Site 0077,Paper Mill,0.031687898436807325,Persistent Industrial Source,90,High
21.44321,79.24347,379.69,90,2026-02-10,2294,53.05,1,False,379.69,90.0,53.05,Nagpur Industrial Site 1071,Power Plant,2.0115285661247375,High Intensity Fire,50,Medium
13.12208,77.87379,374.29,92,2026-02-10,1792,97.18,3,True,383.25666666666666,93.33333333333333,273.64,Bengaluru Industrial Site 0053,Cement Plant,0.046858414602528015,Persistent Industrial Source,90,High
21.93998,76.53401,327.08,93,2026-05-18,1439,5.52,1,False,327.08,93.0,5.52,Indore Industrial Site 0494,Refinery,83.46049528942198,Other Thermal Anomaly,25,Low
31.1031,75.53032,330.98,41,2026-02-26,2283,15.1,1,False,330.98,41.0,15.1,Jalandhar Industrial Site 0238,Thermal Power Plant,5.324993445282472,Other Thermal Anomaly,0,Low
27.0461,78.06794,380.15,94,2026-05-11,944,44.48,1,False,380.15,94.0,44.48,Agra Industrial Site 0330,Industrial Estate,0.05096283201625848,High Intensity Fire,70,Medium
21.00486,79.24424,393.08,91,2026-07-16,2229,58.27,2,False,391.14,94.0,108.47,Nagpur Industrial Site 0015,Chemical Plant,0.007351007706601484,High Intensity Fire,70,Medium
22.30115,73.20007,315.05,58,2026-07-17,2010,14.07,1,False,315.05,58.0,14.07,Vadodara Industrial Site 0113,Cement Plant,2.334222534341694,Other Thermal Anomaly,0,Low
12.95595,77.66691,380.42,95,2026-06-25,2267,98.56,2,False,381.275,93.5,182.91,Bengaluru Industrial Site 0149,Manufacturing Unit,0.04495068438097986,High Intensity Fire,70,Medium
22.3658,73.14718,402.53,93,2026-02-17,1165,49.93,4,True,396.5125,95.5,219.27,Vadodara Industrial Site 0161,Power Plant,0.034443193434095215,Persistent Industrial Source,90,High
25.41038,76.00375,351.28,94,2026-01-01,15,49.05,1,False,351.28,94.0,49.05,Kota Industrial Site 0953,Cement Plant,5.713783009945271,High Intensity Fire,40,Low
23.00701,86.28411,385.99,97,2026-03-04,733,38.74,2,False,393.21500000000003,94.0,106.25999999999999,Jamshedpur Industrial Site 0116,Textile Industry,0.03958873064526037,High Intensity Fire,70,Medium
26.2183,73.17466,311.62,51,2026-09-08,1401,12.26,1,False,311.62,51.0,12.26,Jodhpur Industrial Site 1038,Thermal Power Plant,12.719999077347293,Other Thermal Anomaly,0,Low
16.3058,80.84345,368.25,89,2026-02-21,793,39.3,1,False,368.25,89.0,39.3,Vijayawada Industrial Site 0503,Cement Plant,3.2544185418204505,High Intensity Fire,30,Low
28.26423,77.1691,380.13,94,2026-02-24,1570,78.89,2,False,381.55,93.5,117.03,Faridabad Industrial Site 0326,Textile Industry,0.07699146205436005,High Intensity Fire,70,Medium
22.77336,86.01176,388.13,99,2026-01-17,1025,31.23,1,False,388.13,99.0,31.23,Jamshedpur Industrial Site 1172,Steel Plant,9.654204075328312,High Intensity Fire,50,Medium
22.90981,75.65517,380.62,96,2026-08-12,252,95.28,5,True,388.838,94.4,325.56,Indore Industrial Site 0206,Textile Industry,0.012490424045882924,Persistent Industrial Source,100,High
10.88604,76.93905,373.67,95,2026-04-29,2081,88.49,3,True,382.18333333333334,94.66666666666667,200.88,Coimbatore Industrial Site 0360,Industrial Estate,0.030413887258386,Persistent Industrial Source,90,High
12.87778,77.55714,385.71,97,2026-07-08,2381,49.81,3,True,381.42,95.33333333333333,171.46,Bengaluru Industrial Site 0005,Chemical Plant,0.0698122411495832,Persistent Industrial Source,90,High
25.66607,85.25776,395.56,91,2026-02-18,120,82.17,2,False,400.66999999999996,95.0,174.05,Patna Industrial Site 0252,Steel Plant,0.014593655542284803,High Intensity Fire,70,Medium
11.36705,76.50676,389.44,98,2026-03-13,50,112.18,3,True,390.4533333333334,97.66666666666667,286.68,Coimbatore Industrial Site 0264,Refinery,0.05530106477423644,Persistent Industrial Source,90,High
26.40119,72.8169,393.49,93,2026-02-11,276,42.43,2,False,384.625,95.0,96.72999999999999,Jodhpur Industrial Site 0030,Industrial Estate,0.0713663004470629,High Intensity Fire,70,Medium
23.08244,77.49084,365.45,97,2026-02-13,1875,62.4,1,False,365.45,97.0,62.4,Bhopal Industrial Site 0877,Paper Mill,2.7167345815592756,High Intensity Fire,40,Low
17.58884,78.47594,407.6,91,2026-05-31,892,44.79,2,False,406.345,94.0,134.05,Hyderabad Industrial Site 0198,Thermal Power Plant,0.03473020016683973,High Intensity Fire,70,Medium
21.06906,79.29289,312.37,43,2026-09-06,2260,6.2,1,False,312.37,43.0,6.2,Nagpur Industrial Site 0783,Cement Plant,7.635948720029178,Other Thermal Anomaly,0,Low
22.1119,72.88402,382.47,99,2026-09-19,411,66.48,1,False,382.47,99.0,66.48,Vadodara Industrial Site 0209,Manufacturing Unit,0.006360971021881572,High Intensity Fire,70,Medium
17.95262,83.10073,337.71,51,2026-01-03,893,17.74,1,False,337.71,51.0,17.74,Visakhapatnam Industrial Site 0502,Steel Plant,15.443890386518364,Other Thermal Anomaly,0,Low
23.41147,85.50764,359.35,88,2026-05-21,1421,26.55,1,False,359.35,88.0,26.55,Ranchi Industrial Site 0307,Paper Mill,10.8042022407118,High Intensity Fire,30,Low
20.1158,73.90081,383.83,94,2026-03-25,83,32.54,1,False,383.83,94.0,32.54,Nashik Industrial Site 0331,Power Plant,0.025667460027594104,High Intensity Fire,70,Medium
25.6658,85.25824,405.78,99,2026-06-09,2193,91.88,2,False,400.66999999999996,95.0,174.05,Patna Industrial Site 0252,Steel Plant,0.06700367089381296,High Intensity Fire,70,Medium
11.88992,78.43601,327.28,80,2026-01-01,981,17.56,1,False,327.28,80.0,17.56,Bengaluru Industrial Site 0341,Power Plant,132.87180785877104,Other Thermal Anomaly,15,Low
28.75382,77.31676,332.94,39,2026-07-20,524,3.1,1,False,332.94,39.0,3.1,Noida Industrial Site 0760,Industrial Estate,2.786101104067561,Other Thermal Anomaly,0,Low
23.42793,85.99263,358.21,82,2026-08-16,295,26.91,1,False,358.21,82.0,26.91,Bokaro Industrial Site 0325,Chemical Plant,5.76988313550574,High Intensity Fire,30,Low
19.56119,73.05885,407.95,95,2026-08-23,2314,51.05,3,True,398.09,98.33333333333333,208.1,Thane Industrial Site 0189,Manufacturing Unit,0.07499239810450184,Persistent Industrial Source,90,High
23.16491,72.11,407.72,98,2026-07-17,2192,45.48,3,True,396.6133333333334,97.33333333333333,180.35,Ahmedabad Industrial Site 0247,Paper Mill,0.05667030251889723,Persistent Industrial Source,90,High
13.21981,77.39101,388.92,99,2026-07-02,387,53.09,1,False,388.92,99.0,53.09,Bengaluru Industrial Site 0293,Cement Plant,7.3590362514707435,High Intensity Fire,50,Medium
26.65662,80.25912,306.83,72,2026-09-07,1723,13.87,1,False,306.83,72.0,13.87,Kanpur Industrial Site 0635,Chemical Plant,7.983785910749401,Other Thermal Anomaly,0,Low
21.09904,72.78299,381.11,93,2026-03-22,448,25.52,1,False,381.11,93.0,25.52,Surat Industrial Site 0112,Steel Plant,0.04563710810693387,High Intensity Fire,70,Medium
27.02027,75.89396,380.46,92,2026-03-29,86,71.87,1,False,380.46,92.0,71.87,Jaipur Industrial Site 0825,Chemical Plant,9.88218006663855,High Intensity Fire,50,Medium
26.00892,73.29212,380.62,100,2026-02-17,1006,25.07,2,False,378.74,96.5,131.3,Jodhpur Industrial Site 0174,Refinery,0.03415684188603849,High Intensity Fire,70,Medium
23.72281,87.33511,398.44,94,2026-08-02,1666,53.56,3,True,386.64000000000004,96.66666666666667,228.51999999999998,Durgapur Industrial Site 0272,Steel Plant,0.06078734886087788,Persistent Industrial Source,90,High
27.24091,80.8569,374.49,95,2026-05-23,1386,41.87,1,False,374.49,95.0,41.87,Lucknow Industrial Site 0058,Thermal Power Plant,0.04068053634835804,High Intensity Fire,70,Medium
24.57593,84.96588,375.06,94,2026-01-19,358,96.85,1,False,375.06,94.0,96.85,Gaya Industrial Site 0322,Steel Plant,0.04893621672353261,High Intensity Fire,70,Medium
26.17812,91.76189,394.97,95,2026-01-23,2104,52.47,2,False,396.06,95.5,147.13,Guwahati Industrial Site 0218,Thermal Power Plant,0.06723769759343833,High Intensity Fire,70,Medium
23.19982,72.41807,408.97,91,2026-07-29,1439,55.22,2,False,397.83000000000004,95.5,132.07999999999998,Ahmedabad Industrial Site 0295,Chemical Plant,0.07632549177722689,High Intensity Fire,70,Medium
9.21037,75.38171,343.82,87,2026-03-20,41,20.95,1,False,343.82,87.0,20.95,Kochi Industrial Site 0553,Cement Plant,90.70865769656766,Other Thermal Anomaly,15,Low
31.83286,74.78511,383.94,92,2026-07-15,555,29.18,2,False,391.71500000000003,95.0,72.14,Amritsar Industrial Site 0172,Steel Plant,0.06240664108386788,High Intensity Fire,70,Medium
25.44611,86.20191,383.49,100,2026-02-18,250,108.65,3,True,396.15000000000003,99.33333333333333,281.51,Munger Industrial Site 0324,Refinery,0.052217506650956404,Persistent Industrial Source,90,High
23.77177,87.13296,407.51,100,2026-09-20,2131,60.34,1,False,407.51,100.0,60.34,Asansol Industrial Site 0273,Cement Plant,0.05094384208131391,High Intensity Fire,70,Medium
27.19853,75.84203,313.64,67,2026-03-07,1217,1.58,1,False,313.64,67.0,1.58,Jaipur Industrial Site 0249,Manufacturing Unit,10.456499167278906,Other Thermal Anomaly,0,Low
18.4038,74.08679,398.59,97,2026-05-14,1883,97.87,3,True,383.95666666666665,97.66666666666667,280.42,Pune Industrial Site 0344,Refinery,0.023211731499337057,Persistent Industrial Source,90,High
32.20845,76.37997,337.46,84,2026-07-02,323,4.7,1,False,337.46,84.0,4.7,Jalandhar Industrial Site 0142,Steel Plant,78.3745079876816,Other Thermal Anomaly,15,Low
19.56097,73.05909,380.19,100,2026-01-29,1243,95.45,3,True,398.09,98.33333333333333,208.1,Thane Industrial Site 0189,Manufacturing Unit,0.04023371748511469,Persistent Industrial Source,90,High
19.23677,72.65508,306.99,57,2026-02-24,2311,10.87,1,False,306.99,57.0,10.87,Mumbai Industrial Site 0770,Industrial Estate,9.623777566968135,Other Thermal Anomaly,0,Low
23.22654,84.99208,313.63,65,2026-09-10,1949,2.2,1,False,313.63,65.0,2.2,Ranchi Industrial Site 0739,Manufacturing Unit,1.8052354699291453,Other Thermal Anomaly,10,Low
18.91522,72.71104,405.63,94,2026-09-10,540,41.47,4,True,396.17,95.25,226.06,Thane Industrial Site 0093,Cement Plant,0.06911829573903021,Persistent Industrial Source,90,High
19.91901,73.83508,378.22,95,2026-04-19,812,27.23,1,False,378.22,95.0,27.23,Nashik Industrial Site 0043,Cement Plant,0.049121711202663426,High Intensity Fire,70,Medium
23.196,85.30514,402.32,99,2026-04-16,1940,37.84,1,False,402.32,99.0,37.84,Ranchi Industrial Site 0355,Chemical Plant,0.05701080646523955,High Intensity Fire,70,Medium
20.23282,85.97219,405.43,100,2026-04-06,2150,112.14,2,False,388.865,99.5,188.13,Bhubaneswar Industrial Site 0261,Power Plant,0.05635114581797601,High Intensity Fire,70,Medium
26.5217,72.96162,366.81,82,2026-08-02,1165,72.26,1,False,366.81,82.0,72.26,Jodhpur Industrial Site 0462,Steel Plant,17.351205562073137,High Intensity Fire,30,Low
23.03989,77.57424,400.53,94,2026-07-03,786,101.28,3,True,395.48,94.0,251.29000000000002,Bhopal Industrial Site 0301,Power Plant,0.061778569386198766,Persistent Industrial Source,90,High
27.24541,79.21908,330.91,84,2026-03-27,987,18.32,1,False,330.91,84.0,18.32,Agra Industrial Site 1002,Steel Plant,84.58662545505061,Other Thermal Anomaly,15,Low
26.4881,80.34601,389.0,93,2026-06-11,493,85.23,3,True,392.1333333333334,92.33333333333333,232.67000000000002,Kanpur Industrial Site 0011,Power Plant,0.034556986667790744,Persistent Industrial Source,90,High
16.401,79.60586,339.28,88,2026-07-05,41,19.9,1,False,339.28,88.0,19.9,Vijayawada Industrial Site 0215,Chemical Plant,77.09775625927956,Other Thermal Anomaly,15,Low
22.35756,71.10266,329.45,69,2026-08-18,397,17.0,1,False,329.45,69.0,17.0,Rajkot Industrial Site 1170,Industrial Estate,6.133178639448424,Other Thermal Anomaly,0,Low
21.16619,72.58902,396.96,99,2026-03-06,552,70.23,2,False,403.085,97.5,153.79000000000002,Surat Industrial Site 0304,Refinery,0.05008527457777656,High Intensity Fire,70,Medium
19.19875,74.78922,333.28,92,2026-08-08,1640,11.73,3,True,328.72666666666663,88.33333333333333,37.59,Aurangabad Industrial Site 0812,Steel Plant,58.1003687618314,Persistent Non-Industrial Thermal Source,45,Low
23.41049,72.43183,342.88,91,2026-09-13,48,4.71,1,False,342.88,91.0,4.71,Ahmedabad Industrial Site 1063,Cement Plant,18.340267155312805,Other Thermal Anomaly,25,Low
22.28022,73.3461,389.92,89,2026-01-21,1399,53.48,1,False,389.92,89.0,53.48,Vadodara Industrial Site 0929,Manufacturing Unit,8.696053386957841,High Intensity Fire,40,Low
23.79599,86.2098,388.23,93,2026-06-15,361,88.53,2,False,388.645,93.5,203.76,Bokaro Industrial Site 0181,Power Plant,0.018504187125623277,High Intensity Fire,70,Medium
19.02796,72.80924,409.04,98,2026-04-29,921,110.63,2,False,409.055,99.0,143.85,Mumbai Industrial Site 0338,Thermal Power Plant,0.05232326498730493,High Intensity Fire,70,Medium
26.07478,91.56656,342.89,40,2026-09-12,1645,8.41,1,False,342.89,40.0,8.41,Guwahati Industrial Site 1034,Refinery,0.6904107136623285,Other Thermal Anomaly,20,Low
20.32294,85.6281,375.94,97,2026-08-11,1705,94.95,2,False,378.96500000000003,97.5,190.04000000000002,Bhubaneswar Industrial Site 0069,Manufacturing Unit,0.05545757116876195,High Intensity Fire,70,Medium
20.00609,73.65183,373.05,92,2026-05-17,1013,36.64,2,False,389.225,94.0,88.82,Nashik Industrial Site 0235,Chemical Plant,0.07523210977305379,High Intensity Fire,70,Medium
22.69717,75.78882,408.05,95,2026-04-24,1483,88.2,1,False,408.05,95.0,88.2,Indore Industrial Site 0110,Industrial Estate,0.03618340073167099,High Intensity Fire,70,Medium
27.92279,73.19185,326.64,67,2026-03-05,754,10.93,1,False,326.64,67.0,10.93,Bikaner Industrial Site 0077,Paper Mill,5.470654092299471,Other Thermal Anomaly,0,Low
28.80138,77.07269,323.01,52,2026-06-28,1895,1.59,1,False,323.01,52.0,1.59,Faridabad Industrial Site 0662,Steel Plant,5.356399720549132,Other Thermal Anomaly,0,Low
29.28572,76.93865,336.24,49,2026-03-22,1410,17.44,1,False,336.24,49.0,17.44,Panipat Industrial Site 0767,Paper Mill,2.4692555568202597,Other Thermal Anomaly,0,Low
18.09568,73.82282,331.1,95,2026-04-12,2101,15.34,1,False,331.1,95.0,15.34,Pune Industrial Site 0824,Refinery,26.949858151648936,Other Thermal Anomaly,25,Low
20.28706,73.73677,378.68,93,2026-03-29,153,43.08,2,False,389.07500000000005,94.5,134.26,Nashik Industrial Site 0379,Manufacturing Unit,0.056216883166492385,High Intensity Fire,70,Medium
26.38261,91.72736,357.35,84,2026-03-11,2135,39.06,1,False,357.35,84.0,39.06,Guwahati Industrial Site 0506,Textile Industry,7.585458684415168,High Intensity Fire,30,Low
25.30485,86.14085,396.17,96,2026-06-21,2353,118.55,2,False,386.505,97.0,199.49,Begusarai Industrial Site 0179,Manufacturing Unit,0.0611397924690168,High Intensity Fire,70,Medium
25.71677,85.30222,385.33,97,2026-04-22,775,115.81,2,False,380.62,94.5,208.26999999999998,Patna Industrial Site 0060,Industrial Estate,0.055921447300387804,High Intensity Fire,70,Medium
31.73088,74.59679,360.24,92,2026-08-10,1349,46.95,1,False,360.24,92.0,46.95,Amritsar Industrial Site 0844,Refinery,12.283425953787905,High Intensity Fire,40,Low
18.99685,73.00478,383.77,93,2026-04-16,1090,98.5,1,False,383.77,93.0,98.5,Thane Industrial Site 0141,Power Plant,0.032910076361604874,High Intensity Fire,70,Medium
25.15312,86.56184,406.92,96,2026-02-07,1802,85.31,1,False,406.92,96.0,85.31,Munger Industrial Site 0132,Steel Plant,0.04728191161830982,High Intensity Fire,70,Medium
24.82226,84.94577,332.09,42,2026-09-13,1776,13.29,1,False,332.09,42.0,13.29,Gaya Industrial Site 0562,Steel Plant,1.6929813650716106,Other Thermal Anomaly,10,Low
25.38383,86.21323,401.51,92,2026-04-24,519,32.92,1,False,401.51,92.0,32.92,Munger Industrial Site 0180,Industrial Estate,0.04557942803158641,High Intensity Fire,70,Medium
21.90148,73.70704,343.92,86,2026-03-02,1070,13.74,1,False,343.92,86.0,13.74,Vadodara Industrial Site 0305,Chemical Plant,41.955973827237614,Other Thermal Anomaly,15,Low
23.12825,72.27999,394.86,98,2026-02-02,109,77.18,3,True,384.35999999999996,94.66666666666667,242.57,Ahmedabad Industrial Site 0391,Power Plant,0.06022321436329501,Persistent Industrial Source,90,High
22.80879,86.19919,391.71,97,2026-09-14,1582,78.89,2,False,391.59000000000003,97.0,142.53,Jamshedpur Industrial Site 0308,Thermal Power Plant,0.020015086796052933,High Intensity Fire,70,Medium
28.26377,77.16907,382.97,93,2026-08-07,1990,38.14,2,False,381.55,93.5,117.03,Faridabad Industrial Site 0326,Textile Industry,0.03801521566834554,High Intensity Fire,70,Medium
19.85005,74.91702,376.06,98,2026-06-25,1577,80.17,2,False,384.48,96.0,162.51999999999998,Aurangabad Industrial Site 0140,Industrial Estate,0.03980748672531448,High Intensity Fire,70,Medium
31.52898,75.73816,372.91,93,2026-02-12,1733,68.84,1,False,372.91,93.0,68.84,Jalandhar Industrial Site 0094,Refinery,0.05150784875740711,High Intensity Fire,70,Medium
18.48513,73.83624,322.84,88,2026-02-16,776,12.86,1,False,322.84,88.0,12.86,Pune Industrial Site 0776,Textile Industry,4.264108587104372,Other Thermal Anomaly,15,Low
20.12377,71.84276,337.52,94,2026-03-10,2383,24.31,2,False,340.59000000000003,89.5,33.43,Vapi Industrial Site 0624,Refinery,89.64645638568658,Other Thermal Anomaly,25,Low
28.50825,77.03194,405.49,92,2026-04-25,1895,42.55,2,False,391.21000000000004,94.5,143.32,Gurugram Industrial Site 0087,Paper Mill,0.020317952663451166,High Intensity Fire,70,Medium
20.288,85.7322,401.52,92,2026-09-15,1575,27.09,1,False,401.52,92.0,27.09,Bhubaneswar Industrial Site 0165,Chemical Plant,0.04563029177163203,High Intensity Fire,70,Medium
24.56802,84.81313,391.88,94,2026-07-30,459,109.54,1,False,391.88,94.0,109.54,Gaya Industrial Site 0370,Industrial Estate,0.04417626742236851,High Intensity Fire,70,Medium
23.70445,86.6548,308.16,68,2026-04-08,1806,14.76,1,False,308.16,68.0,14.76,Asansol Industrial Site 0417,Paper Mill,3.830048844194527,Other Thermal Anomaly,0,Low
22.6415,86.46046,339.87,75,2026-01-27,1056,11.12,1,False,339.87,75.0,11.12,Jamshedpur Industrial Site 0596,Textile Industry,7.21865513297298,Other Thermal Anomaly,0,Low
28.87121,77.67112,407.36,97,2026-07-25,1894,40.8,2,False,398.8,94.0,99.02,Delhi Industrial Site 0097,Paper Mill,0.04920094313632569,High Intensity Fire,70,Medium
25.46162,84.93217,318.99,65,2026-03-22,1827,17.59,1,False,318.99,65.0,17.59,Patna Industrial Site 1020,Industrial Estate,2.019886901443687,Other Thermal Anomaly,0,Low
23.11081,85.31294,390.78,93,2026-08-19,1906,92.5,1,False,390.78,93.0,92.5,Ranchi Industrial Site 0019,Manufacturing Unit,0.062344699705792095,High Intensity Fire,70,Medium
16.31488,80.57284,392.35,91,2026-08-26,1108,43.09,2,False,395.435,93.5,125.91,Vijayawada Industrial Site 0023,Cement Plant,0.04262997210769647,High Intensity Fire,70,Medium
17.51112,83.19596,391.46,92,2026-05-30,1870,91.2,3,True,386.16,93.0,226.32,Visakhapatnam Industrial Site 0310,Industrial Estate,0.0541744196137416,Persistent Industrial Source,90,High
28.68613,77.27695,384.29,94,2026-07-12,1528,106.83,2,False,383.375,96.5,142.47,Delhi Industrial Site 0193,Cement Plant,0.04699261882599152,High Intensity Fire,70,Medium
23.53797,87.47318,390.52,96,2026-07-05,677,119.62,2,False,391.655,95.5,206.55,Durgapur Industrial Site 0080,Industrial Estate,0.0751698499941603,High Intensity Fire,70,Medium
16.49212,80.72282,374.16,96,2026-04-28,1566,112.28,3,True,383.10999999999996,95.33333333333333,198.5,Vijayawada Industrial Site 0167,Paper Mill,0.06923517393750316,Persistent Industrial Source,90,High
27.86163,73.01317,374.59,91,2026-03-15,712,26.13,1,False,374.59,91.0,26.13,Bikaner Industrial Site 0941,Power Plant,11.329565038406505,High Intensity Fire,50,Medium
25.86085,84.70076,396.7,99,2026-01-21,1167,52.97,3,True,384.90000000000003,94.33333333333333,198.84,Patna Industrial Site 0012,Steel Plant,0.07186473698308687,Persistent Industrial Source,90,High
21.25588,72.68787,380.7,100,2026-04-07,2078,50.44,3,True,390.08666666666664,94.0,195.98,Surat Industrial Site 0208,Thermal Power Plant,0.03579764702127325,Persistent Industrial Source,90,High
13.79675,78.48895,337.97,94,2026-07-17,1153,18.54,2,False,329.145,88.5,34.84,Bengaluru Industrial Site 0053,Cement Plant,100.22513536818742,Other Thermal Anomaly,25,Low
28.16387,77.4089,353.79,82,2026-01-22,1121,15.4,1,False,353.79,82.0,15.4,Faridabad Industrial Site 0902,Steel Plant,6.656388124363756,High Intensity Fire,30,Low
23.79589,86.20994,389.06,94,2026-01-30,2254,115.23,2,False,388.645,93.5,203.76,Bokaro Industrial Site 0181,Power Plant,0.0347780704662883,High Intensity Fire,70,Medium
26.38875,80.42742,351.0,94,2026-05-26,1268,30.02,1,False,351.0,94.0,30.02,Kanpur Industrial Site 0059,Manufacturing Unit,4.000890142777786,High Intensity Fire,40,Low
25.3279,86.47895,388.94,93,2026-06-10,300,106.33,1,False,388.94,93.0,106.33,Munger Industrial Site 0372,Steel Plant,0.036749341983043825,High Intensity Fire,70,Medium
27.86295,73.43511,402.05,93,2026-05-27,1703,83.2,1,False,402.05,93.0,83.2,Bikaner Industrial Site 0365,Chemical Plant,0.019692194038106337,High Intensity Fire,70,Medium
22.86483,72.62884,406.66,96,2026-05-08,346,85.16,1,False,406.66,96.0,85.16,Ahmedabad Industrial Site 0007,Paper Mill,0.05841146677496905,High Intensity Fire,70,Medium
18.03017,83.27407,310.47,54,2026-05-30,901,7.35,1,False,310.47,54.0,7.35,Visakhapatnam Industrial Site 0886,Textile Industry,20.32322218917293,Other Thermal Anomaly,0,Low
26.71914,75.75409,394.02,93,2026-03-22,2245,40.87,1,False,394.02,93.0,40.87,Jaipur Industrial Site 0105,Chemical Plant,0.04380697722734975,High Intensity Fire,70,Medium
27.0407,75.91028,367.98,87,2026-07-02,1257,20.96,1,False,367.98,87.0,20.96,Jaipur Industrial Site 0921,Power Plant,11.667386236634467,High Intensity Fire,30,Low
27.04279,75.60697,378.66,99,2026-03-20,1345,65.03,2,False,376.245,95.5,160.07999999999998,Jaipur Industrial Site 0297,Paper Mill,0.05175420937302864,High Intensity Fire,70,Medium
22.67416,88.27824,407.97,100,2026-07-07,100,109.03,1,False,407.97,100.0,109.03,Kolkata Industrial Site 0387,Paper Mill,0.02405221032300263,High Intensity Fire,70,Medium
19.19856,74.78948,328.02,82,2026-06-12,1643,7.44,3,True,328.72666666666663,88.33333333333333,37.59,Aurangabad Industrial Site 0812,Steel Plant,58.105077998478336,Persistent Non-Industrial Thermal Source,35,Low
29.36691,77.01916,376.45,98,2026-01-29,1631,78.62,3,True,381.71,94.0,286.03000000000003,Panipat Industrial Site 0335,Chemical Plant,0.04823187566293043,Persistent Industrial Source,90,High
23.86021,73.30463,328.15,84,2026-03-03,67,4.32,1,False,328.15,84.0,4.32,Ahmedabad Industrial Site 0631,Power Plant,83.97744551825303,Other Thermal Anomaly,15,Low
28.26273,77.03243,362.74,99,2026-09-04,2222,70.38,1,False,362.74,99.0,70.38,Gurugram Industrial Site 0711,Power Plant,3.7356023162542313,High Intensity Fire,40,Low
24.05511,86.23213,327.04,91,2026-05-27,2094,13.11,1,False,327.04,91.0,13.11,Bokaro Industrial Site 0805,Chemical Plant,23.213775242409632,Other Thermal Anomaly,25,Low
25.16695,75.7016,308.11,76,2026-03-21,614,13.1,1,False,308.11,76.0,13.1,Kota Industrial Site 0377,Paper Mill,4.678243433888025,Other Thermal Anomaly,0,Low
26.18327,73.01093,336.84,66,2026-05-20,2197,12.68,1,False,336.84,66.0,12.68,Jodhpur Industrial Site 0606,Textile Industry,1.7205544025500952,Other Thermal Anomaly,10,Low
27.79018,76.35779,331.96,86,2026-05-29,2061,5.32,2,False,332.2,90.5,10.620000000000001,Gurugram Industrial Site 1191,Power Plant,72.3375294515215,Other Thermal Anomaly,15,Low
18.24895,73.9374,321.29,38,2026-05-28,1857,11.87,1,False,321.29,38.0,11.87,Pune Industrial Site 0824,Refinery,8.106268480476784,Other Thermal Anomaly,0,Low
25.11551,86.03828,301.32,75,2026-04-14,1867,13.28,1,False,301.32,75.0,13.28,Begusarai Industrial Site 0227,Paper Mill,8.922420515026193,Other Thermal Anomaly,0,Low
28.50818,77.03204,376.93,97,2026-04-14,51,100.77,2,False,391.21000000000004,94.5,143.32,Gurugram Industrial Site 0087,Paper Mill,0.029397963235599702,High Intensity Fire,70,Medium
9.75051,76.03199,385.4,89,2026-01-24,922,19.41,1,False,385.4,89.0,19.41,Kochi Industrial Site 0553,Cement Plant,3.7881812924543086,High Intensity Fire,40,Low
23.3788,86.01089,400.68,97,2026-08-28,1259,33.09,2,False,386.36,96.5,131.04000000000002,Bokaro Industrial Site 0325,Chemical Plant,0.024583652379257248,High Intensity Fire,70,Medium
26.82708,75.66419,406.5,93,2026-01-01,228,52.64,2,False,404.89,96.5,84.14,Jaipur Industrial Site 0009,Manufacturing Unit,0.04918297866088645,High Intensity Fire,70,Medium
22.80877,86.1992,391.47,97,2026-03-20,2074,63.64,2,False,391.59000000000003,97.0,142.53,Jamshedpur Industrial Site 0308,Thermal Power Plant,0.022262593964884544,High Intensity Fire,70,Medium
10.09058,75.98557,381.39,95,2026-04-12,2340,26.82,1,False,381.39,95.0,26.82,Kochi Industrial Site 0073,Cement Plant,11.625836367696053,High Intensity Fire,50,Medium
20.62007,72.886,355.19,94,2026-01-01,2141,35.42,1,False,355.19,94.0,35.42,Vapi Industrial Site 0432,Steel Plant,9.551220385311627,High Intensity Fire,40,Low
23.12784,72.28018,382.46,92,2026-07-09,1442,75.36,3,True,384.35999999999996,94.66666666666667,242.57,Ahmedabad Industrial Site 0391,Power Plant,0.064662161554159,Persistent Industrial Source,90,High
11.36708,76.5071,379.82,97,2026-06-25,1983,70.64,3,True,390.4533333333334,97.66666666666667,286.68,Coimbatore Industrial Site 0264,Refinery,0.0433797212255924,Persistent Industrial Source,90,High
12.93714,77.78485,397.89,99,2026-04-01,2110,103.22,2,False,394.5,99.5,162.22,Bengaluru Industrial Site 0101,Power Plant,0.06979472864801543,High Intensity Fire,70,Medium
17.66061,78.31436,381.15,93,2026-07-22,641,19.71,1,False,381.15,93.0,19.71,Hyderabad Industrial Site 0774,Refinery,6.937260570530455,High Intensity Fire,50,Medium
10.01211,76.11789,330.14,92,2026-08-23,631,17.43,3,True,330.90333333333336,92.33333333333333,32.93,Kochi Industrial Site 0217,Paper Mill,6.18622382335185,Persistent Non-Industrial Thermal Source,45,Low
26.02406,91.7492,406.83,92,2026-07-01,928,84.5,3,True,406.0933333333333,95.0,244.76,Guwahati Industrial Site 0362,Steel Plant,0.054900004544770765,Persistent Industrial Source,90,High
18.77095,73.54616,400.98,91,2026-07-25,1288,38.12,2,False,391.935,94.0,147.67,Pune Industrial Site 0392,Steel Plant,0.015112079750904055,High Intensity Fire,70,Medium
17.50082,78.55792,385.96,92,2026-03-01,183,38.17,1,False,385.96,92.0,38.17,Hyderabad Industrial Site 0294,Refinery,0.06401293237063234,High Intensity Fire,70,Medium
19.92962,75.10568,389.7,84,2026-05-01,1841,46.37,1,False,389.7,84.0,46.37,Aurangabad Industrial Site 0188,Thermal Power Plant,9.035383003723362,High Intensity Fire,40,Low
31.78495,74.93181,308.66,41,2026-03-15,2378,9.27,1,False,308.66,41.0,9.27,Amritsar Industrial Site 0364,Refinery,2.5202107788758594,Other Thermal Anomaly,0,Low
22.87401,86.42425,385.48,98,2026-07-28,1224,86.48,2,False,397.72,95.0,204.82999999999998,Jamshedpur Industrial Site 0164,Refinery,0.048723365158784955,High Intensity Fire,70,Medium
25.13979,74.07147,325.74,91,2026-01-18,883,24.85,1,False,325.74,91.0,24.85,Jodhpur Industrial Site 0174,Refinery,124.27060348041677,Other Thermal Anomaly,25,Low
31.56978,75.70681,365.67,95,2026-05-08,802,22.62,1,False,365.67,95.0,22.62,Jalandhar Industrial Site 0430,Industrial Estate,3.0281799581468514,High Intensity Fire,40,Low
18.80521,72.6912,407.56,92,2026-08-18,1947,56.07,2,False,399.46500000000003,91.5,171.66,Mumbai Industrial Site 0098,Thermal Power Plant,0.07761493083530725,High Intensity Fire,70,Medium
12.88424,80.27899,382.82,93,2026-08-02,744,103.82,3,True,389.19,94.33333333333333,212.18,Chennai Industrial Site 0100,Industrial Estate,0.05066748534363494,Persistent Industrial Source,90,High
22.59223,88.44123,404.32,91,2026-04-16,633,28.54,1,False,404.32,91.0,28.54,Kolkata Industrial Site 0195,Chemical Plant,0.03729932061018575,High Intensity Fire,70,Medium
13.22105,80.42841,328.89,35,2026-08-12,443,15.48,1,False,328.89,35.0,15.48,Chennai Industrial Site 0820,Industrial Estate,9.538110473075523,Other Thermal Anomaly,0,Low
31.66709,75.84888,401.55,99,2026-08-17,1080,108.44,2,False,404.78,95.0,205.51,Jalandhar Industrial Site 0142,Steel Plant,0.06116453188002946,High Intensity Fire,70,Medium
26.72397,80.84806,406.81,96,2026-02-05,316,117.72,1,False,406.81,96.0,117.72,Lucknow Industrial Site 0010,Industrial Estate,0.0390890559884197,High Intensity Fire,70,Medium
30.95724,75.6008,381.63,93,2026-02-28,1085,117.82,2,False,382.09000000000003,93.5,176.45999999999998,Ludhiana Industrial Site 0027,Paper Mill,0.02779873166087738,High Intensity Fire,70,Medium
22.63209,86.2294,337.78,87,2026-07-07,1052,8.28,2,False,331.63,87.0,32.269999999999996,Jamshedpur Industrial Site 0788,Thermal Power Plant,9.144470947445779,Other Thermal Anomaly,15,Low
26.1778,91.76189,397.15,96,2026-08-21,651,94.66,2,False,396.06,95.5,147.13,Guwahati Industrial Site 0218,Thermal Power Plant,0.03787846245445122,High Intensity Fire,70,Medium
21.00718,72.76713,372.7,96,2026-08-19,444,106.55,3,True,387.02,97.0,240.41000000000003,Surat Industrial Site 0160,Industrial Estate,0.0563596302751131,Persistent Industrial Source,90,High
28.46391,77.14502,377.78,92,2026-04-22,1185,109.07,2,False,390.34,94.0,218.35,Delhi Industrial Site 0385,Chemical Plant,0.06798418323360966,High Intensity Fire,70,Medium
29.42918,76.21486,332.83,95,2026-09-17,64,23.49,2,False,336.27,91.0,45.269999999999996,Panipat Industrial Site 0383,Cement Plant,58.24334371194765,Other Thermal Anomaly,25,Low
23.57794,87.12862,362.71,87,2026-09-16,96,17.86,1,False,362.71,87.0,17.86,Durgapur Industrial Site 0416,Textile Industry,4.442880944497151,High Intensity Fire,30,Low
22.11479,76.5974,322.25,93,2026-05-16,991,18.39,1,False,322.25,93.0,18.39,Indore Industrial Site 0494,Refinery,77.24705206388352,Other Thermal Anomaly,25,Low
24.27411,86.49519,320.55,84,2026-04-18,624,18.31,2,False,324.275,84.0,29.9,Asansol Industrial Site 1185,Chemical Plant,28.91652018322186,Other Thermal Anomaly,15,Low
30.80928,75.95854,330.42,93,2026-02-15,855,8.74,3,True,338.39000000000004,86.33333333333333,29.02,Ludhiana Industrial Site 0267,Paper Mill,1.7985256906480946,Persistent Industrial Source,55,Medium
23.83984,87.10918,408.58,96,2026-05-28,2328,70.38,1,False,408.58,96.0,70.38,Asansol Industrial Site 0081,Power Plant,0.05561486212887623,High Intensity Fire,70,Medium
27.96302,73.4365,388.18,90,2026-06-07,1906,21.72,1,False,388.18,90.0,21.72,Bikaner Industrial Site 0365,Chemical Plant,11.126778752868498,High Intensity Fire,50,Medium
28.32247,76.31012,330.9,82,2026-08-24,270,13.91,1,False,330.9,82.0,13.91,Gurugram Industrial Site 1191,Power Plant,25.59658739600611,Other Thermal Anomaly,15,Low
24.27397,86.49507,328.0,84,2026-06-20,473,11.59,2,False,324.275,84.0,29.9,Asansol Industrial Site 1185,Chemical Plant,28.911639161720988,Other Thermal Anomaly,15,Low
23.16489,72.10988,409.16,94,2026-08-28,40,60.3,3,True,396.6133333333334,97.33333333333333,180.35,Ahmedabad Industrial Site 0247,Paper Mill,0.06570594691920216,Persistent Industrial Source,90,High
30.74685,75.95492,353.18,83,2026-03-02,2318,49.61,1,False,353.18,83.0,49.61,Ludhiana Industrial Site 0267,Paper Mill,6.117378759205303,High Intensity Fire,30,Low
20.18999,85.79139,356.86,98,2026-01-07,1976,44.77,1,False,356.86,98.0,44.77,Bhubaneswar Industrial Site 0405,Chemical Plant,6.008841490970436,High Intensity Fire,40,Low
25.24566,92.74792,340.25,94,2026-02-24,2029,19.0,1,False,340.25,94.0,19.0,Guwahati Industrial Site 0890,Industrial Estate,89.96884127133873,Other Thermal Anomaly,25,Low
25.01898,75.64917,375.95,93,2026-03-24,149,99.98,3,True,386.03999999999996,95.33333333333333,206.55,Kota Industrial Site 0329,Manufacturing Unit,0.06510461622576069,Persistent Industrial Source,90,High
25.85017,85.27601,408.99,98,2026-01-20,56,56.21,1,False,408.99,98.0,56.21,Patna Industrial Site 0396,Textile Industry,0.06143188347748324,High Intensity Fire,70,Medium
13.072,80.59563,304.49,63,2026-02-03,966,3.15,1,False,304.49,63.0,3.15,Chennai Industrial Site 1156,Textile Industry,14.538396882999686,Other Thermal Anomaly,0,Low
18.84801,74.66061,333.96,95,2026-03-12,433,13.06,1,False,333.96,95.0,13.06,Pune Industrial Site 1160,Industrial Estate,60.8873163868856,Other Thermal Anomaly,25,Low
25.30116,86.59413,396.79,96,2026-04-03,2082,96.89,1,False,396.79,96.0,96.89,Munger Industrial Site 0228,Thermal Power Plant,0.03939031553470392,High Intensity Fire,70,Medium
22.8432,72.72691,407.37,98,2026-04-27,1724,98.88,3,True,404.4433333333333,98.33333333333333,213.34,Ahmedabad Industrial Site 0103,Cement Plant,0.07771235264468251,Persistent Industrial Source,90,High
29.45507,76.93389,377.63,99,2026-07-05,120,78.97,3,True,383.3666666666666,95.66666666666667,278.5,Panipat Industrial Site 0095,Chemical Plant,0.024937299519166765,Persistent Industrial Source,90,High
19.9888,75.04723,378.85,100,2026-05-17,980,55.48,1,False,378.85,100.0,55.48,Aurangabad Industrial Site 0188,Thermal Power Plant,0.07672449938460622,High Intensity Fire,70,Medium
31.61322,74.69218,402.49,96,2026-02-25,2275,36.21,1,False,402.49,96.0,36.21,Amritsar Industrial Site 0028,Thermal Power Plant,0.05855504436548484,High Intensity Fire,70,Medium
31.53699,74.76106,388.26,93,2026-07-22,1331,59.8,1,False,388.26,93.0,59.8,Amritsar Industrial Site 0268,Thermal Power Plant,0.02924912036715006,High Intensity Fire,70,Medium
25.99948,81.76271,333.88,85,2026-04-04,595,14.04,2,False,338.65,89.0,21.64,Lucknow Industrial Site 0394,Refinery,94.31056272243768,Other Thermal Anomaly,15,Low
21.27721,79.16923,318.48,37,2026-04-02,608,2.99,1,False,318.48,37.0,2.99,Nagpur Industrial Site 0207,Paper Mill,6.129299131670746,Other Thermal Anomaly,0,Low
23.63813,87.25759,303.78,35,2026-06-01,59,11.59,1,False,303.78,35.0,11.59,Durgapur Industrial Site 0704,Refinery,4.473254775770944,Other Thermal Anomaly,0,Low
14.12449,79.39923,335.96,86,2026-05-03,1629,10.65,1,False,335.96,86.0,10.65,Chennai Industrial Site 0484,Refinery,108.17204385736729,Other Thermal Anomaly,15,Low
22.95487,72.68778,398.0,91,2026-08-17,2115,76.21,2,False,402.315,95.5,140.83999999999997,Ahmedabad Industrial Site 0343,Cement Plant,0.08438587081972362,High Intensity Fire,70,Medium
23.69212,86.88519,399.13,92,2026-06-02,770,94.34,4,True,393.0475,96.5,301.36,Asansol Industrial Site 0225,Chemical Plant,0.04361247551260921,Persistent Industrial Source,90,High
19.91899,75.59142,364.99,86,2026-02-15,365,48.67,1,False,364.99,86.0,48.67,Aurangabad Industrial Site 0956,Textile Industry,4.400259489324912,High Intensity Fire,30,Low
22.33492,73.17422,393.47,99,2026-02-19,415,108.99,3,True,389.4866666666667,95.0,288.79,Vadodara Industrial Site 0017,Paper Mill,0.007015074576400329,Persistent Industrial Source,90,High
25.44593,86.20202,409.01,98,2026-02-04,205,77.27,3,True,396.15000000000003,99.33333333333333,281.51,Munger Industrial Site 0324,Refinery,0.05100039738617364,Persistent Industrial Source,90,High
12.77022,77.74404,387.87,95,2026-08-12,379,19.17,1,False,387.87,95.0,19.17,Bengaluru Industrial Site 0821,Power Plant,10.885398036185423,High Intensity Fire,50,Medium
23.18724,70.0587,342.35,81,2026-08-13,695,17.24,1,False,342.35,81.0,17.24,Rajkot Industrial Site 0834,Refinery,94.79181373530217,Other Thermal Anomaly,15,Low
17.51115,83.19599,387.13,96,2026-05-04,2182,42.38,3,True,386.16,93.0,226.32,Visakhapatnam Industrial Site 0310,Industrial Estate,0.05044385784493913,Persistent Industrial Source,90,High
19.34514,72.92606,311.79,58,2026-05-23,2355,16.99,1,False,311.79,58.0,16.99,Thane Industrial Site 0717,Paper Mill,3.3610568877316256,Other Thermal Anomaly,0,Low
27.90709,73.13889,407.41,99,2026-03-25,176,112.43,3,True,405.65000000000003,96.0,244.86,Bikaner Industrial Site 0077,Paper Mill,0.03980982584931686,Persistent Industrial Source,90,High
31.54087,74.87309,395.21,99,2026-07-09,328,108.64,3,True,386.71999999999997,99.33333333333333,170.5,Amritsar Industrial Site 0124,Refinery,0.05313754257315482,Persistent Industrial Source,90,High
19.18292,72.97813,387.21,97,2026-07-08,2063,71.72,1,False,387.21,97.0,71.72,Mumbai Industrial Site 0386,Textile Industry,0.062442185576861584,High Intensity Fire,70,Medium
18.27723,77.36397,322.45,94,2026-05-31,1109,4.77,2,False,330.72,90.5,10.829999999999998,Hyderabad Industrial Site 0486,Textile Industry,108.74314606922887,Other Thermal Anomaly,25,Low
26.07222,91.44622,379.98,93,2026-01-21,595,76.69,1,False,379.98,93.0,76.69,Guwahati Industrial Site 0554,Refinery,4.739548903157964,High Intensity Fire,50,Medium
20.17765,86.03619,338.18,49,2026-01-12,598,14.44,1,False,338.18,49.0,14.44,Bhubaneswar Industrial Site 0789,Manufacturing Unit,7.784404890036153,Other Thermal Anomaly,0,Low
25.79308,76.8294,344.12,83,2026-04-14,2303,13.19,1,False,344.12,83.0,13.19,Kota Industrial Site 0521,Power Plant,83.02154506370128,Other Thermal Anomaly,15,Low
27.56655,75.0653,322.23,86,2026-02-12,718,17.49,1,False,322.23,86.0,17.49,Jaipur Industrial Site 1161,Power Plant,61.09095719614827,Other Thermal Anomaly,15,Low
27.86266,73.04318,365.74,89,2026-03-21,1288,58.06,1,False,365.74,89.0,58.06,Bikaner Industrial Site 0941,Power Plant,9.564006940033481,High Intensity Fire,30,Low
20.68709,74.55333,322.74,90,2026-05-06,1173,3.27,1,False,322.74,90.0,3.27,Aurangabad Industrial Site 0764,Refinery,80.41873611555201,Other Thermal Anomaly,25,Low
24.76986,85.03023,397.98,93,2026-09-15,666,46.91,2,False,389.565,96.5,132.16,Gaya Industrial Site 0034,Refinery,0.027882343744953856,High Intensity Fire,70,Medium
28.48285,77.54376,378.82,91,2026-04-21,431,57.22,1,False,378.82,91.0,57.22,Noida Industrial Site 0136,Textile Industry,0.0665989075456202,High Intensity Fire,70,Medium
20.12396,71.84276,343.66,85,2026-04-17,483,9.12,2,False,340.59000000000003,89.5,33.43,Vapi Industrial Site 0624,Refinery,89.64630902015244,Other Thermal Anomaly,15,Low
26.28798,91.73748,358.86,96,2026-06-19,1492,72.01,1,False,358.86,96.0,72.01,Guwahati Industrial Site 0266,Textile Industry,3.6619077153433164,High Intensity Fire,40,Low
11.0491,76.8161,395.68,98,2026-08-09,2214,41.29,1,False,395.68,98.0,41.29,Coimbatore Industrial Site 0216,Textile Industry,0.04387950421606523,High Intensity Fire,70,Medium
26.00626,91.55466,377.56,82,2026-08-30,675,14.86,1,False,377.56,82.0,14.86,Guwahati Industrial Site 1034,Refinery,8.273679194579138,High Intensity Fire,40,Low
27.24807,78.19219,408.28,93,2026-01-02,802,77.48,2,False,397.80999999999995,96.0,165.65,Agra Industrial Site 0234,Refinery,0.04866670276703689,High Intensity Fire,70,Medium
22.36581,73.1469,397.8,98,2026-02-06,939,86.15,4,True,396.5125,95.5,219.27,Vadodara Industrial Site 0161,Power Plant,0.020015086796052933,Persistent Industrial Source,90,High
19.16307,72.96112,397.55,93,2026-08-08,1499,65.73,1,False,397.55,93.0,65.73,Thane Industrial Site 0381,Power Plant,0.026075955907447674,High Intensity Fire,70,Medium
29.59671,77.04908,361.5,96,2026-07-23,2003,46.66,1,False,361.5,96.0,46.66,Panipat Industrial Site 0527,Paper Mill,3.033326216952696,High Intensity Fire,40,Low
30.95707,75.60123,382.55,94,2026-02-10,2333,58.64,2,False,382.09000000000003,93.5,176.45999999999998,Ludhiana Industrial Site 0027,Paper Mill,0.04195675521503128,High Intensity Fire,70,Medium
20.84283,79.06818,376.55,92,2026-04-28,1058,117.78,1,False,376.55,92.0,117.78,Nagpur Industrial Site 0303,Cement Plant,0.017805544195176812,High Intensity Fire,70,Medium
23.56122,87.10117,347.29,72,2026-03-17,1139,9.45,1,False,347.29,72.0,9.45,Durgapur Industrial Site 0416,Textile Industry,6.50467760318971,Other Thermal Anomaly,0,Low
24.63412,84.95695,373.49,99,2026-02-02,910,71.94,3,True,382.83,97.33333333333333,218.11,Gaya Industrial Site 0130,Industrial Estate,0.06617185999567199,Persistent Industrial Source,90,High
22.05024,73.39904,372.02,95,2026-03-16,111,73.06,1,False,372.02,95.0,73.06,Vadodara Industrial Site 0545,Chemical Plant,6.869093592585683,High Intensity Fire,50,Medium
20.8474,78.99494,368.7,84,2026-03-08,1577,33.8,1,False,368.7,84.0,33.8,Nagpur Industrial Site 0303,Cement Plant,7.645583475874554,High Intensity Fire,30,Low
10.05604,76.30692,375.71,96,2026-03-03,2219,62.39,2,False,391.83,97.0,113.39,Kochi Industrial Site 0313,Cement Plant,0.047700138253380264,High Intensity Fire,70,Medium
23.16502,72.10987,372.96,100,2026-01-10,2035,74.57,3,True,396.6133333333334,97.33333333333333,180.35,Ahmedabad Industrial Site 0247,Paper Mill,0.07467657201509255,Persistent Industrial Source,90,High
17.87282,83.44811,345.6,45,2026-05-15,195,14.25,1,False,345.6,45.0,14.25,Visakhapatnam Industrial Site 0454,Refinery,12.178106095878254,Other Thermal Anomaly,0,Low
25.1982,75.67011,403.66,93,2026-03-30,25,29.7,2,False,400.22,92.5,63.06999999999999,Kota Industrial Site 0377,Paper Mill,0.03226222137895682,High Intensity Fire,70,Medium
22.39801,88.26811,341.76,93,2026-03-24,564,8.94,1,False,341.76,93.0,8.94,Kolkata Industrial Site 1059,Manufacturing Unit,7.227383384276293,Other Thermal Anomaly,25,Low
18.51187,73.95781,392.54,94,2026-06-21,913,82.86,3,True,397.09,94.66666666666667,264.31,Pune Industrial Site 0200,Industrial Estate,0.06292793267069742,Persistent Industrial Source,90,High
26.82778,75.72751,381.59,97,2026-08-07,1556,12.36,1,False,381.59,97.0,12.36,Jaipur Industrial Site 0009,Manufacturing Unit,6.3259402897787,High Intensity Fire,50,Medium
32.48714,75.85436,321.62,90,2026-08-08,2282,9.47,1,False,321.62,90.0,9.47,Jalandhar Industrial Site 0142,Steel Plant,91.24802289400657,Other Thermal Anomaly,25,Low
17.46589,78.53808,403.44,95,2026-04-25,999,73.68,1,False,403.44,95.0,73.68,Hyderabad Industrial Site 0390,Industrial Estate,0.032210084978695014,High Intensity Fire,70,Medium
23.69187,86.88522,391.57,100,2026-06-05,2116,87.2,4,True,393.0475,96.5,301.36,Asansol Industrial Site 0225,Chemical Plant,0.07082004267795769,Persistent Industrial Source,90,High
23.73173,87.26365,388.6,97,2026-09-11,460,19.36,1,False,388.6,97.0,19.36,Durgapur Industrial Site 1136,Textile Industry,0.6879157319941648,High Intensity Fire,70,Medium
21.19452,71.88442,322.87,93,2026-02-09,168,22.39,1,False,322.87,93.0,22.39,Surat Industrial Site 0544,Refinery,66.44218668706749,Other Thermal Anomaly,25,Low
22.84311,72.72696,399.35,98,2026-05-05,1624,62.32,3,True,404.4433333333333,98.33333333333333,213.34,Ahmedabad Industrial Site 0103,Cement Plant,0.07178642508988141,Persistent Industrial Source,90,High
28.45004,76.76107,384.97,95,2026-01-15,228,32.72,4,True,395.24,95.75,294.57,Gurugram Industrial Site 0135,Chemical Plant,0.05540224919555625,Persistent Industrial Source,90,High
28.49781,76.8818,382.81,99,2026-08-12,147,34.88,2,False,387.425,96.5,67.7,Gurugram Industrial Site 0279,Manufacturing Unit,0.038097459725754415,High Intensity Fire,70,Medium
31.69031,74.95509,364.34,94,2026-01-08,1502,61.98,1,False,364.34,94.0,61.98,Amritsar Industrial Site 0460,Industrial Estate,11.318013515884978,High Intensity Fire,40,Low
25.53699,85.26797,405.4,93,2026-08-05,1133,102.34,2,False,402.94,92.0,170.84,Patna Industrial Site 0348,Thermal Power Plant,0.010483846385684791,High Intensity Fire,70,Medium
27.52577,77.78317,342.6,65,2026-01-28,1918,9.71,1,False,342.6,65.0,9.71,Agra Industrial Site 0090,Industrial Estate,10.671448695786173,Other Thermal Anomaly,0,Low
23.37122,86.00663,345.15,67,2026-04-14,1465,11.39,1,False,345.15,67.0,11.39,Bokaro Industrial Site 0325,Chemical Plant,0.9677155536430453,Other Thermal Anomaly,20,Low
11.27948,76.64883,328.81,57,2026-03-31,2104,2.66,1,False,328.81,57.0,2.66,Coimbatore Industrial Site 0264,Refinery,18.24270645232216,Other Thermal Anomaly,0,Low
29.45514,76.93424,385.27,93,2026-02-25,513,101.08,3,True,383.3666666666666,95.66666666666667,278.5,Panipat Industrial Site 0095,Chemical Plant,0.03349478120346817,Persistent Industrial Source,90,High
13.12186,77.87421,389.6,96,2026-06-05,1931,91.42,3,True,383.25666666666666,93.33333333333333,273.64,Bengaluru Industrial Site 0053,Cement Plant,0.0781552522199557,Persistent Industrial Source,90,High
17.93762,83.28184,365.85,88,2026-05-26,256,79.69,1,False,365.85,88.0,79.69,Visakhapatnam Industrial Site 0886,Textile Industry,10.001758965653371,High Intensity Fire,30,Low
18.08037,72.03539,331.34,95,2026-04-15,1828,7.95,1,False,331.34,95.0,7.95,Mumbai Industrial Site 0722,Steel Plant,106.00802704934249,Other Thermal Anomaly,25,Low
23.70246,86.83282,342.06,53,2026-05-08,1276,9.43,1,False,342.06,53.0,9.43,Asansol Industrial Site 0801,Power Plant,3.3722822151609506,Other Thermal Anomaly,0,Low
20.51387,85.578,379.69,95,2026-08-20,394,119.17,5,True,385.956,96.2,451.33,Bhubaneswar Industrial Site 0213,Cement Plant,0.03443932332913571,Persistent Industrial Source,100,High
21.09398,78.76609,380.31,91,2026-05-23,1912,38.56,1,False,380.31,91.0,38.56,Nagpur Industrial Site 0063,Cement Plant,0.049337908650587924,High Intensity Fire,70,Medium
25.54111,86.09823,407.27,99,2026-06-08,1298,25.52,1,False,407.27,99.0,25.52,Begusarai Industrial Site 0083,Cement Plant,0.04158017667748175,High Intensity Fire,70,Medium
22.89095,86.04537,333.36,40,2026-07-14,2204,12.39,1,False,333.36,40.0,12.39,Jamshedpur Industrial Site 0452,Steel Plant,7.5846729293434105,Other Thermal Anomaly,0,Low
19.2921,72.91401,401.77,96,2026-03-28,774,87.18,4,True,400.315,95.0,219.91,Thane Industrial Site 0285,Chemical Plant,0.03198959461453237,Persistent Industrial Source,90,High
32.20875,76.37982,338.41,82,2026-03-22,1123,19.57,1,False,338.41,82.0,19.57,Jalandhar Industrial Site 0142,Steel Plant,78.39105868764845,Other Thermal Anomaly,15,Low
9.90876,76.23505,372.4,84,2026-05-11,1828,37.44,1,False,372.4,84.0,37.44,Kochi Industrial Site 0985,Chemical Plant,5.5968962709917465,High Intensity Fire,40,Low
13.06359,77.80685,343.59,71,2026-04-11,753,2.67,1,False,343.59,71.0,2.67,Bengaluru Industrial Site 0053,Cement Plant,9.778159096015603,Other Thermal Anomaly,0,Low
22.89701,88.35581,402.19,97,2026-05-11,1670,42.04,3,True,403.1366666666667,96.33333333333333,219.45,Kolkata Industrial Site 0051,Power Plant,0.022535348317930744,Persistent Industrial Source,90,High
19.75576,75.69375,406.6,91,2026-01-19,865,32.74,4,True,401.86,95.75,327.57,Aurangabad Industrial Site 0236,Textile Industry,0.04227880767826823,Persistent Industrial Source,90,High
25.29582,86.27777,386.67,97,2026-09-02,1957,61.18,3,True,393.34,96.0,242.32999999999998,Munger Industrial Site 0084,Refinery,0.07264606036579262,Persistent Industrial Source,90,High
28.85632,76.96236,305.68,73,2026-06-03,1346,3.14,1,False,305.68,73.0,3.14,Faridabad Industrial Site 0662,Steel Plant,14.021599166920016,Other Thermal Anomaly,0,Low
13.12191,77.87399,385.88,92,2026-09-01,2324,85.04,3,True,383.25666666666666,93.33333333333333,273.64,Bengaluru Industrial Site 0053,Cement Plant,0.06539590783244287,Persistent Industrial Source,90,High
23.12189,77.31921,407.24,94,2026-04-16,2042,81.58,4,True,383.075,95.0,413.64,Bhopal Industrial Site 0253,Cement Plant,0.0664871573942415,Persistent Industrial Source,90,High
27.12192,75.78121,388.19,100,2026-04-01,548,69.39,4,True,381.205,97.5,353.43,Jaipur Industrial Site 0249,Manufacturing Unit,0.05157123043457521,Persistent Industrial Source,90,High
17.58905,78.47611,405.09,97,2026-02-10,759,89.26,2,False,406.345,94.0,134.05,Hyderabad Industrial Site 0198,Thermal Power Plant,0.0619579305896233,High Intensity Fire,70,Medium
11.84599,76.02572,322.57,87,2026-07-06,744,13.39,1,False,322.57,87.0,13.39,Coimbatore Industrial Site 0264,Refinery,74.76431038103081,Other Thermal Anomaly,15,Low
10.87292,77.0779,374.64,99,2026-01-31,2284,70.13,1,False,374.64,99.0,70.13,Coimbatore Industrial Site 0168,Thermal Power Plant,0.04972171868583859,High Intensity Fire,70,Medium
22.97876,72.34607,399.62,91,2026-06-04,2328,45.68,1,False,399.62,91.0,45.68,Ahmedabad Industrial Site 0199,Manufacturing Unit,0.03728558878825129,High Intensity Fire,70,Medium
31.06182,76.16979,312.02,75,2026-08-24,1258,9.67,1,False,312.02,75.0,9.67,Ludhiana Industrial Site 0987,Paper Mill,13.610166989790942,Other Thermal Anomaly,0,Low
23.31994,77.58806,404.74,96,2026-06-14,70,87.5,2,False,400.055,97.0,163.57999999999998,Bhopal Industrial Site 0397,Paper Mill,0.0626162949858312,High Intensity Fire,70,Medium
21.29409,81.64305,383.49,94,2026-05-04,1822,65.91,1,False,383.49,94.0,65.91,Raipur Industrial Site 0175,Chemical Plant,0.023749150168861043,High Intensity Fire,70,Medium
25.34386,75.70221,384.33,98,2026-03-07,1197,54.51,1,False,384.33,98.0,54.51,Kota Industrial Site 1193,Cement Plant,2.7371828387401846,High Intensity Fire,50,Medium
25.34348,84.99913,382.59,92,2026-06-07,325,71.91,1,False,382.59,92.0,71.91,Patna Industrial Site 0972,Steel Plant,11.807359915180436,High Intensity Fire,50,Medium
21.0791,81.49278,396.23,91,2026-06-12,949,49.76,2,False,385.39,95.0,164.53,Raipur Industrial Site 0319,Manufacturing Unit,0.03441103682847357,High Intensity Fire,70,Medium
21.24885,72.71982,385.27,98,2026-07-14,2384,78.4,1,False,385.27,98.0,78.4,Surat Industrial Site 0400,Industrial Estate,0.09638772510013989,High Intensity Fire,70,Medium
28.41214,77.02778,384.25,100,2026-03-22,1356,53.28,1,False,384.25,100.0,53.28,Gurugram Industrial Site 0327,Paper Mill,0.018859323662328745,High Intensity Fire,70,Medium
22.7371,86.38076,378.72,98,2026-06-27,2287,39.95,2,False,394.345,97.5,82.39,Jamshedpur Industrial Site 0068,Thermal Power Plant,0.058516397055952865,High Intensity Fire,70,Medium
21.36609,85.05028,322.22,91,2026-02-10,1496,8.71,2,False,327.365,85.5,30.91,Bhubaneswar Industrial Site 0213,Cement Plant,109.48765764627723,Other Thermal Anomaly,25,Low
27.84808,73.2318,378.35,95,2026-04-06,872,83.1,3,True,381.7633333333333,95.66666666666667,212.64,Bikaner Industrial Site 0173,Cement Plant,0.022163814753304006,Persistent Industrial Source,90,High
23.42823,86.13598,391.63,98,2026-03-14,189,27.82,5,True,383.502,94.4,264.99,Bokaro Industrial Site 0133,Cement Plant,0.01881492249704607,Persistent Industrial Source,100,High
22.28618,73.18384,408.8,96,2026-02-05,1261,117.47,1,False,408.8,96.0,117.47,Vadodara Industrial Site 0113,Cement Plant,0.0283308592479498,High Intensity Fire,70,Medium
27.0755,77.90113,384.71,92,2026-04-10,1485,71.68,1,False,384.71,92.0,71.68,Agra Industrial Site 0762,Steel Plant,9.006279119878181,High Intensity Fire,50,Medium
9.86485,76.10448,369.13,93,2026-07-03,1328,77.53,1,False,369.13,93.0,77.53,Kochi Industrial Site 0505,Chemical Plant,8.735471902179405,High Intensity Fire,40,Low
28.54122,77.27078,395.81,98,2026-07-02,2270,44.09,2,False,393.365,97.5,140.05,Faridabad Industrial Site 0374,Refinery,0.03027581644910483,High Intensity Fire,70,Medium
28.69802,77.00705,381.7,99,2026-07-14,435,31.74,2,False,393.48,97.5,102.99,Delhi Industrial Site 0145,Chemical Plant,0.03940858320745106,High Intensity Fire,70,Medium
23.93459,86.01519,313.8,39,2026-02-18,183,7.76,1,False,313.8,39.0,7.76,Bokaro Industrial Site 0805,Chemical Plant,2.5857843686971362,Other Thermal Anomaly,0,Low
21.96084,80.49417,340.13,87,2026-05-06,256,5.31,2,False,332.205,86.5,16.56,Raipur Industrial Site 0703,Cement Plant,108.47594903726876,Other Thermal Anomaly,15,Low
18.11527,79.49311,330.67,94,2026-06-24,2222,14.58,1,False,330.67,94.0,14.58,Hyderabad Industrial Site 0918,Thermal Power Plant,95.5975455608995,Other Thermal Anomaly,25,Low
24.26983,86.06524,333.21,83,2026-05-30,54,12.08,1,False,333.21,83.0,12.08,Bokaro Industrial Site 0805,Chemical Plant,36.19466779016522,Other Thermal Anomaly,15,Low
22.34505,70.98776,393.7,91,2026-04-07,2051,87.92,2,False,389.41999999999996,95.0,205.55,Rajkot Industrial Site 0354,Refinery,0.04166897077842796,High Intensity Fire,70,Medium
28.54989,77.23216,402.64,98,2026-01-12,2138,61.79,1,False,402.64,98.0,61.79,Noida Industrial Site 0376,Textile Industry,0.041446968376797705,High Intensity Fire,70,Medium
28.54094,77.27111,390.92,97,2026-03-26,1895,95.96,2,False,393.365,97.5,140.05,Faridabad Industrial Site 0374,Refinery,0.06739929032227716,High Intensity Fire,70,Medium
17.67893,83.44196,378.97,98,2026-03-01,1923,96.62,4,True,387.01250000000005,96.75,321.01,Visakhapatnam Industrial Site 0358,Thermal Power Plant,0.05614689384598304,Persistent Industrial Source,90,High
18.39846,72.18938,333.78,91,2026-06-20,1200,15.6,2,False,332.645,85.5,24.619999999999997,Mumbai Industrial Site 0722,Steel Plant,69.48160704032837,Other Thermal Anomaly,25,Low
18.42401,73.69922,405.73,99,2026-03-30,2229,83.01,4,True,398.5325,93.5,323.91,Pune Industrial Site 0008,Thermal Power Plant,0.09026284233521743,Persistent Industrial Source,90,High
30.44577,74.45987,322.54,95,2026-06-10,567,6.62,2,False,324.89,91.5,20.44,Ludhiana Industrial Site 0795,Chemical Plant,88.1335273977756,Other Thermal Anomaly,25,Low
18.49589,73.79397,375.97,95,2026-06-17,1353,67.52,2,False,375.515,96.0,163.39,Pune Industrial Site 0296,Textile Industry,0.03567794091312848,High Intensity Fire,70,Medium
17.74796,83.33978,409.33,96,2026-03-09,607,96.6,3,True,396.81666666666666,97.33333333333333,238.34,Visakhapatnam Industrial Site 0022,Steel Plant,0.017713060878529953,Persistent Industrial Source,90,High
21.12279,81.13319,399.47,100,2026-08-18,863,82.05,3,True,382.89000000000004,97.33333333333333,267.4,Raipur Industrial Site 0223,Cement Plant,0.02920686963811837,Persistent Industrial Source,90,High
22.55991,88.19297,372.43,97,2026-07-09,551,107.3,2,False,385.14,97.0,146.38,Kolkata Industrial Site 0243,Cement Plant,0.08179893628582902,High Intensity Fire,70,Medium
17.67908,83.44202,378.43,92,2026-04-02,639,39.58,4,True,387.01250000000005,96.75,321.01,Visakhapatnam Industrial Site 0358,Thermal Power Plant,0.04678863190731306,Persistent Industrial Source,90,High
28.41355,76.97323,381.91,82,2026-08-23,2027,61.29,1,False,381.91,82.0,61.29,Gurugram Industrial Site 0327,Paper Mill,5.328059243115912,High Intensity Fire,40,Low
25.64107,86.36001,388.76,95,2026-07-21,1818,81.95,1,False,388.76,95.0,81.95,Munger Industrial Site 0276,Textile Industry,0.03470286335736495,High Intensity Fire,70,Medium
26.02496,73.21192,377.73,91,2026-03-02,1886,91.6,2,False,378.735,93.5,182.36,Jodhpur Industrial Site 0270,Industrial Estate,0.055908985611735594,High Intensity Fire,70,Medium
28.65392,77.09681,401.58,95,2026-07-07,1805,103.72,2,False,403.995,93.5,199.57999999999998,Gurugram Industrial Site 0375,Chemical Plant,0.046227927257309356,High Intensity Fire,70,Medium
25.5747,81.06983,337.18,85,2026-07-05,598,12.03,1,False,337.18,85.0,12.03,Kanpur Industrial Site 0251,Power Plant,76.13317047468514,Other Thermal Anomaly,15,Low
18.50577,73.79825,387.62,91,2026-02-24,200,86.03,2,False,382.96000000000004,91.0,149.43,Pune Industrial Site 0152,Steel Plant,0.09922347882532989,High Intensity Fire,70,Medium
28.35875,77.1085,387.88,83,2026-07-01,1570,35.6,1,False,387.88,83.0,35.6,Gurugram Industrial Site 0663,Cement Plant,3.75632548341277,High Intensity Fire,40,Low
30.80903,75.9582,335.62,82,2026-08-05,553,24.23,2,False,333.45500000000004,86.5,44.36,Ludhiana Industrial Site 0267,Paper Mill,1.808033060354384,Other Thermal Anomaly,25,Low
22.70814,75.80167,385.73,83,2026-01-31,514,76.02,1,False,385.73,83.0,76.02,Indore Industrial Site 0110,Industrial Estate,1.8299442602099805,High Intensity Fire,50,Medium
26.84125,75.89792,371.42,85,2026-02-27,1827,78.7,1,False,371.42,85.0,78.7,Jaipur Industrial Site 0873,Cement Plant,7.346081997191876,High Intensity Fire,40,Low
20.88201,72.96509,408.85,100,2026-08-17,2344,38.41,2,False,403.21000000000004,100.0,98.94,Surat Industrial Site 0352,Steel Plant,0.054913910332367026,High Intensity Fire,70,Medium
26.36394,80.19813,406.69,93,2026-02-15,1937,112.15,4,True,399.938,93.6,447.97,Kanpur Industrial Site 0155,Chemical Plant,0.01783800432465606,Persistent Industrial Source,90,High
27.048,78.28841,356.74,86,2026-02-08,909,36.89,1,False,356.74,86.0,36.89,Agra Industrial Site 0714,Refinery,21.111272332067312,High Intensity Fire,30,Low
26.85194,80.766,365.91,82,2026-09-20,1877,16.0,1,False,365.91,82.0,16.0,Lucknow Industrial Site 1162,Steel Plant,2.2625157424073117,High Intensity Fire,30,Low
19.69156,73.82567,330.2,39,2026-06-06,1754,17.78,1,False,330.2,39.0,17.78,Nashik Industrial Site 0667,Paper Mill,11.858682228500589,Other Thermal Anomaly,0,Low
19.49211,73.27101,389.75,96,2026-01-17,1090,29.44,2,False,390.07,94.5,58.22,Thane Industrial Site 0237,Paper Mill,0.040553569610985225,High Intensity Fire,70,Medium
10.71913,77.00122,405.69,91,2026-07-07,327,91.54,2,False,405.62,93.5,147.64000000000001,Coimbatore Industrial Site 0120,Industrial Estate,0.07852920595625427,High Intensity Fire,70,Medium
21.04905,78.97943,331.93,65,2026-04-20,2295,15.87,1,False,331.93,65.0,15.87,Nagpur Industrial Site 0879,Manufacturing Unit,4.723636312679643,Other Thermal Anomaly,0,Low
25.26311,75.79824,379.56,97,2026-04-06,562,81.86,1,False,379.56,97.0,81.86,Kota Industrial Site 0137,Paper Mill,0.07300692955345513,High Intensity Fire,70,Medium
18.91515,72.71103,395.81,100,2026-02-06,1276,71.5,4,True,396.17,95.25,226.06,Thane Industrial Site 0093,Cement Plant,0.062122788400085165,Persistent Industrial Source,90,High
26.26122,73.38815,409.75,100,2026-01-24,1456,28.96,1,False,409.75,100.0,28.96,Jodhpur Industrial Site 0318,Thermal Power Plant,0.07469667054760024,High Intensity Fire,70,Medium
25.60883,85.4471,391.08,97,2026-08-31,9,80.81,1,False,391.08,97.0,80.81,Patna Industrial Site 0156,Textile Industry,0.06847006229011358,High Intensity Fire,70,Medium
27.36482,78.06697,388.77,94,2026-04-28,744,50.76,3,True,389.73333333333335,94.0,231.07,Agra Industrial Site 0042,Steel Plant,0.03124508343092841,Persistent Industrial Source,90,High
23.43495,77.37521,405.24,100,2026-02-18,308,32.71,3,True,387.74666666666667,98.33333333333333,169.48,Bhopal Industrial Site 0349,Manufacturing Unit,0.02309187539281249,Persistent Industrial Source,90,High
23.43768,85.41321,322.02,66,2026-03-10,1335,15.49,1,False,322.02,66.0,15.49,Ranchi Industrial Site 0307,Paper Mill,1.0043805550662304,Other Thermal Anomaly,10,Low
19.06491,72.78293,392.6,94,2026-02-05,39,69.29,1,False,392.6,94.0,69.29,Mumbai Industrial Site 0002,Steel Plant,0.03906595518889526,High Intensity Fire,70,Medium
26.55474,80.86908,339.83,70,2026-02-07,683,5.32,1,False,339.83,70.0,5.32,Lucknow Industrial Site 0202,Steel Plant,15.574553506862232,Other Thermal Anomaly,0,Low
22.61718,86.10825,404.63,92,2026-02-12,854,57.37,3,True,392.51666666666665,93.33333333333333,243.02,Jamshedpur Industrial Site 0260,Industrial Estate,0.028928896245432836,Persistent Industrial Source,90,High
23.24729,77.44674,360.06,89,2026-04-14,757,42.93,1,False,360.06,89.0,42.93,Bhopal Industrial Site 1021,Power Plant,9.035142011850704,High Intensity Fire,30,Low
17.71809,83.46175,391.8,98,2026-03-27,1082,98.45,2,False,398.99,98.5,165.74,Visakhapatnam Industrial Site 0166,Textile Industry,0.05062170924711398,High Intensity Fire,70,Medium
25.34455,76.05052,319.18,54,2026-03-11,1033,14.22,1,False,319.18,54.0,14.22,Kota Industrial Site 0521,Power Plant,10.544990116342838,Other Thermal Anomaly,0,Low
23.188,77.60396,373.78,98,2026-09-06,1504,29.66,1,False,373.78,98.0,29.66,Bhopal Industrial Site 0061,Power Plant,0.04688048975303875,High Intensity Fire,70,Medium
27.81889,73.3772,383.64,97,2026-03-11,2020,44.58,2,False,389.565,96.0,83.67,Bikaner Industrial Site 0269,Manufacturing Unit,0.04896661554454362,High Intensity Fire,70,Medium
18.42396,73.96682,390.55,100,2026-01-19,577,103.47,2,False,397.05,98.0,129.32,Pune Industrial Site 0248,Thermal Power Plant,0.02771259919326721,High Intensity Fire,70,Medium
20.45102,85.91283,406.84,93,2026-03-03,2055,79.52,2,False,399.885,96.0,183.67000000000002,Bhubaneswar Industrial Site 0309,Manufacturing Unit,0.06341060867675874,High Intensity Fire,70,Medium
29.63593,76.90423,384.81,94,2026-09-10,913,112.23,1,False,384.81,94.0,112.23,Panipat Industrial Site 0287,Paper Mill,0.009917455686093495,High Intensity Fire,70,Medium
26.72395,80.7484,327.41,41,2026-07-24,764,4.39,1,False,327.41,41.0,4.39,Lucknow Industrial Site 0778,Thermal Power Plant,5.606479303133657,Other Thermal Anomaly,0,Low
23.92956,86.40591,347.0,41,2026-09-13,1517,7.25,1,False,347.0,41.0,7.25,Bokaro Industrial Site 0565,Chemical Plant,20.067675298347883,Other Thermal Anomaly,0,Low
22.56004,88.19275,397.85,97,2026-06-21,968,39.08,2,False,385.14,97.0,146.38,Kolkata Industrial Site 0243,Cement Plant,0.08842625409837444,High Intensity Fire,70,Medium
17.69325,72.81814,339.48,80,2026-03-03,1266,14.75,3,True,334.3833333333334,87.33333333333333,48.54,Pune Industrial Site 0488,Thermal Power Plant,104.19116793303226,Persistent Non-Industrial Thermal Source,35,Low
21.00506,79.24392,389.2,97,2026-07-28,2151,50.2,2,False,391.14,94.0,108.47,Nagpur Industrial Site 0015,Chemical Plant,0.033463882054105394,High Intensity Fire,70,Medium
29.38113,78.11558,321.58,82,2026-05-18,575,7.58,1,False,321.58,82.0,7.58,Delhi Industrial Site 0097,Paper Mill,71.31301024211561,Other Thermal Anomaly,15,Low
18.92553,72.95755,389.64,90,2026-04-02,1553,13.09,1,False,389.64,90.0,13.09,Mumbai Industrial Site 0482,Steel Plant,8.941153016816292,High Intensity Fire,50,Medium
21.1319,81.5642,375.12,96,2026-09-08,343,38.31,1,False,375.12,96.0,38.31,Raipur Industrial Site 0079,Manufacturing Unit,0.029808356904748347,High Intensity Fire,70,Medium
29.13878,77.01391,379.31,100,2026-03-19,1211,67.29,3,True,380.9533333333333,95.66666666666667,284.34000000000003,Panipat Industrial Site 0143,Cement Plant,0.02560289232427464,Persistent Industrial Source,90,High
20.25414,86.14769,341.61,44,2026-05-15,1087,0.75,1,False,341.61,44.0,0.75,Bhubaneswar Industrial Site 0261,Power Plant,18.518152134581673,Other Thermal Anomaly,0,Low
29.49828,78.4192,328.45,83,2026-06-01,2399,14.1,4,True,334.3175,84.0,51.879999999999995,Delhi Industrial Site 0097,Paper Mill,100.72174017973882,Persistent Non-Industrial Thermal Source,35,Low
26.02487,73.21215,379.74,96,2026-03-27,43,90.76,2,False,378.735,93.5,182.36,Jodhpur Industrial Site 0270,Industrial Estate,0.07773662238528578,High Intensity Fire,70,Medium
26.82696,75.66385,403.28,100,2026-03-24,1938,31.5,2,False,404.89,96.5,84.14,Jaipur Industrial Site 0009,Manufacturing Unit,0.03884671721344529,High Intensity Fire,70,Medium
21.52246,81.39845,354.28,96,2026-09-18,538,17.24,1,False,354.28,96.0,17.24,Raipur Industrial Site 1087,Paper Mill,11.503054502798427,High Intensity Fire,40,Low
22.8743,72.58073,372.23,99,2026-01-10,88,40.81,1,False,372.23,99.0,40.81,Ahmedabad Industrial Site 0007,Paper Mill,5.097647151442621,High Intensity Fire,50,Medium
16.25398,80.31175,396.1,95,2026-09-02,361,54.77,1,False,396.1,95.0,54.77,Vijayawada Industrial Site 0215,Chemical Plant,0.04032061250371453,High Intensity Fire,70,Medium
24.49376,84.74033,303.69,64,2026-05-05,940,9.29,1,False,303.69,64.0,9.29,Gaya Industrial Site 0370,Industrial Estate,11.041129414346253,Other Thermal Anomaly,0,Low
22.52577,75.77527,344.4,75,2026-01-07,447,9.97,1,False,344.4,75.0,9.97,Indore Industrial Site 0302,Steel Plant,1.9419312466488883,Other Thermal Anomaly,10,Low
17.71777,83.46184,406.18,99,2026-05-01,906,67.29,2,False,398.99,98.5,165.74,Visakhapatnam Industrial Site 0166,Textile Industry,0.027561803203744014,High Intensity Fire,70,Medium
19.72469,74.01288,343.76,70,2026-09-04,896,9.78,1,False,343.76,70.0,9.78,Nashik Industrial Site 0763,Cement Plant,14.22589489319071,Other Thermal Anomaly,0,Low
22.61695,86.10788,394.87,94,2026-08-13,1339,99.29,3,True,392.51666666666665,93.33333333333333,243.02,Jamshedpur Industrial Site 0260,Industrial Estate,0.06700763779196567,Persistent Industrial Source,90,High
23.42796,86.13598,372.04,94,2026-05-15,448,62.89,5,True,383.502,94.4,264.99,Bokaro Industrial Site 0133,Cement Plant,0.013677835245595316,Persistent Industrial Source,100,High
22.73724,86.38117,409.97,97,2026-03-16,757,42.44,2,False,394.345,97.5,82.39,Jamshedpur Industrial Site 0068,Thermal Power Plant,0.03695879163260486,High Intensity Fire,70,Medium
22.18547,70.73687,353.31,96,2026-07-18,666,70.68,1,False,353.31,96.0,70.68,Rajkot Industrial Site 0690,Industrial Estate,4.649082443200394,High Intensity Fire,40,Low
16.39204,80.59007,392.45,96,2026-09-20,2103,65.05,2,False,391.945,96.5,123.55,Vijayawada Industrial Site 0071,Power Plant,0.0394692451829175,High Intensity Fire,70,Medium
30.8091,75.95854,342.5,82,2026-07-16,1222,13.19,3,True,338.39000000000004,86.33333333333333,29.02,Ludhiana Industrial Site 0267,Paper Mill,1.786483227733929,Persistent Industrial Source,45,Low
30.11867,76.7154,336.9,95,2026-08-31,2347,21.52,2,False,340.73,95.0,45.06,Panipat Industrial Site 0287,Paper Mill,56.682730118372206,Other Thermal Anomaly,25,Low
28.46419,77.14476,402.9,96,2026-09-13,1296,109.28,2,False,390.34,94.0,218.35,Delhi Industrial Site 0385,Chemical Plant,0.057570912205278754,High Intensity Fire,70,Medium
26.1188,76.87812,320.64,82,2026-05-04,529,20.42,2,False,328.6,83.0,24.560000000000002,Kota Industrial Site 0521,Power Plant,111.12987612897243,Other Thermal Anomaly,15,Low
28.65993,76.8285,341.7,77,2026-06-07,2180,15.06,1,False,341.7,77.0,15.06,Delhi Industrial Site 0577,Paper Mill,15.597978694954625,Other Thermal Anomaly,0,Low
21.23417,79.13307,373.86,92,2026-06-07,307,103.47,1,False,373.86,92.0,103.47,Nagpur Industrial Site 0207,Paper Mill,0.059378221920749354,High Intensity Fire,70,Medium
19.29206,72.91399,402.09,92,2026-05-06,1216,33.73,4,True,400.315,95.0,219.91,Thane Industrial Site 0285,Chemical Plant,0.027197815353056532,Persistent Industrial Source,90,High
10.85416,77.11414,406.24,93,2026-01-23,908,115.78,2,False,389.26,92.0,143.34,Coimbatore Industrial Site 0072,Steel Plant,0.026259646350897333,High Intensity Fire,70,Medium
12.88905,77.27724,377.63,99,2026-05-21,2271,61.97,2,False,386.46000000000004,97.5,100.15,Bengaluru Industrial Site 0197,Paper Mill,0.07639425007520793,High Intensity Fire,70,Medium
26.36198,80.59423,392.87,99,2026-03-18,1158,25.0,2,False,387.39,99.5,73.14,Kanpur Industrial Site 0299,Manufacturing Unit,0.06234565009920391,High Intensity Fire,70,Medium
31.63788,76.92563,331.47,95,2026-01-10,1333,22.14,1,False,331.47,95.0,22.14,Ludhiana Industrial Site 0555,Chemical Plant,96.03236535742448,Other Thermal Anomaly,25,Low
26.24621,80.31888,397.83,95,2026-06-19,1144,103.0,2,False,403.37,93.5,156.41,Kanpur Industrial Site 0395,Chemical Plant,0.010455708682895056,High Intensity Fire,70,Medium
20.43578,86.04489,315.47,51,2026-06-06,635,10.0,1,False,315.47,51.0,10.0,Bhubaneswar Industrial Site 0309,Manufacturing Unit,13.800597988585801,Other Thermal Anomaly,0,Low
30.82303,75.87506,389.71,91,2026-09-13,1721,100.95,3,True,392.6233333333333,94.66666666666667,232.09,Ludhiana Industrial Site 0219,Manufacturing Unit,0.02492444893155131,Persistent Industrial Source,90,High
23.42776,86.13606,395.43,91,2026-04-30,735,29.88,5,True,383.502,94.4,264.99,Bokaro Industrial Site 0133,Cement Plant,0.03453077252642423,Persistent Industrial Source,100,High
17.57516,83.29414,395.04,99,2026-01-09,906,105.18,2,False,398.305,99.5,218.28,Visakhapatnam Industrial Site 0118,Thermal Power Plant,0.022509504174719235,High Intensity Fire,70,Medium
27.12209,75.78112,377.7,100,2026-03-04,1698,111.96,4,True,381.205,97.5,353.43,Jaipur Industrial Site 0249,Manufacturing Unit,0.04531403858193317,Persistent Industrial Source,90,High
25.71691,85.30182,375.91,92,2026-06-06,1239,92.46,2,False,380.62,94.5,208.26999999999998,Patna Industrial Site 0060,Industrial Estate,0.06104157118769918,High Intensity Fire,70,Medium
25.19593,75.92394,381.66,97,2026-05-09,402,38.07,2,False,392.61,95.5,125.28,Kota Industrial Site 0233,Cement Plant,0.037492515589130526,High Intensity Fire,70,Medium
29.58009,76.79118,398.67,92,2026-04-08,153,76.63,1,False,398.67,92.0,76.63,Panipat Industrial Site 0383,Cement Plant,0.05237527445711076,High Intensity Fire,70,Medium
25.37284,85.35154,314.33,66,2026-05-26,2394,15.74,1,False,314.33,66.0,15.74,Patna Industrial Site 0780,Industrial Estate,10.441840291064347,Other Thermal Anomaly,0,Low
29.367,77.01919,388.78,93,2026-03-07,1511,107.73,3,True,381.71,94.0,286.03000000000003,Panipat Industrial Site 0335,Chemical Plant,0.03813096298698562,Persistent Industrial Source,90,High
25.53691,85.26777,400.48,91,2026-05-11,1845,68.5,2,False,402.94,92.0,170.84,Patna Industrial Site 0348,Thermal Power Plant,0.0271124626057487,High Intensity Fire,70,Medium
18.51194,73.95818,409.26,91,2026-08-27,1552,87.27,3,True,397.09,94.66666666666667,264.31,Pune Industrial Site 0200,Industrial Estate,0.03904656539016598,Persistent Industrial Source,90,High
23.45293,86.91424,372.15,99,2026-03-27,194,39.76,2,False,372.48,98.5,103.97,Asansol Industrial Site 0177,Paper Mill,0.043996990134474584,High Intensity Fire,70,Medium
25.56904,85.16407,379.48,99,2026-03-13,1018,116.64,2,False,386.85,96.5,166.35,Patna Industrial Site 0300,Industrial Estate,0.04941304055855736,High Intensity Fire,70,Medium
16.92876,82.35765,340.87,83,2026-03-20,1681,18.06,1,False,340.87,83.0,18.06,Visakhapatnam Industrial Site 1126,Textile Industry,103.722028032536,Other Thermal Anomaly,15,Low
23.02119,72.8461,369.09,96,2026-07-12,1664,45.33,1,False,369.09,96.0,45.33,Ahmedabad Industrial Site 0727,Paper Mill,6.00786990247362,High Intensity Fire,40,Low
20.16205,85.84279,408.07,99,2026-06-14,708,72.24,3,True,407.00666666666666,97.66666666666667,241.07999999999998,Bhubaneswar Industrial Site 0021,Power Plant,0.024353110744040358,Persistent Industrial Source,90,High
20.45576,73.05614,375.52,93,2026-03-21,954,49.44,1,False,375.52,93.0,49.44,Vapi Industrial Site 0048,Thermal Power Plant,0.04201826939007858,High Intensity Fire,70,Medium
28.44891,77.03384,382.76,98,2026-09-16,1523,82.07,2,False,388.90999999999997,99.0,115.04999999999998,Delhi Industrial Site 0049,Manufacturing Unit,0.03806714614576782,High Intensity Fire,70,Medium
19.60024,75.40016,389.83,82,2026-09-10,1709,19.67,1,False,389.83,82.0,19.67,Aurangabad Industrial Site 0428,Thermal Power Plant,9.062657978684094,High Intensity Fire,40,Low
12.93705,77.78505,391.11,100,2026-09-14,1733,59.0,2,False,394.5,99.5,162.22,Bengaluru Industrial Site 0101,Power Plant,0.05916405417451407,High Intensity Fire,70,Medium
23.63903,87.14497,379.87,98,2026-08-17,1210,67.6,2,False,377.71000000000004,95.5,134.48,Durgapur Industrial Site 0176,Textile Industry,0.0281859807427264,High Intensity Fire,70,Medium
26.86819,80.75113,390.86,93,2026-07-24,1507,61.08,2,False,396.875,96.0,171.89999999999998,Lucknow Industrial Site 0298,Thermal Power Plant,0.052081788071818506,High Intensity Fire,70,Medium
27.08046,74.01371,324.32,84,2026-06-26,375,6.59,2,False,330.65,83.0,10.56,Bikaner Industrial Site 1133,Cement Plant,92.74721112253704,Other Thermal Anomaly,15,Low
16.49193,80.72317,400.3,92,2026-07-11,315,59.96,3,True,383.10999999999996,95.33333333333333,198.5,Vijayawada Industrial Site 0167,Paper Mill,0.05772899367430354,Persistent Industrial Source,90,High
26.43437,73.01003,323.9,63,2026-08-13,571,16.5,1,False,323.9,63.0,16.5,Jodhpur Industrial Site 0750,Industrial Estate,9.148036393371871,Other Thermal Anomaly,0,Low
25.65292,85.38819,373.77,94,2026-07-17,44,41.62,3,True,388.5533333333333,92.33333333333333,183.43,Patna Industrial Site 0204,Refinery,0.06657167457033712,Persistent Industrial Source,90,High
28.65258,77.46673,358.29,86,2026-02-28,1940,62.41,1,False,358.29,86.0,62.41,Delhi Industrial Site 0673,Cement Plant,4.257864162228298,High Intensity Fire,30,Low
17.74895,83.27591,356.97,97,2026-06-02,202,27.88,1,False,356.97,97.0,27.88,Visakhapatnam Industrial Site 0646,Textile Industry,3.121144066284625,High Intensity Fire,40,Low
21.3225,72.30533,329.51,81,2026-07-17,1273,6.62,1,False,329.51,81.0,6.62,Surat Industrial Site 0544,Refinery,24.970074060054507,Other Thermal Anomaly,15,Low
22.90982,75.65515,386.35,98,2026-01-28,2270,36.36,5,True,388.838,94.4,325.56,Indore Industrial Site 0206,Textile Industry,0.014722230538094726,Persistent Industrial Source,100,High
26.50719,80.37696,409.87,93,2026-05-26,1547,117.64,2,False,403.36,93.0,211.14,Kanpur Industrial Site 0107,Paper Mill,0.0326908687326929,High Intensity Fire,70,Medium
25.41755,86.15056,308.75,74,2026-02-16,9,4.62,1,False,308.75,74.0,4.62,Munger Industrial Site 0324,Refinery,6.0051530049273865,Other Thermal Anomaly,0,Low
24.37712,84.96892,386.35,91,2026-04-06,1157,46.9,1,False,386.35,91.0,46.9,Gaya Industrial Site 0274,Refinery,0.05023536207451059,High Intensity Fire,70,Medium
27.04309,75.6068,373.83,92,2026-01-08,395,95.05,2,False,376.245,95.5,160.07999999999998,Jaipur Industrial Site 0297,Paper Mill,0.03939195981935267,High Intensity Fire,70,Medium
23.60904,87.32683,408.36,94,2026-08-17,584,40.74,2,False,397.15,92.5,147.39000000000001,Durgapur Industrial Site 0368,Thermal Power Plant,0.03946643137153385,High Intensity Fire,70,Medium
18.71607,73.90302,390.43,94,2026-08-23,1374,81.94,1,False,390.43,94.0,81.94,Pune Industrial Site 0104,Refinery,0.06666713626347852,High Intensity Fire,70,Medium
21.38488,81.40316,394.77,98,2026-02-02,49,27.43,3,True,384.34666666666664,95.66666666666667,162.13,Raipur Industrial Site 0367,Paper Mill,0.038055676714167444,Persistent Industrial Source,90,High
26.09862,79.05808,339.57,80,2026-08-17,2251,24.34,1,False,339.57,80.0,24.34,Agra Industrial Site 1002,Steel Plant,102.71125918435052,Other Thermal Anomaly,15,Low
22.82989,85.91498,380.7,96,2026-02-05,1843,31.84,1,False,380.7,96.0,31.84,Jamshedpur Industrial Site 0932,Steel Plant,19.37989920852598,High Intensity Fire,50,Medium
22.51456,75.97658,316.2,39,2026-04-06,913,14.35,1,False,316.2,39.0,14.35,Indore Industrial Site 0638,Thermal Power Plant,4.769262601142348,Other Thermal Anomaly,0,Low
22.59446,86.06901,333.93,73,2026-06-05,1920,9.5,1,False,333.93,73.0,9.5,Jamshedpur Industrial Site 0260,Industrial Estate,4.771045843314523,Other Thermal Anomaly,0,Low
17.45283,78.20488,371.52,96,2026-06-09,104,38.59,1,False,371.52,96.0,38.59,Hyderabad Industrial Site 0054,Refinery,9.77866445611078,High Intensity Fire,50,Medium
26.06796,91.76203,386.86,99,2026-05-23,280,63.34,3,True,382.3633333333334,97.66666666666667,211.93,Guwahati Industrial Site 0314,Refinery,0.06903701981882515,Persistent Industrial Source,90,High
25.63812,86.05389,381.16,97,2026-05-25,1999,40.24,3,True,384.3766666666667,97.33333333333333,193.03000000000003,Begusarai Industrial Site 0275,Chemical Plant,0.018584588573560726,Persistent Industrial Source,90,High
30.74894,75.82725,373.29,97,2026-09-05,1217,78.04,2,False,376.065,98.0,116.93,Ludhiana Industrial Site 0123,Cement Plant,0.07976290413312564,High Intensity Fire,70,Medium
25.65314,85.38825,394.5,92,2026-07-19,576,80.54,3,True,388.5533333333333,92.33333333333333,183.43,Patna Industrial Site 0204,Refinery,0.08190506593049547,Persistent Industrial Source,90,High
22.91002,75.65512,392.94,92,2026-05-19,2120,50.96,5,True,388.838,94.4,325.56,Indore Industrial Site 0206,Textile Industry,0.030939467004542323,Persistent Industrial Source,100,High
20.45096,85.91293,392.93,99,2026-05-11,57,104.15,2,False,399.885,96.0,183.67000000000002,Bhubaneswar Industrial Site 0309,Manufacturing Unit,0.05182061591322098,High Intensity Fire,70,Medium
29.49794,78.41941,344.05,80,2026-08-22,912,10.69,4,True,334.3175,84.0,51.879999999999995,Delhi Industrial Site 0097,Paper Mill,100.71034934091836,Persistent Non-Industrial Thermal Source,35,Low
23.52413,87.2506,321.27,90,2026-03-23,454,16.17,1,False,321.27,90.0,16.17,Durgapur Industrial Site 0992,Steel Plant,3.9707374626503413,Other Thermal Anomaly,25,Low
18.91507,72.71077,395.77,91,2026-01-15,2057,77.03,4,True,396.17,95.25,226.06,Thane Industrial Site 0093,Cement Plant,0.04221730878621681,Persistent Industrial Source,90,High
28.35221,76.94998,391.47,91,2026-05-27,1472,40.61,1,False,391.47,91.0,40.61,Delhi Industrial Site 0289,Manufacturing Unit,0.01491368417359243,High Intensity Fire,70,Medium
28.53771,77.28845,326.73,68,2026-04-16,1224,14.64,1,False,326.73,68.0,14.64,Faridabad Industrial Site 0374,Refinery,1.7727070057488454,Other Thermal Anomaly,10,Low
25.22715,86.20916,384.26,92,2026-08-22,1411,74.72,1,False,384.26,92.0,74.72,Begusarai Industrial Site 0323,Cement Plant,0.056365148047857284,High Intensity Fire,70,Medium
23.23472,85.36059,381.7,84,2026-05-01,2181,14.13,1,False,381.7,84.0,14.13,Ranchi Industrial Site 1171,Power Plant,3.195783998370763,High Intensity Fire,40,Low
30.88605,75.92013,375.8,92,2026-07-27,45,92.22,1,False,375.8,92.0,92.22,Ludhiana Industrial Site 0363,Cement Plant,0.04403284225121519,High Intensity Fire,70,Medium
24.24685,87.57159,320.16,88,2026-03-06,1395,17.99,1,False,320.16,88.0,17.99,Durgapur Industrial Site 0272,Steel Plant,63.06479793107117,Other Thermal Anomaly,15,Low
12.88886,77.27698,395.29,96,2026-04-28,1423,38.18,2,False,386.46000000000004,97.5,100.15,Bengaluru Industrial Site 0197,Paper Mill,0.05932016199102773,High Intensity Fire,70,Medium
26.72219,80.0604,384.56,85,2026-02-27,1698,71.14,1,False,384.56,85.0,71.14,Kanpur Industrial Site 0635,Chemical Plant,17.19330705605597,High Intensity Fire,40,Low
30.79909,75.9738,374.85,93,2026-06-20,1128,51.43,2,False,377.525,93.5,90.17,Ludhiana Industrial Site 0267,Paper Mill,0.05141335216440425,High Intensity Fire,70,Medium
23.46905,85.16794,335.41,86,2026-01-05,797,20.05,2,False,331.46000000000004,86.0,27.810000000000002,Ranchi Industrial Site 0835,Chemical Plant,3.5163931617223882,Other Thermal Anomaly,15,Low
22.33481,73.17407,393.49,93,2026-04-08,196,76.4,3,True,389.4866666666667,95.0,288.79,Vadodara Industrial Site 0017,Paper Mill,0.023359227299343605,Persistent Industrial Source,90,High
25.4458,86.20218,395.95,100,2026-08-28,1066,95.59,3,True,396.15000000000003,99.33333333333333,281.51,Munger Industrial Site 0324,Refinery,0.06429968719912885,Persistent Industrial Source,90,High
16.52011,80.41105,375.3,96,2026-01-10,452,103.17,2,False,381.595,96.0,188.55,Vijayawada Industrial Site 0263,Cement Plant,0.04938230304393362,High Intensity Fire,70,Medium
19.90792,75.27791,396.49,99,2026-03-01,222,59.67,1,False,396.49,99.0,59.67,Aurangabad Industrial Site 0044,Refinery,0.07794856277338345,High Intensity Fire,70,Medium
10.19485,76.55974,309.32,67,2026-05-13,1087,6.83,1,False,309.32,67.0,6.83,Kochi Industrial Site 1033,Cement Plant,15.573291638599592,Other Thermal Anomaly,0,Low
31.54111,74.87293,375.65,100,2026-08-05,453,30.56,3,True,386.71999999999997,99.33333333333333,170.5,Amritsar Industrial Site 0124,Refinery,0.023093740702623905,Persistent Industrial Source,90,High
27.13793,90.7291,324.73,86,2026-03-18,1346,6.04,1,False,324.73,86.0,6.04,Guwahati Industrial Site 0506,Textile Industry,131.6168490406859,Other Thermal Anomaly,15,Low
22.8084,72.31168,320.77,43,2026-04-30,2236,2.91,1,False,320.77,43.0,2.91,Ahmedabad Industrial Site 1015,Chemical Plant,10.034739665149875,Other Thermal Anomaly,0,Low
21.17696,86.80333,326.32,93,2026-01-25,2346,3.29,1,False,326.32,93.0,3.29,Bhubaneswar Industrial Site 0837,Paper Mill,103.06616038416902,Other Thermal Anomaly,25,Low
18.59648,74.07569,372.42,87,2026-07-09,1340,53.48,1,False,372.42,87.0,53.48,Pune Industrial Site 0872,Steel Plant,10.251095866815904,High Intensity Fire,40,Low
23.75392,87.24393,409.13,96,2026-06-07,866,102.15,2,False,401.345,95.0,166.11,Durgapur Industrial Site 0320,Industrial Estate,0.0679066996534074,High Intensity Fire,70,Medium
29.55919,76.87432,300.42,52,2026-02-27,1124,14.64,1,False,300.42,52.0,14.64,Panipat Industrial Site 1055,Chemical Plant,6.8784181536570514,Other Thermal Anomaly,0,Low
18.77096,73.54624,382.89,97,2026-02-27,2339,109.55,2,False,391.935,94.0,147.67,Pune Industrial Site 0392,Steel Plant,0.006696883311949123,High Intensity Fire,70,Medium
10.88611,76.93878,392.99,95,2026-08-07,1354,35.75,3,True,382.18333333333334,94.66666666666667,200.88,Coimbatore Industrial Site 0360,Industrial Estate,0.058517805145304774,Persistent Industrial Source,90,High
11.15979,77.20063,389.32,85,2026-04-13,1685,41.11,1,False,389.32,85.0,41.11,Coimbatore Industrial Site 0840,Industrial Estate,12.23948415978678,High Intensity Fire,40,Low
31.29408,75.85412,383.02,95,2026-06-05,1570,44.21,1,False,383.02,95.0,44.21,Jalandhar Industrial Site 0334,Refinery,0.060377909453446295,High Intensity Fire,70,Medium
27.3523,74.08411,336.73,95,2026-04-02,1591,22.27,1,False,336.73,95.0,22.27,Bikaner Industrial Site 1133,Cement Plant,69.70067897138615,Other Thermal Anomaly,25,Low
26.12126,73.33162,317.37,41,2026-07-28,445,10.32,1,False,317.37,41.0,10.32,Jodhpur Industrial Site 0174,Refinery,13.098520504122831,Other Thermal Anomaly,0,Low
27.24783,78.19196,387.34,99,2026-09-08,1241,88.17,2,False,397.80999999999995,96.0,165.65,Agra Industrial Site 0234,Refinery,0.08371983219128262,High Intensity Fire,70,Medium
23.50989,86.76314,373.91,84,2026-04-01,400,25.79,1,False,373.91,84.0,25.79,Asansol Industrial Site 0369,Manufacturing Unit,9.813444492950161,High Intensity Fire,40,Low
27.32342,78.20113,381.02,89,2026-08-29,2039,36.92,1,False,381.02,89.0,36.92,Agra Industrial Site 0234,Refinery,8.384219125619552,High Intensity Fire,40,Low
26.99978,80.94403,386.52,94,2026-03-28,1179,69.9,5,True,399.762,94.6,319.91,Lucknow Industrial Site 0346,Textile Industry,0.021963983736579602,Persistent Industrial Source,100,High
25.02879,75.67169,373.37,82,2026-08-10,789,49.95,1,False,373.37,82.0,49.95,Kota Industrial Site 0329,Manufacturing Unit,2.5689015941119098,High Intensity Fire,40,Low
18.88511,72.81181,323.12,76,2026-07-27,1168,9.07,1,False,323.12,76.0,9.07,Mumbai Industrial Site 0674,Refinery,6.015424070981909,Other Thermal Anomaly,0,Low
26.25105,80.44901,326.2,52,2026-02-11,1462,16.54,1,False,326.2,52.0,16.54,Kanpur Industrial Site 1019,Manufacturing Unit,10.987625050683748,Other Thermal Anomaly,0,Low
22.40881,73.64595,374.45,95,2026-08-11,1585,87.17,4,True,391.73,95.0,267.26,Vadodara Industrial Site 0065,Chemical Plant,0.009415006321488348,Persistent Industrial Source,90,High
20.22294,73.61694,384.17,96,2026-09-13,423,94.26,3,True,394.56333333333333,97.33333333333333,282.55,Nashik Industrial Site 0187,Paper Mill,0.012957589653191635,Persistent Industrial Source,90,High
10.88601,76.93901,379.89,94,2026-04-28,488,76.64,3,True,382.18333333333334,94.66666666666667,200.88,Coimbatore Industrial Site 0360,Industrial Estate,0.031433622428707286,Persistent Industrial Source,90,High
19.85983,73.52201,313.5,68,2026-05-06,605,14.96,1,False,313.5,68.0,14.96,Nashik Industrial Site 1195,Chemical Plant,4.182058244312826,Other Thermal Anomaly,0,Low
25.86096,84.7012,381.92,91,2026-04-08,1696,83.11,3,True,384.90000000000003,94.33333333333333,198.84,Patna Industrial Site 0012,Steel Plant,0.0680477931038341,Persistent Industrial Source,90,High
12.73379,79.88205,405.19,92,2026-04-11,1448,116.51,2,False,398.3,96.0,198.57,Chennai Industrial Site 0244,Refinery,0.038506995598509064,High Intensity Fire,70,Medium
19.1543,72.69384,310.32,66,2026-01-14,401,12.63,1,False,310.32,66.0,12.63,Mumbai Industrial Site 0914,Refinery,9.676932916737462,Other Thermal Anomaly,0,Low
23.18753,70.05873,332.47,92,2026-01-26,2206,20.89,1,False,332.47,92.0,20.89,Rajkot Industrial Site 0834,Refinery,94.81714616803946,Other Thermal Anomaly,25,Low
12.99308,80.36101,388.98,99,2026-04-02,2338,103.41,2,False,381.9,98.0,146.68,Chennai Industrial Site 0388,Thermal Power Plant,0.07539425348846901,High Intensity Fire,70,Medium
19.73799,73.62165,311.4,39,2026-06-06,849,13.73,1,False,311.4,39.0,13.73,Nashik Industrial Site 0715,Chemical Plant,9.276107723765055,Other Thermal Anomaly,0,Low
17.71485,83.19712,376.26,98,2026-06-17,20,84.29,1,False,376.26,98.0,84.29,Visakhapatnam Industrial Site 0214,Refinery,0.04341126440057109,High Intensity Fire,70,Medium
27.90692,73.13889,402.94,97,2026-05-02,698,36.15,3,True,405.65000000000003,96.0,244.86,Bikaner Industrial Site 0077,Paper Mill,0.029852732257271693,Persistent Industrial Source,90,High
28.44897,77.03379,395.06,100,2026-04-14,1170,32.98,2,False,388.90999999999997,99.0,115.04999999999998,Delhi Industrial Site 0049,Manufacturing Unit,0.045547973632380424,High Intensity Fire,70,Medium
26.48179,84.33991,324.66,81,2026-08-31,511,9.24,1,False,324.66,81.0,9.24,Patna Industrial Site 0012,Steel Plant,77.81342243244569,Other Thermal Anomaly,15,Low
26.60993,80.88638,347.75,54,2026-04-25,132,14.47,1,False,347.75,54.0,14.47,Lucknow Industrial Site 0202,Steel Plant,9.861163139526171,Other Thermal Anomaly,0,Low
24.50673,87.36099,342.93,94,2026-01-19,1801,3.41,1,False,342.93,94.0,3.41,Asansol Industrial Site 0609,Manufacturing Unit,70.64018532839395,Other Thermal Anomaly,25,Low
28.45018,76.76077,405.55,100,2026-06-03,2037,92.86,4,True,395.24,95.75,294.57,Gurugram Industrial Site 0135,Chemical Plant,0.024542493956960284,Persistent Industrial Source,90,High
23.43398,85.27905,401.89,94,2026-05-27,2294,30.01,2,False,390.04999999999995,95.5,123.48,Ranchi Industrial Site 0163,Cement Plant,0.02002411042879032,High Intensity Fire,70,Medium
12.92491,80.2679,398.78,98,2026-04-15,2097,101.01,3,True,390.8033333333333,94.33333333333333,313.26,Chennai Industrial Site 0004,Refinery,0.028815020445092734,Persistent Industrial Source,90,High
21.12276,81.13289,377.06,97,2026-04-01,33,81.69,3,True,382.89000000000004,97.33333333333333,267.4,Raipur Industrial Site 0223,Cement Plant,0.04203712908412771,Persistent Industrial Source,90,High
23.57933,85.87768,302.33,68,2026-03-08,437,14.83,1,False,302.33,68.0,14.83,Bokaro Industrial Site 1093,Cement Plant,7.355389920964422,Other Thermal Anomaly,0,Low
26.50693,80.37676,396.85,93,2026-03-02,2223,93.5,2,False,403.36,93.0,211.14,Kanpur Industrial Site 0107,Paper Mill,0.03285585527375637,High Intensity Fire,70,Medium
23.05692,77.24095,387.63,93,2026-07-11,1889,48.47,3,True,395.0,96.33333333333333,261.65,Bhopal Industrial Site 0205,Chemical Plant,0.05121258537308614,Persistent Industrial Source,90,High
26.16211,73.18365,323.82,54,2026-05-15,1403,3.15,1,False,323.82,54.0,3.15,Jodhpur Industrial Site 0798,Thermal Power Plant,13.701748899464047,Other Thermal Anomaly,0,Low
30.82313,75.87512,403.81,95,2026-07-03,1059,82.39,3,True,392.6233333333333,94.66666666666667,232.09,Ludhiana Industrial Site 0219,Manufacturing Unit,0.03559518699208918,Persistent Industrial Source,90,High
26.95815,80.83288,388.45,97,2026-09-10,1508,97.32,2,False,395.09000000000003,97.0,206.31,Lucknow Industrial Site 0154,Refinery,0.038192151605711586,High Intensity Fire,70,Medium
28.281,76.85476,398.03,95,2026-06-27,254,39.02,3,True,399.1666666666667,98.0,105.61000000000001,Gurugram Industrial Site 0231,Power Plant,0.06436256873709835,Persistent Industrial Source,90,High
23.28925,77.41434,313.74,78,2026-05-07,344,16.72,1,False,313.74,78.0,16.72,Bhopal Industrial Site 0493,Cement Plant,3.5202754834315773,Other Thermal Anomaly,0,Low
20.61417,73.03186,398.46,99,2026-06-06,1286,76.4,2,False,403.71500000000003,96.5,145.19,Vapi Industrial Site 0096,Textile Industry,0.03952721575500563,High Intensity Fire,70,Medium
16.82195,83.95482,328.09,94,2026-06-20,1793,13.45,1,False,328.09,94.0,13.45,Visakhapatnam Industrial Site 1030,Industrial Estate,84.27564259411582,Other Thermal Anomaly,25,Low
26.66821,80.9621,376.98,98,2026-06-20,1665,67.91,1,False,376.98,98.0,67.91,Lucknow Industrial Site 0202,Steel Plant,0.07038873194422755,High Intensity Fire,70,Medium
31.0128,75.77292,407.52,97,2026-03-31,2135,86.25,1,False,407.52,97.0,86.25,Ludhiana Industrial Site 0171,Power Plant,0.007975348838963859,High Intensity Fire,70,Medium
20.51396,85.57805,383.25,98,2026-08-05,865,99.06,5,True,385.956,96.2,451.33,Bhubaneswar Industrial Site 0213,Cement Plant,0.03162164158515376,Persistent Industrial Source,100,High
27.23804,78.28312,305.34,67,2026-05-03,338,0.97,1,False,305.34,67.0,0.97,Agra Industrial Site 0234,Refinery,9.032615872455791,Other Thermal Anomaly,0,Low
22.33515,73.17404,381.5,93,2026-05-18,1840,103.4,3,True,389.4866666666667,95.0,288.79,Vadodara Industrial Site 0017,Paper Mill,0.03801526955393132,Persistent Industrial Source,90,High
22.80907,86.52993,398.65,96,2026-02-25,198,105.46,1,False,398.65,96.0,105.46,Jamshedpur Industrial Site 0212,Steel Plant,0.03749818264212736,High Intensity Fire,70,Medium
21.41056,73.07957,340.25,43,2026-08-25,1342,2.49,1,False,340.25,43.0,2.49,Surat Industrial Site 0880,Industrial Estate,10.482459645631549,Other Thermal Anomaly,0,Low
28.59006,77.25996,379.97,94,2026-08-19,1513,34.59,1,False,379.97,94.0,34.59,Noida Industrial Site 0184,Refinery,0.044862104099694565,High Intensity Fire,70,Medium
22.55772,71.04336,321.34,64,2026-05-24,665,2.25,1,False,321.34,64.0,2.25,Rajkot Industrial Site 1170,Industrial Estate,16.950383314695067,Other Thermal Anomaly,0,Low
20.96977,79.31011,408.21,92,2026-01-19,1146,40.07,2,False,392.395,92.0,127.25999999999999,Nagpur Industrial Site 0255,Chemical Plant,0.04162765458075214,High Intensity Fire,70,Medium
22.83986,86.1929,389.7,92,2026-09-02,1274,47.63,1,False,389.7,92.0,47.63,Jamshedpur Industrial Site 0020,Industrial Estate,0.04447181812106429,High Intensity Fire,70,Medium
25.01908,75.6488,390.2,93,2026-01-18,1138,53.71,3,True,386.03999999999996,95.33333333333333,206.55,Kota Industrial Site 0329,Manufacturing Unit,0.02640942902064837,Persistent Industrial Source,90,High
21.38502,81.40288,380.89,98,2026-05-01,130,26.1,3,True,384.34666666666664,95.66666666666667,162.13,Raipur Industrial Site 0367,Paper Mill,0.006311086771709669,Persistent Industrial Source,90,High
13.0647,80.35976,366.84,96,2026-08-31,495,31.95,1,False,366.84,96.0,31.95,Chennai Industrial Site 0964,Refinery,5.034422427475406,High Intensity Fire,40,Low
26.45003,72.71713,396.51,94,2026-09-06,2226,65.16,2,False,386.695,94.5,166.87,Jodhpur Industrial Site 0126,Textile Industry,0.014993829671154063,High Intensity Fire,70,Medium
29.49821,78.4193,332.77,91,2026-03-01,1296,23.77,4,True,334.3175,84.0,51.879999999999995,Delhi Industrial Site 0097,Paper Mill,100.72336824353194,Persistent Non-Industrial Thermal Source,45,Low
19.84991,74.91713,392.9,94,2026-03-01,1980,82.35,2,False,384.48,96.0,162.51999999999998,Aurangabad Industrial Site 0140,Industrial Estate,0.030661936089796085,High Intensity Fire,70,Medium
31.47717,74.86899,378.33,94,2026-05-25,539,51.92,2,False,392.85,93.0,103.21000000000001,Amritsar Industrial Site 0316,Textile Industry,0.03195393437552583,High Intensity Fire,70,Medium
28.26187,77.41013,378.51,100,2026-07-20,1344,39.04,2,False,378.69,96.5,81.0,Faridabad Industrial Site 0134,Refinery,0.052701620641408035,High Intensity Fire,70,Medium
31.24814,74.93005,388.58,97,2026-04-18,1927,97.39,2,False,393.11,95.5,183.75,Amritsar Industrial Site 0076,Textile Industry,0.04451858864169881,High Intensity Fire,70,Medium
24.62919,86.49837,321.13,85,2026-04-25,736,11.49,1,False,321.13,85.0,11.49,Munger Industrial Site 0132,Steel Plant,58.572023420395624,Other Thermal Anomaly,15,Low
30.80912,75.95851,342.25,84,2026-05-18,1220,7.09,3,True,338.39000000000004,86.33333333333333,29.02,Ludhiana Industrial Site 0267,Paper Mill,1.7901094853120147,Persistent Industrial Source,45,Low
27.12214,75.7809,379.15,92,2026-01-29,2004,62.85,4,True,381.205,97.5,353.43,Jaipur Industrial Site 0249,Manufacturing Unit,0.02963601407054867,Persistent Industrial Source,90,High
28.013,74.857,344.71,81,2026-02-20,698,10.43,2,False,340.19,85.0,15.93,Jaipur Industrial Site 1161,Power Plant,114.29047113985479,Other Thermal Anomaly,15,Low
25.09518,72.2062,326.47,94,2026-04-24,196,4.64,2,False,333.70500000000004,91.0,19.07,Jodhpur Industrial Site 0702,Steel Plant,115.03268242731151,Other Thermal Anomaly,25,Low
27.22107,77.75712,301.48,55,2026-07-09,583,3.39,1,False,301.48,55.0,3.39,Agra Industrial Site 0570,Industrial Estate,5.293222495135194,Other Thermal Anomaly,0,Low
21.05669,72.8542,324.56,38,2026-05-28,1570,11.81,1,False,324.56,38.0,11.81,Surat Industrial Site 0112,Steel Plant,8.73886219072818,Other Thermal Anomaly,0,Low
21.38478,81.40284,377.38,91,2026-08-22,1739,108.6,3,True,384.34666666666664,95.66666666666667,162.13,Raipur Industrial Site 0367,Paper Mill,0.025658531728788257,Persistent Industrial Source,90,High
23.12201,77.319,377.79,91,2026-06-24,963,115.25,4,True,383.075,95.0,413.64,Bhopal Industrial Site 0253,Cement Plant,0.05357914896939931,Persistent Industrial Source,90,High
16.58603,80.36787,380.22,87,2026-04-07,1220,49.53,1,False,380.22,87.0,49.53,Vijayawada Industrial Site 0263,Cement Plant,8.703744921910008,High Intensity Fire,40,Low
26.75087,75.62717,403.72,91,2026-06-04,930,112.42,2,False,404.75,95.5,169.62,Jaipur Industrial Site 0057,Paper Mill,0.062168030798709445,High Intensity Fire,70,Medium
23.4039,87.29544,317.74,65,2026-09-18,478,4.42,1,False,317.74,65.0,4.42,Durgapur Industrial Site 0800,Industrial Estate,5.880129343451497,Other Thermal Anomaly,0,Low
25.2959,86.2781,400.3,91,2026-02-19,1820,61.76,3,True,393.34,96.0,242.32999999999998,Munger Industrial Site 0084,Refinery,0.0526085634559358,Persistent Industrial Source,90,High
23.78118,87.1124,325.51,47,2026-04-18,2374,9.98,1,False,325.51,47.0,9.98,Asansol Industrial Site 0273,Cement Plant,2.3370596407184143,Other Thermal Anomaly,0,Low
22.50014,88.47312,382.95,95,2026-06-14,719,94.93,3,True,384.73333333333335,94.0,237.32,Kolkata Industrial Site 0291,Power Plant,0.03630176215933696,Persistent Industrial Source,90,High
25.55544,84.96357,332.23,43,2026-03-21,2347,9.28,1,False,332.23,43.0,9.28,Patna Industrial Site 0108,Thermal Power Plant,8.10404418898038,Other Thermal Anomaly,0,Low
25.9126,91.38681,339.1,44,2026-04-30,1218,4.08,1,False,339.1,44.0,4.08,Guwahati Industrial Site 0554,Refinery,17.615169105120877,Other Thermal Anomaly,0,Low
22.77487,75.76483,382.52,95,2026-02-18,536,110.71,1,False,382.52,95.0,110.71,Indore Industrial Site 0350,Industrial Estate,0.021127036062456427,High Intensity Fire,70,Medium
22.49978,88.47301,389.02,95,2026-04-26,907,68.15,3,True,384.73333333333335,94.0,237.32,Kolkata Industrial Site 0291,Power Plant,0.07784082340292064,Persistent Industrial Source,90,High
26.17609,91.95486,395.35,92,2026-06-06,711,59.93,2,False,395.995,94.5,170.39,Guwahati Industrial Site 0074,Refinery,0.04693596678867506,High Intensity Fire,70,Medium
25.36039,75.92903,345.08,39,2026-08-15,1043,13.5,1,False,345.08,39.0,13.5,Kota Industrial Site 0953,Cement Plant,6.06850398877891,Other Thermal Anomaly,0,Low
28.62408,77.54255,330.68,45,2026-04-29,635,11.98,1,False,330.68,45.0,11.98,Faridabad Industrial Site 0710,Industrial Estate,5.914919620994538,Other Thermal Anomaly,0,Low
31.24421,75.70476,375.34,91,2026-02-07,973,85.85,1,False,375.34,91.0,85.85,Jalandhar Industrial Site 0286,Textile Industry,0.055667020643459304,High Intensity Fire,70,Medium
19.75611,75.69393,408.57,98,2026-05-20,1374,74.85,4,True,401.86,95.75,327.57,Aurangabad Industrial Site 0236,Textile Industry,0.03246054674680156,Persistent Industrial Source,90,High
23.1222,77.31907,372.95,100,2026-01-03,619,97.86,4,True,383.075,95.0,413.64,Bhopal Industrial Site 0253,Cement Plant,0.07333565891009748,Persistent Industrial Source,90,High
22.12406,80.01389,342.43,81,2026-04-30,2067,17.72,3,True,335.04333333333335,88.33333333333333,46.589999999999996,Nagpur Industrial Site 1071,Power Plant,111.06947611898772,Persistent Non-Industrial Thermal Source,35,Low
20.32384,72.88105,401.89,93,2026-04-04,1507,89.67,1,False,401.89,93.0,89.67,Vapi Industrial Site 0192,Steel Plant,0.016543606739006556,High Intensity Fire,70,Medium
21.17707,86.80354,341.73,91,2026-04-18,831,23.72,2,False,331.65,90.5,47.89,Bhubaneswar Industrial Site 0837,Paper Mill,103.08839787449696,Other Thermal Anomaly,25,Low
31.82991,74.7913,360.93,86,2026-06-27,291,18.06,1,False,360.93,86.0,18.06,Amritsar Industrial Site 0172,Steel Plant,0.6877242521805788,High Intensity Fire,50,Medium
22.95512,72.68813,406.63,100,2026-02-06,1808,64.63,2,False,402.315,95.5,140.83999999999997,Ahmedabad Industrial Site 0343,Cement Plant,0.039204882094166255,High Intensity Fire,70,Medium
20.2231,73.61711,391.72,98,2026-05-05,1541,89.01,3,True,394.56333333333333,97.33333333333333,282.55,Nashik Industrial Site 0187,Paper Mill,0.015367955969089736,Persistent Industrial Source,90,High
31.79723,74.95382,391.31,98,2026-04-11,1199,47.81,1,False,391.31,98.0,47.81,Amritsar Industrial Site 0364,Refinery,0.041952940223788454,High Intensity Fire,70,Medium
27.02615,78.04099,377.97,93,2026-06-14,1197,62.76,1,False,377.97,93.0,62.76,Agra Industrial Site 0330,Industrial Estate,3.5180279007175974,High Intensity Fire,50,Medium
31.56841,74.99682,329.93,42,2026-04-12,1851,9.42,1,False,329.93,42.0,9.42,Amritsar Industrial Site 1084,Refinery,1.9704891547251473,Other Thermal Anomaly,10,Low
22.36619,73.14683,386.46,98,2026-05-09,1761,37.77,4,True,396.5125,95.5,219.27,Vadodara Industrial Site 0161,Power Plant,0.06268381623640396,Persistent Industrial Source,90,High
25.60306,84.9032,379.04,96,2026-08-10,1510,100.27,2,False,390.27,95.0,161.39,Patna Industrial Site 0108,Thermal Power Plant,0.06066631246815166,High Intensity Fire,70,Medium
28.36318,77.28222,399.25,97,2026-06-11,2303,31.17,2,False,395.43,98.0,143.4,Faridabad Industrial Site 0278,Thermal Power Plant,0.07349656453047737,High Intensity Fire,70,Medium
12.64885,77.5408,305.83,52,2026-05-24,1561,14.6,1,False,305.83,52.0,14.6,Bengaluru Industrial Site 0773,Cement Plant,21.888416308835,Other Thermal Anomaly,0,Low
30.77351,75.84535,371.69,94,2026-04-15,929,35.64,1,False,371.69,94.0,35.64,Ludhiana Industrial Site 0123,Cement Plant,3.2253610982784324,High Intensity Fire,50,Medium
23.52386,87.25045,332.22,84,2026-04-21,1913,5.53,1,False,332.22,84.0,5.53,Durgapur Industrial Site 0992,Steel Plant,3.996057031952882,Other Thermal Anomaly,15,Low
20.02855,75.14489,332.9,46,2026-06-19,2322,2.44,1,False,332.9,46.0,2.44,Aurangabad Industrial Site 1148,Thermal Power Plant,6.556522052123667,Other Thermal Anomaly,0,Low
26.36205,80.59396,381.91,100,2026-05-07,203,48.14,2,False,387.39,99.5,73.14,Kanpur Industrial Site 0299,Manufacturing Unit,0.04893591098317382,High Intensity Fire,70,Medium
19.49222,73.27076,390.39,93,2026-04-06,1062,28.78,2,False,390.07,94.5,58.22,Thane Industrial Site 0237,Paper Mill,0.04569824622977687,High Intensity Fire,70,Medium
26.40887,91.90287,397.34,100,2026-03-01,2396,30.28,2,False,396.40999999999997,97.0,65.63,Guwahati Industrial Site 0026,Textile Industry,0.012271919505565557,High Intensity Fire,70,Medium
22.84283,72.72706,406.61,99,2026-02-14,1306,52.14,3,True,404.4433333333333,98.33333333333333,213.34,Ahmedabad Industrial Site 0103,Cement Plant,0.058292521960467074,Persistent Industrial Source,90,High
23.69212,86.88479,374.36,99,2026-08-28,2054,76.15,4,True,393.0475,96.5,301.36,Asansol Industrial Site 0225,Chemical Plant,0.046377563305665705,Persistent Industrial Source,90,High
21.29478,79.19097,346.42,42,2026-01-21,1040,12.49,1,False,346.42,42.0,12.49,Nagpur Industrial Site 1023,Cement Plant,4.277589010313494,Other Thermal Anomaly,0,Low
25.66099,85.0629,337.78,49,2026-07-12,1824,14.12,1,False,337.78,49.0,14.12,Patna Industrial Site 1068,Thermal Power Plant,5.241106866639136,Other Thermal Anomaly,0,Low
26.11892,76.87813,336.56,84,2026-04-25,221,4.14,2,False,328.6,83.0,24.560000000000002,Kota Industrial Site 0521,Power Plant,111.14061311357348,Other Thermal Anomaly,15,Low
13.26286,77.44206,373.69,97,2026-05-24,416,80.86,1,False,373.69,97.0,80.86,Bengaluru Industrial Site 0293,Cement Plant,0.05066000174678697,High Intensity Fire,70,Medium
20.45324,72.83105,381.43,96,2026-05-05,1139,52.88,1,False,381.43,96.0,52.88,Vapi Industrial Site 0384,Refinery,0.023443718843621664,High Intensity Fire,70,Medium
24.79797,86.07408,335.71,82,2026-05-08,2201,4.45,2,False,329.475,82.0,17.24,Begusarai Industrial Site 0227,Paper Mill,42.4445417834501,Other Thermal Anomaly,15,Low
21.16605,72.58878,409.21,96,2026-04-01,1962,83.56,2,False,403.085,97.5,153.79000000000002,Surat Industrial Site 0304,Refinery,0.0546169837925337,High Intensity Fire,70,Medium
31.6671,75.8488,408.01,91,2026-07-28,1092,97.07,2,False,404.78,95.0,205.51,Jalandhar Industrial Site 0142,Steel Plant,0.06262057049634888,High Intensity Fire,70,Medium
22.12388,80.01379,334.39,90,2026-07-29,1001,14.84,3,True,335.04333333333335,88.33333333333333,46.589999999999996,Nagpur Industrial Site 1071,Power Plant,111.04834323808659,Persistent Non-Industrial Thermal Source,45,Low
22.61724,86.10821,378.05,94,2026-09-06,1287,86.36,3,True,392.51666666666665,93.33333333333333,243.02,Jamshedpur Industrial Site 0260,Industrial Estate,0.02282348821829217,Persistent Industrial Source,90,High
19.10914,72.90688,396.87,98,2026-05-18,1789,39.19,2,False,400.125,97.5,84.34,Mumbai Industrial Site 0194,Refinery,0.027536779431643645,High Intensity Fire,70,Medium
28.52587,77.384,375.54,97,2026-01-03,818,108.88,2,False,386.105,94.0,164.10999999999999,Faridabad Industrial Site 0182,Steel Plant,0.07876898972897069,High Intensity Fire,70,Medium
24.26373,76.92177,344.6,95,2026-05-06,2118,10.2,1,False,344.6,95.0,10.2,Bhopal Industrial Site 0013,Cement Plant,82.08458163063156,Other Thermal Anomaly,25,Low
23.69211,86.88509,407.13,95,2026-06-12,1641,43.67,4,True,393.0475,96.5,301.36,Asansol Industrial Site 0225,Chemical Plant,0.041754965476304785,Persistent Industrial Source,90,High
19.28433,74.4452,330.75,95,2026-02-08,2324,17.18,1,False,330.75,95.0,17.18,Nashik Industrial Site 0763,Cement Plant,54.87346771406346,Other Thermal Anomaly,25,Low
25.19605,75.92389,403.56,94,2026-01-06,1878,87.21,2,False,392.61,95.5,125.28,Kota Industrial Site 0233,Cement Plant,0.036785469527236964,High Intensity Fire,70,Medium
24.33146,87.9985,341.14,93,2026-03-15,993,9.04,1,False,341.14,93.0,9.04,Durgapur Industrial Site 1184,Refinery,89.648469820802,Other Thermal Anomaly,25,Low
24.73395,85.00891,372.44,92,2026-01-15,1402,93.85,2,False,389.25,95.5,154.26,Gaya Industrial Site 0178,Thermal Power Plant,0.049599346433364604,High Intensity Fire,70,Medium
22.73072,75.58171,385.91,92,2026-06-24,1118,60.54,1,False,385.91,92.0,60.54,Indore Industrial Site 0926,Textile Industry,10.171757596479413,High Intensity Fire,50,Medium
19.99208,73.62917,322.42,41,2026-06-19,1269,9.99,1,False,322.42,41.0,9.99,Nashik Industrial Site 0235,Chemical Plant,2.8719315066599784,Other Thermal Anomaly,0,Low
19.16245,73.10185,306.21,36,2026-03-24,1804,3.5,1,False,306.21,36.0,3.5,Mumbai Industrial Site 0290,Industrial Estate,2.3555797894012502,Other Thermal Anomaly,0,Low
23.49004,87.09579,406.0,95,2026-08-03,1597,61.78,2,False,395.03499999999997,93.0,169.55,Durgapur Industrial Site 0128,Thermal Power Plant,0.04834378083427906,High Intensity Fire,70,Medium
12.92488,80.26806,398.2,94,2026-06-06,1472,96.89,3,True,390.8033333333333,94.33333333333333,313.26,Chennai Industrial Site 0004,Refinery,0.04585902806544467,Persistent Industrial Source,90,High
28.56719,77.28901,373.03,82,2026-01-19,2201,33.8,1,False,373.03,82.0,33.8,Faridabad Industrial Site 0374,Refinery,3.3649442633387427,High Intensity Fire,40,Low
26.36422,80.19811,390.1,94,2026-09-08,1361,86.97,4,True,399.938,93.6,447.97,Kanpur Industrial Site 0155,Chemical Plant,0.04391288990798439,Persistent Industrial Source,90,High
26.3809,80.38817,400.11,95,2026-03-30,1894,110.91,3,True,393.33,93.66666666666667,237.88,Kanpur Industrial Site 0059,Manufacturing Unit,0.04481828351470312,Persistent Industrial Source,90,High
23.54682,85.99997,399.93,92,2026-04-12,2326,105.46,3,True,399.07666666666665,95.33333333333333,254.69,Bokaro Industrial Site 0229,Manufacturing Unit,0.02907196885545057,Persistent Industrial Source,90,High
17.69341,72.81833,324.8,93,2026-02-20,73,15.69,3,True,334.3833333333334,87.33333333333333,48.54,Pune Industrial Site 0488,Thermal Power Plant,104.16430490864735,Persistent Non-Industrial Thermal Source,45,Low
12.85526,80.09542,320.5,36,2026-07-09,28,17.31,1,False,320.5,36.0,17.31,Chennai Industrial Site 0580,Industrial Estate,0.8903641885959287,Other Thermal Anomaly,20,Low
23.41056,74.89215,339.82,82,2026-05-22,373,18.08,1,False,339.82,82.0,18.08,Indore Industrial Site 0974,Refinery,93.14306251677908,Other Thermal Anomaly,15,Low
9.6567,76.06768,326.4,59,2026-04-10,94,15.64,1,False,326.4,59.0,15.64,Kochi Industrial Site 0553,Cement Plant,13.330047243484275,Other Thermal Anomaly,0,Low
13.20332,79.93924,332.71,37,2026-06-17,23,1.88,1,False,332.71,37.0,1.88,Chennai Industrial Site 0628,Thermal Power Plant,7.854569460995313,Other Thermal Anomaly,0,Low
23.56529,86.78221,344.94,45,2026-08-05,315,9.67,1,False,344.94,45.0,9.67,Asansol Industrial Site 0369,Manufacturing Unit,5.514372127849271,Other Thermal Anomaly,0,Low
23.43508,77.37485,373.68,97,2026-04-29,1835,96.3,3,True,387.74666666666667,98.33333333333333,169.48,Bhopal Industrial Site 0349,Manufacturing Unit,0.0407848603481955,Persistent Industrial Source,90,High
23.54721,86.00004,391.74,100,2026-02-21,1174,37.94,3,True,399.07666666666665,95.33333333333333,254.69,Bokaro Industrial Site 0229,Manufacturing Unit,0.07299199549070254,Persistent Industrial Source,90,High
26.63592,81.13811,396.03,91,2026-08-15,531,98.5,1,False,396.03,91.0,98.5,Lucknow Industrial Site 0394,Refinery,0.06306686457205776,High Intensity Fire,70,Medium
23.19989,72.41798,386.69,100,2026-01-14,1779,76.86,2,False,397.83000000000004,95.5,132.07999999999998,Ahmedabad Industrial Site 0295,Chemical Plant,0.07277956722286881,High Intensity Fire,70,Medium
25.09498,72.20625,340.94,88,2026-04-14,602,14.43,2,False,333.70500000000004,91.0,19.07,Jodhpur Industrial Site 0702,Steel Plant,115.04978889188575,Other Thermal Anomaly,15,Low
26.38087,80.38791,403.73,92,2026-02-27,1647,84.44,3,True,393.33,93.66666666666667,237.88,Kanpur Industrial Site 0059,Manufacturing Unit,0.05641558282611175,Persistent Industrial Source,90,High
25.20792,90.77175,330.79,84,2026-03-04,520,7.23,1,False,330.79,84.0,7.23,Guwahati Industrial Site 0554,Refinery,114.69073948339962,Other Thermal Anomaly,15,Low
26.06811,91.76212,385.98,97,2026-05-25,96,29.09,3,True,382.3633333333334,97.66666666666667,211.93,Guwahati Industrial Site 0314,Refinery,0.05012687988106323,Persistent Industrial Source,90,High
27.77095,73.39,397.7,96,2026-01-09,1597,100.82,1,False,397.7,96.0,100.82,Bikaner Industrial Site 0125,Chemical Plant,0.048170574638688506,High Intensity Fire,70,Medium
20.17931,72.95949,389.21,84,2026-04-17,650,50.86,1,False,389.21,84.0,50.86,Vapi Industrial Site 0336,Textile Industry,2.0184762008111887,High Intensity Fire,40,Low
19.29203,72.91421,396.38,92,2026-05-22,842,29.75,4,True,400.315,95.0,219.91,Thane Industrial Site 0285,Chemical Plant,0.03671838149095118,Persistent Industrial Source,90,High
21.03216,72.50203,406.77,91,2026-03-02,78,106.09,2,False,405.53,94.5,168.05,Surat Industrial Site 0016,Textile Industry,0.054633803889208445,High Intensity Fire,70,Medium
22.12413,80.01372,328.31,94,2026-07-25,505,14.03,3,True,335.04333333333335,88.33333333333333,46.589999999999996,Nagpur Industrial Site 1071,Power Plant,111.0618629660185,Persistent Non-Industrial Thermal Source,45,Low
11.13899,77.03777,387.95,92,2026-07-09,109,100.66,2,False,385.96000000000004,92.0,141.34,Coimbatore Industrial Site 0024,Refinery,0.044570898572115894,High Intensity Fire,70,Medium
18.93283,72.87574,341.24,48,2026-09-08,487,11.23,1,False,341.24,48.0,11.23,Mumbai Industrial Site 0674,Refinery,4.250452201253731,Other Thermal Anomaly,0,Low
26.15002,72.94423,372.93,98,2026-03-01,558,82.54,1,False,372.93,98.0,82.54,Jodhpur Industrial Site 0078,Thermal Power Plant,0.007074863656231353,High Intensity Fire,70,Medium
25.56049,85.03007,308.17,40,2026-09-16,873,5.24,1,False,308.17,40.0,5.24,Patna Industrial Site 0924,Refinery,7.043822559494809,Other Thermal Anomaly,0,Low
26.27731,86.86977,344.37,93,2026-07-21,1330,9.22,1,False,344.37,93.0,9.22,Munger Industrial Site 0564,Refinery,86.9171849748902,Other Thermal Anomaly,25,Low
28.85153,77.07277,363.39,99,2026-09-18,418,78.95,1,False,363.39,99.0,78.95,Delhi Industrial Site 0721,Power Plant,10.10451896152833,High Intensity Fire,40,Low
31.60847,75.06289,326.54,63,2026-01-13,948,1.96,1,False,326.54,63.0,1.96,Amritsar Industrial Site 0940,Industrial Estate,7.462050581211772,Other Thermal Anomaly,0,Low
10.01231,76.11755,339.61,95,2026-02-02,1243,8.98,3,True,330.90333333333336,92.33333333333333,32.93,Kochi Industrial Site 0217,Paper Mill,6.222584635694695,Persistent Non-Industrial Thermal Source,45,Low
31.65267,75.06826,344.42,86,2026-05-13,2050,19.91,2,False,337.70000000000005,83.0,37.84,Amritsar Industrial Site 1084,Refinery,11.798684706075626,Other Thermal Anomaly,15,Low
20.40663,72.64787,319.12,53,2026-08-01,1068,3.21,1,False,319.12,53.0,3.21,Vapi Industrial Site 0960,Industrial Estate,3.6871944647947963,Other Thermal Anomaly,0,Low
28.48298,77.40623,393.4,100,2026-07-22,2339,59.61,2,False,394.195,98.0,98.93,Noida Industrial Site 0328,Thermal Power Plant,0.05456434965369896,High Intensity Fire,70,Medium
26.15502,72.97295,377.02,98,2026-02-18,838,60.65,1,False,377.02,98.0,60.65,Jodhpur Industrial Site 0366,Textile Industry,0.05510359292913032,High Intensity Fire,70,Medium
28.3632,77.28212,391.61,99,2026-05-25,995,112.23,2,False,395.43,98.0,143.4,Faridabad Industrial Site 0278,Thermal Power Plant,0.06782013638448758,High Intensity Fire,70,Medium
19.10875,72.90702,403.38,97,2026-08-05,2265,45.15,2,False,400.125,97.5,84.34,Mumbai Industrial Site 0194,Refinery,0.0717466585833343,High Intensity Fire,70,Medium
23.8819,86.97588,395.09,95,2026-09-19,204,46.96,2,False,389.03,96.0,97.99000000000001,Asansol Industrial Site 0033,Cement Plant,0.05412220966373013,High Intensity Fire,70,Medium
26.36398,80.19824,407.07,91,2026-01-29,124,111.38,4,True,399.938,93.6,447.97,Kanpur Industrial Site 0155,Chemical Plant,0.02937210676356077,Persistent Industrial Source,90,High
17.44573,75.00031,339.43,92,2026-04-13,2278,20.06,2,False,334.40999999999997,93.5,39.14,Pune Industrial Site 0344,Refinery,143.85502396328715,Other Thermal Anomaly,25,Low
22.06946,73.27831,327.33,36,2026-03-15,244,0.83,1,False,327.33,36.0,0.83,Vadodara Industrial Site 0545,Chemical Plant,8.205142075402271,Other Thermal Anomaly,0,Low
26.09623,73.00214,393.58,95,2026-02-20,1834,119.92,1,False,393.58,95.0,119.92,Jodhpur Industrial Site 0222,Steel Plant,0.06390997056841005,High Intensity Fire,70,Medium
19.17486,73.11983,381.39,95,2026-02-06,611,100.48,1,False,381.39,95.0,100.48,Mumbai Industrial Site 0290,Industrial Estate,0.05802472664668174,High Intensity Fire,70,Medium
12.88388,80.27907,402.81,93,2026-03-21,799,61.0,3,True,389.19,94.33333333333333,212.18,Chennai Industrial Site 0100,Industrial Estate,0.04092403884924978,Persistent Industrial Source,90,High
28.60448,77.43042,377.53,82,2026-01-27,1817,67.04,1,False,377.53,82.0,67.04,Noida Industrial Site 0280,Industrial Estate,6.699690426920689,High Intensity Fire,40,Low
20.16225,85.84285,406.31,98,2026-05-18,2277,81.33,3,True,407.00666666666666,97.66666666666667,241.07999999999998,Bhubaneswar Industrial Site 0021,Power Plant,0.01275715174922641,Persistent Industrial Source,90,High
23.05696,77.24099,391.11,96,2026-06-15,2136,117.58,3,True,395.0,96.33333333333333,261.65,Bhopal Industrial Site 0205,Chemical Plant,0.04518032398402569,Persistent Industrial Source,90,High
25.16098,75.93516,380.65,92,2026-01-21,2030,89.31,1,False,380.65,92.0,89.31,Kota Industrial Site 0281,Power Plant,0.02470007579341629,High Intensity Fire,70,Medium
30.79898,75.97423,380.2,94,2026-07-14,92,38.74,2,False,377.525,93.5,90.17,Ludhiana Industrial Site 0267,Paper Mill,0.08767024960678653,High Intensity Fire,70,Medium
23.01078,76.02521,389.87,91,2026-09-16,1495,107.63,3,True,390.8233333333333,93.33333333333333,298.45,Indore Industrial Site 0254,Refinery,0.0311190979319215,Persistent Industrial Source,90,High
13.29779,77.41205,347.38,42,2026-03-28,1916,9.7,1,False,347.38,42.0,9.7,Bengaluru Industrial Site 0917,Paper Mill,1.6260379216436516,Other Thermal Anomaly,10,Low
23.28494,85.33709,398.08,92,2026-06-07,1862,71.28,1,False,398.08,92.0,71.28,Ranchi Industrial Site 0211,Power Plant,0.01750531977713512,High Intensity Fire,70,Medium
23.23505,89.2256,336.13,85,2026-02-12,2125,17.17,2,False,340.28999999999996,82.5,21.990000000000002,Kolkata Industrial Site 0723,Cement Plant,81.06379249014606,Other Thermal Anomaly,15,Low
28.11981,73.11077,381.85,96,2026-06-17,700,111.04,2,False,379.81,93.5,219.29000000000002,Bikaner Industrial Site 0221,Power Plant,0.049715529454612876,High Intensity Fire,70,Medium
23.57212,77.20285,387.43,92,2026-08-01,1884,113.25,2,False,394.515,93.0,211.16,Bhopal Industrial Site 0013,Cement Plant,0.05109003153540956,High Intensity Fire,70,Medium
23.26601,77.31989,383.97,95,2026-05-18,2051,89.42,2,False,389.67,93.0,119.05,Bhopal Industrial Site 0157,Paper Mill,0.04789298561229849,High Intensity Fire,70,Medium
12.72664,77.46002,308.75,63,2026-05-10,586,8.5,1,False,308.75,63.0,8.5,Bengaluru Industrial Site 0773,Cement Plant,10.290502527941598,Other Thermal Anomaly,0,Low
28.69388,77.24324,383.91,91,2026-08-30,1013,89.74,2,False,378.915,91.0,182.42000000000002,Gurugram Industrial Site 0183,Cement Plant,0.007783644865219485,High Intensity Fire,70,Medium
29.30647,78.13401,326.22,94,2026-09-06,1380,5.04,2,False,323.515,93.5,29.04,Delhi Industrial Site 0097,Paper Mill,66.11801439956992,Other Thermal Anomaly,25,Low
19.90968,73.54433,330.47,60,2026-07-02,1325,0.92,1,False,330.47,60.0,0.92,Nashik Industrial Site 1195,Chemical Plant,2.9970703951046413,Other Thermal Anomaly,0,Low
26.09522,91.7891,408.29,97,2026-01-06,400,80.89,1,False,408.29,97.0,80.89,Guwahati Industrial Site 0170,Industrial Estate,0.028959455452155232,High Intensity Fire,70,Medium
23.76756,87.23175,386.96,91,2026-02-06,2154,35.57,1,False,386.96,91.0,35.57,Durgapur Industrial Site 0320,Industrial Estate,1.931094305085775,High Intensity Fire,60,Medium
23.00699,86.28386,400.44,91,2026-09-08,1384,67.52,2,False,393.21500000000003,94.0,106.25999999999999,Jamshedpur Industrial Site 0116,Textile Industry,0.02549044590265693,High Intensity Fire,70,Medium
24.86765,85.29784,355.9,94,2026-09-01,561,63.46,1,False,355.9,94.0,63.46,Gaya Industrial Site 0850,Industrial Estate,7.409600094767347,High Intensity Fire,40,Low
13.00287,80.12995,400.18,99,2026-02-22,1515,82.38,1,False,400.18,99.0,82.38,Chennai Industrial Site 0340,Industrial Estate,0.04243575084188766,High Intensity Fire,70,Medium
18.34503,83.92272,327.92,93,2026-04-18,2356,8.08,1,False,327.92,93.0,8.08,Visakhapatnam Industrial Site 0454,Refinery,83.9170509030752,Other Thermal Anomaly,25,Low
20.11055,75.15697,347.28,50,2026-05-13,2028,12.71,1,False,347.28,50.0,12.71,Aurangabad Industrial Site 1148,Thermal Power Plant,13.629541258605306,Other Thermal Anomaly,0,Low
17.60497,78.54608,405.23,95,2026-04-28,881,60.21,3,True,391.5366666666667,95.33333333333333,281.09,Hyderabad Industrial Site 0006,Textile Industry,0.003072299798045384,Persistent Industrial Source,90,High
19.02823,72.80923,409.07,100,2026-03-23,1531,33.22,2,False,409.055,99.0,143.85,Mumbai Industrial Site 0338,Thermal Power Plant,0.07079423551713389,High Intensity Fire,70,Medium
18.36706,74.14506,384.8,84,2026-01-28,1836,22.5,1,False,384.8,84.0,22.5,Pune Industrial Site 0344,Refinery,7.401416569938729,High Intensity Fire,40,Low
28.20024,77.10402,389.14,92,2026-01-04,1534,109.31,1,False,389.14,92.0,109.31,Delhi Industrial Site 0241,Power Plant,0.0470799720874527,High Intensity Fire,70,Medium
28.63796,77.37294,387.41,100,2026-08-05,193,44.19,3,True,397.65000000000003,98.66666666666667,171.52,Noida Industrial Site 0280,Industrial Estate,0.035985013734519865,Persistent Industrial Source,90,High
16.80995,80.4289,305.92,52,2026-07-12,966,6.16,1,False,305.92,52.0,6.16,Vijayawada Industrial Site 0839,Manufacturing Unit,22.842911395514044,Other Thermal Anomaly,0,Low
27.23523,76.05164,306.98,69,2026-06-15,45,15.67,1,False,306.98,69.0,15.67,Jaipur Industrial Site 0921,Power Plant,14.321008982335933,Other Thermal Anomaly,0,Low
15.47906,79.97993,337.15,93,2026-07-28,1839,22.35,1,False,337.15,93.0,22.35,Vijayawada Industrial Site 0215,Chemical Plant,93.22850839483549,Other Thermal Anomaly,25,Low
25.58817,86.78368,306.26,52,2026-05-20,199,12.43,1,False,306.26,52.0,12.43,Munger Industrial Site 0852,Steel Plant,11.57309451901961,Other Thermal Anomaly,0,Low
26.45021,72.71707,376.88,95,2026-03-19,485,101.71,2,False,386.695,94.5,166.87,Jodhpur Industrial Site 0126,Textile Industry,0.0358792847932278,High Intensity Fire,70,Medium
23.53423,86.4091,407.63,100,2026-04-26,1514,61.69,1,False,407.63,100.0,61.69,Bokaro Industrial Site 0277,Paper Mill,0.025510724183422498,High Intensity Fire,70,Medium
31.441,75.77966,344.58,71,2026-05-03,521,6.7,1,False,344.58,71.0,6.7,Jalandhar Industrial Site 1006,Textile Industry,4.025630690062372,Other Thermal Anomaly,0,Low
22.35481,73.21106,409.89,96,2026-08-27,176,66.01,1,False,409.89,96.0,66.01,Vadodara Industrial Site 0353,Cement Plant,0.06594824699268512,High Intensity Fire,70,Medium
26.17576,91.95476,396.64,97,2026-03-25,1985,110.46,2,False,395.995,94.5,170.39,Guwahati Industrial Site 0074,Refinery,0.07769186111514811,High Intensity Fire,70,Medium
23.07579,73.04601,381.03,93,2026-06-04,1504,68.45,1,False,381.03,93.0,68.45,Ahmedabad Industrial Site 0055,Chemical Plant,0.04705703798242518,High Intensity Fire,70,Medium
18.59771,73.6692,363.79,91,2026-06-20,664,61.75,1,False,363.79,91.0,61.75,Pune Industrial Site 0584,Refinery,8.221609393668977,High Intensity Fire,40,Low
31.47702,74.86881,407.37,92,2026-03-04,2099,51.29,2,False,392.85,93.0,103.21000000000001,Amritsar Industrial Site 0316,Textile Industry,0.04788333174415969,High Intensity Fire,70,Medium
27.36479,78.06682,375.7,96,2026-01-02,1330,95.61,3,True,389.73333333333335,94.0,231.07,Agra Industrial Site 0042,Steel Plant,0.041842016892589505,Persistent Industrial Source,90,High
22.647,88.38193,382.21,93,2026-08-10,1435,85.11,3,True,386.09,95.0,210.66,Kolkata Industrial Site 0099,Manufacturing Unit,0.05332218392892798,Persistent Industrial Source,90,High
25.06853,75.86126,387.78,93,2026-06-01,2197,46.67,1,False,387.78,93.0,46.67,Kota Industrial Site 0905,Chemical Plant,4.942300963150649,High Intensity Fire,50,Medium
20.2231,73.61683,407.8,98,2026-09-07,2327,99.28,3,True,394.56333333333333,97.33333333333333,282.55,Nashik Industrial Site 0187,Paper Mill,0.028015582771761752,Persistent Industrial Source,90,High
30.44611,74.45973,327.24,88,2026-05-14,287,13.82,2,False,324.89,91.5,20.44,Ludhiana Industrial Site 0795,Chemical Plant,88.13702730048577,Other Thermal Anomaly,15,Low
21.47649,81.54782,305.08,56,2026-04-06,342,9.54,1,False,305.08,56.0,9.54,Raipur Industrial Site 1087,Paper Mill,5.261203298684251,Other Thermal Anomaly,0,Low
23.17577,77.21316,311.37,42,2026-05-29,1957,10.92,1,False,311.37,42.0,10.92,Bhopal Industrial Site 0829,Manufacturing Unit,9.876714523275272,Other Thermal Anomaly,0,Low
19.42371,86.70889,330.89,93,2026-07-07,820,17.94,1,False,330.89,93.0,17.94,Bhubaneswar Industrial Site 1029,Manufacturing Unit,100.49384358927746,Other Thermal Anomaly,25,Low
23.57187,77.20316,401.6,94,2026-05-09,1370,97.91,2,False,394.515,93.0,211.16,Bhopal Industrial Site 0013,Cement Plant,0.009050127672592053,High Intensity Fire,70,Medium
29.29489,77.16181,398.69,100,2026-04-19,1071,43.94,3,True,393.1466666666667,96.0,129.94,Panipat Industrial Site 0047,Paper Mill,0.05921984126359203,Persistent Industrial Source,90,High
26.29892,80.64285,396.77,96,2026-04-05,1831,109.63,4,True,395.615,94.75,335.59,Kanpur Industrial Site 0347,Paper Mill,0.051766346781700355,Persistent Industrial Source,90,High
29.30658,78.13443,327.14,88,2026-05-17,1449,23.3,1,False,327.14,88.0,23.3,Delhi Industrial Site 0097,Paper Mill,66.15473764924886,Other Thermal Anomaly,15,Low
22.67773,88.2831,328.02,59,2026-09-19,591,9.72,1,False,328.02,59.0,9.72,Kolkata Industrial Site 0387,Paper Mill,0.6357725221691002,Other Thermal Anomaly,20,Low
26.00709,73.01594,356.18,97,2026-08-12,82,52.85,1,False,356.18,97.0,52.85,Jodhpur Industrial Site 0942,Steel Plant,7.019958676828114,High Intensity Fire,40,Low
28.0688,73.34698,390.04,100,2026-03-04,420,115.9,2,False,392.65999999999997,95.5,204.5,Bikaner Industrial Site 0029,Manufacturing Unit,0.061007521294161905,High Intensity Fire,70,Medium
27.81909,73.37676,395.49,95,2026-08-11,257,39.09,2,False,389.565,96.0,83.67,Bikaner Industrial Site 0269,Manufacturing Unit,0.06554900324202752,High Intensity Fire,70,Medium
11.04425,76.81403,404.75,99,2026-09-15,1141,69.28,2,False,392.775,98.0,142.31,Coimbatore Industrial Site 0312,Steel Plant,0.015027833236203214,High Intensity Fire,70,Medium
10.15195,76.07113,397.54,92,2026-04-04,12,53.26,2,False,388.70500000000004,95.0,136.22,Kochi Industrial Site 0073,Cement Plant,0.05392068470305942,High Intensity Fire,70,Medium
22.36612,73.14708,399.26,93,2026-04-08,306,45.42,4,True,396.5125,95.5,219.27,Vadodara Industrial Site 0161,Power Plant,0.05754363079801668,Persistent Industrial Source,90,High
28.28079,76.85482,393.07,100,2026-04-14,1454,33.49,3,True,399.1666666666667,98.0,105.61000000000001,Gurugram Industrial Site 0231,Power Plant,0.0762540198617885,Persistent Industrial Source,90,High
30.80275,75.51905,404.06,96,2026-03-14,107,70.63,1,False,404.06,96.0,70.63,Ludhiana Industrial Site 0315,Chemical Plant,0.05314054563462956,High Intensity Fire,70,Medium
21.25606,72.68793,380.53,91,2026-04-19,1570,102.31,3,True,390.08666666666664,94.0,195.98,Surat Industrial Site 0208,Thermal Power Plant,0.024964136492929306,Persistent Industrial Source,90,High
26.99098,75.51676,382.42,99,2026-01-21,1581,91.71,1,False,382.42,99.0,91.71,Jaipur Industrial Site 0345,Chemical Plant,0.031150341680016652,High Intensity Fire,70,Medium
21.069,73.09063,376.27,89,2026-05-08,2036,56.04,1,False,376.27,89.0,56.04,Surat Industrial Site 0832,Steel Plant,15.079008632491757,High Intensity Fire,40,Low
27.24555,79.21885,342.54,88,2026-01-01,146,20.02,1,False,342.54,88.0,20.02,Agra Industrial Site 1002,Steel Plant,84.57469331186186,Other Thermal Anomaly,15,Low
22.693,88.47106,409.89,97,2026-06-18,2003,46.35,1,False,409.89,97.0,46.35,Kolkata Industrial Site 0339,Manufacturing Unit,0.01671075753630663,High Intensity Fire,70,Medium
12.96102,80.21684,403.98,100,2026-02-23,2254,105.99,1,False,403.98,100.0,105.99,Chennai Industrial Site 0052,Steel Plant,0.08770632013511037,High Intensity Fire,70,Medium
27.84817,73.23201,378.95,92,2026-02-15,1713,37.51,3,True,381.7633333333333,95.66666666666667,212.64,Bikaner Industrial Site 0173,Cement Plant,0.02353647854874479,Persistent Industrial Source,90,High
28.52612,77.38396,396.67,91,2026-06-25,1030,55.23,2,False,386.105,94.0,164.10999999999999,Faridabad Industrial Site 0182,Steel Plant,0.053496428050625384,High Intensity Fire,70,Medium
20.56251,86.07818,371.24,87,2026-04-22,748,61.07,1,False,371.24,87.0,61.07,Bhubaneswar Industrial Site 0309,Manufacturing Unit,21.178389919123397,High Intensity Fire,40,Low
12.88389,80.27913,381.94,97,2026-01-11,703,47.36,3,True,389.19,94.33333333333333,212.18,Chennai Industrial Site 0100,Industrial Estate,0.03463182723083797,Persistent Industrial Source,90,High
12.97431,80.51898,304.36,35,2026-09-10,182,11.09,1,False,304.36,35.0,11.09,Chennai Industrial Site 1156,Textile Industry,11.413004679385784,Other Thermal Anomaly,0,Low
21.40649,72.55755,367.54,86,2026-07-09,2309,74.88,1,False,367.54,86.0,74.88,Surat Industrial Site 1168,Thermal Power Plant,13.063067604607769,High Intensity Fire,30,Low
21.04251,72.85749,373.46,94,2026-02-08,806,75.63,1,False,373.46,94.0,75.63,Surat Industrial Site 0448,Thermal Power Plant,7.967268344285924,High Intensity Fire,50,Medium
22.40882,73.64577,401.72,98,2026-08-25,1889,64.6,4,True,391.73,95.0,267.26,Vadodara Industrial Site 0065,Chemical Plant,0.018382590536132157,Persistent Industrial Source,90,High
28.4358,77.32098,345.37,54,2026-03-26,911,0.97,1,False,345.37,54.0,0.97,Noida Industrial Site 1096,Textile Industry,2.319818605618132,Other Thermal Anomaly,0,Low
27.78979,76.35788,332.44,95,2026-02-06,1854,5.3,2,False,332.2,90.5,10.620000000000001,Gurugram Industrial Site 1191,Power Plant,72.37717024329775,Other Thermal Anomaly,25,Low
26.74121,75.95596,302.94,61,2026-02-21,1246,5.0,1,False,302.94,61.0,5.0,Jaipur Industrial Site 1113,Cement Plant,10.297595682712485,Other Thermal Anomaly,0,Low
25.63787,86.05398,376.84,99,2026-01-20,2098,87.93,3,True,384.3766666666667,97.33333333333333,193.03000000000003,Begusarai Industrial Site 0275,Chemical Plant,0.03574740209420517,Persistent Industrial Source,90,High
20.06451,73.78356,337.29,87,2026-03-10,266,16.82,2,False,334.27,86.5,23.02,Nashik Industrial Site 1003,Cement Plant,9.409812876337249,Other Thermal Anomaly,15,Low
20.56206,72.72315,386.76,85,2026-07-15,1917,38.86,1,False,386.76,85.0,38.86,Vapi Industrial Site 0432,Steel Plant,10.760233447927854,High Intensity Fire,40,Low
23.37898,86.01105,372.04,96,2026-02-27,937,97.95,2,False,386.36,96.5,131.04000000000002,Bokaro Industrial Site 0325,Chemical Plant,0.011732592557060635,High Intensity Fire,70,Medium
21.31539,72.92018,389.78,89,2026-06-19,1523,61.39,1,False,389.78,89.0,61.39,Surat Industrial Site 0592,Steel Plant,3.5440582903065367,High Intensity Fire,40,Low
25.6378,86.05404,395.13,96,2026-02-19,165,64.86,3,True,384.3766666666667,97.33333333333333,193.03000000000003,Begusarai Industrial Site 0275,Chemical Plant,0.04542858469303216,Persistent Industrial Source,90,High
27.25382,77.75959,379.18,99,2026-07-02,2240,45.89,1,False,379.18,99.0,45.89,Agra Industrial Site 0570,Industrial Estate,2.8121363362172875,High Intensity Fire,50,Medium
17.4455,75.00029,329.39,95,2026-04-12,300,19.08,2,False,334.40999999999997,93.5,39.14,Pune Industrial Site 0344,Refinery,143.87258455911356,Other Thermal Anomaly,25,Low
25.30508,86.14122,376.84,98,2026-02-20,161,80.94,2,False,386.505,97.0,199.49,Begusarai Industrial Site 0179,Manufacturing Unit,0.027873143219876825,High Intensity Fire,70,Medium
10.09598,76.1829,379.82,98,2026-03-14,1801,83.19,2,False,380.63,97.0,121.11,Kochi Industrial Site 0169,Manufacturing Unit,0.07116635371840158,High Intensity Fire,70,Medium
18.27729,77.36395,338.99,87,2026-09-11,1052,6.06,2,False,330.72,90.5,10.829999999999998,Hyderabad Industrial Site 0486,Textile Industry,108.74914419603438,Other Thermal Anomaly,15,Low
11.9912,77.94668,342.86,83,2026-03-29,471,4.73,2,False,341.62,87.5,17.21,Bengaluru Industrial Site 0821,Power Plant,100.26054115994157,Other Thermal Anomaly,15,Low
27.36501,78.06684,404.73,92,2026-07-25,1553,84.7,3,True,389.73333333333335,94.0,231.07,Agra Industrial Site 0042,Steel Plant,0.0258858957247075,Persistent Industrial Source,90,High
29.29506,77.16203,407.25,96,2026-06-12,356,60.06,3,True,393.1466666666667,96.0,129.94,Panipat Industrial Site 0047,Paper Mill,0.042932005288824016,Persistent Industrial Source,90,High
25.28669,86.23175,322.0,78,2026-04-16,2125,11.99,1,False,322.0,78.0,11.99,Begusarai Industrial Site 0755,Chemical Plant,4.0565836434501605,Other Thermal Anomaly,0,Low
30.11861,76.71568,342.32,87,2026-07-09,595,16.83,1,False,342.32,87.0,16.83,Panipat Industrial Site 0287,Paper Mill,56.667743209775956,Other Thermal Anomaly,15,Low
20.23305,85.97221,372.3,99,2026-04-22,138,75.99,2,False,388.865,99.5,188.13,Bhubaneswar Industrial Site 0261,Power Plant,0.06423298034855172,High Intensity Fire,70,Medium
10.15203,76.07101,379.87,98,2026-01-11,187,82.96,2,False,388.70500000000004,95.0,136.22,Kochi Industrial Site 0073,Cement Plant,0.049099631470777075,High Intensity Fire,70,Medium
21.23665,72.79431,347.13,73,2026-01-07,160,15.69,1,False,347.13,73.0,15.69,Surat Industrial Site 1024,Refinery,3.3648181583444665,Other Thermal Anomaly,0,Low
20.15188,73.63372,355.02,86,2026-08-10,1524,59.93,1,False,355.02,86.0,59.93,Nashik Industrial Site 0283,Cement Plant,6.517013301671299,High Intensity Fire,30,Low
22.86608,88.45793,344.67,58,2026-08-13,1910,4.51,1,False,344.67,58.0,4.51,Kolkata Industrial Site 0963,Cement Plant,4.119676783169631,Other Thermal Anomaly,0,Low
28.67352,77.51395,366.49,88,2026-01-09,1389,44.56,1,False,366.49,88.0,44.56,Delhi Industrial Site 0673,Cement Plant,8.575023459999258,High Intensity Fire,30,Low
16.79283,80.64368,378.74,84,2026-01-18,1939,38.59,1,False,378.74,84.0,38.59,Vijayawada Industrial Site 0359,Manufacturing Unit,16.258453319552427,High Intensity Fire,40,Low
25.01884,75.64925,391.97,100,2026-04-23,25,52.86,3,True,386.03999999999996,95.33333333333333,206.55,Kota Industrial Site 0329,Manufacturing Unit,0.07758479638948773,Persistent Industrial Source,90,High
29.4291,76.21514,339.71,87,2026-04-30,1936,21.78,2,False,336.27,91.0,45.269999999999996,Panipat Industrial Site 0383,Cement Plant,58.219967418244146,Other Thermal Anomaly,15,Low
22.90993,75.65516,386.6,92,2026-06-19,17,89.77,5,True,388.838,94.4,325.56,Indore Industrial Site 0206,Textile Industry,0.020484918299980524,Persistent Industrial Source,100,High
22.50571,88.32782,364.25,98,2026-03-08,1435,18.89,1,False,364.25,98.0,18.89,Kolkata Industrial Site 0771,Power Plant,5.802894784749241,High Intensity Fire,40,Low
28.69393,77.24306,373.92,91,2026-02-27,130,92.68,2,False,378.915,91.0,182.42000000000002,Gurugram Industrial Site 0183,Cement Plant,0.01769745891513096,High Intensity Fire,70,Medium
23.41028,74.89212,333.69,88,2026-07-31,855,9.05,1,False,333.69,88.0,9.05,Indore Industrial Site 0974,Refinery,93.1273436639151,Other Thermal Anomaly,15,Low
25.98306,73.17193,354.63,96,2026-02-22,1599,38.12,1,False,354.63,96.0,38.12,Jodhpur Industrial Site 0270,Industrial Estate,6.15597363485034,High Intensity Fire,40,Low
24.96638,84.84099,367.57,92,2026-04-16,1592,44.44,1,False,367.57,92.0,44.44,Gaya Industrial Site 0754,Refinery,4.820490466536449,High Intensity Fire,40,Low
17.31198,78.60707,401.15,91,2026-04-01,1127,91.64,2,False,404.99,91.5,150.17000000000002,Hyderabad Industrial Site 0102,Steel Plant,0.03408099122820653,High Intensity Fire,70,Medium
28.12005,73.1108,377.77,91,2026-08-28,1304,108.25,2,False,379.81,93.5,219.29000000000002,Bikaner Industrial Site 0221,Power Plant,0.025160814710393303,High Intensity Fire,70,Medium
17.57503,83.29386,401.57,100,2026-02-21,1951,113.1,2,False,398.305,99.5,218.28,Visakhapatnam Industrial Site 0118,Thermal Power Plant,0.05490466470230023,High Intensity Fire,70,Medium
28.28863,75.98621,337.0,85,2026-06-01,2258,18.76,1,False,337.0,85.0,18.76,Gurugram Industrial Site 1191,Power Plant,56.82236310132997,Other Thermal Anomaly,15,Low
26.00897,73.29202,376.86,93,2026-09-03,1493,106.23,2,False,378.74,96.5,131.3,Jodhpur Industrial Site 0174,Refinery,0.04533771229616573,High Intensity Fire,70,Medium
22.34479,70.98779,385.14,99,2026-08-30,1346,117.63,2,False,389.41999999999996,95.0,205.55,Rajkot Industrial Site 0354,Refinery,0.03879001260878566,High Intensity Fire,70,Medium
12.99288,80.36112,374.82,97,2026-03-27,1743,43.27,2,False,381.9,98.0,146.68,Chennai Industrial Site 0388,Thermal Power Plant,0.051324506823860055,High Intensity Fire,70,Medium
22.04427,80.19028,343.14,82,2026-07-12,390,5.42,1,False,343.14,82.0,5.42,Nagpur Industrial Site 1071,Power Plant,119.93339163341354,Other Thermal Anomaly,15,Low
23.5022,87.509,388.86,95,2026-05-01,1811,100.56,1,False,388.86,95.0,100.56,Durgapur Industrial Site 0032,Steel Plant,0.06104662447108666,High Intensity Fire,70,Medium
28.22302,77.64029,306.06,70,2026-02-23,2158,13.68,1,False,306.06,70.0,13.68,Faridabad Industrial Site 1190,Industrial Estate,5.444007010481325,Other Thermal Anomaly,0,Low
23.01111,76.02511,404.37,98,2026-08-12,2244,117.91,3,True,390.8233333333333,93.33333333333333,298.45,Indore Industrial Site 0254,Refinery,0.06921373449950753,Persistent Industrial Source,90,High
25.29604,86.27811,393.05,100,2026-02-22,235,119.39,3,True,393.34,96.0,242.32999999999998,Munger Industrial Site 0084,Refinery,0.03703701559791427,Persistent Industrial Source,90,High
22.41381,70.76616,384.87,98,2026-08-31,2111,117.92,2,False,384.42,97.5,177.82999999999998,Rajkot Industrial Site 0114,Refinery,0.04220180222300039,High Intensity Fire,70,Medium
16.31505,80.57298,398.52,96,2026-06-12,883,82.82,2,False,395.435,93.5,125.91,Vijayawada Industrial Site 0023,Cement Plant,0.05515032474484438,High Intensity Fire,70,Medium
29.707,77.19894,383.99,98,2026-06-03,502,46.62,1,False,383.99,98.0,46.62,Panipat Industrial Site 0239,Manufacturing Unit,0.015949531252368452,High Intensity Fire,70,Medium
12.87013,77.73481,387.34,99,2026-04-03,1228,76.5,2,False,390.78,95.0,129.63,Bengaluru Industrial Site 0341,Power Plant,0.09578005088928974,High Intensity Fire,70,Medium
17.92376,83.50844,365.48,83,2026-04-26,1825,52.15,1,False,365.48,83.0,52.15,Visakhapatnam Industrial Site 0454,Refinery,20.44279661999405,High Intensity Fire,30,Low
22.76544,72.61118,333.54,70,2026-01-02,2385,11.03,1,False,333.54,70.0,11.03,Ahmedabad Industrial Site 0487,Paper Mill,9.070263113935848,Other Thermal Anomaly,0,Low
24.73845,84.67666,343.45,53,2026-02-23,1410,14.6,1,False,343.45,53.0,14.6,Gaya Industrial Site 0082,Steel Plant,8.175399892281742,Other Thermal Anomaly,0,Low
23.04008,77.57405,380.72,97,2026-06-25,2069,31.08,3,True,395.48,94.0,251.29000000000002,Bhopal Industrial Site 0301,Power Plant,0.033131066238582696,Persistent Industrial Source,90,High
26.40898,91.90319,395.48,94,2026-06-27,523,35.35,2,False,396.40999999999997,97.0,65.63,Guwahati Industrial Site 0026,Textile Industry,0.03939018649492566,High Intensity Fire,70,Medium
26.79805,80.73378,364.35,91,2026-07-14,2245,77.68,1,False,364.35,91.0,77.68,Lucknow Industrial Site 1114,Refinery,3.066002701221505,High Intensity Fire,40,Low
9.21081,75.38193,324.79,80,2026-04-20,780,8.12,1,False,324.79,80.0,8.12,Kochi Industrial Site 0553,Cement Plant,90.65800883833347,Other Thermal Anomaly,15,Low
21.36654,72.01887,321.6,92,2026-01-15,188,23.55,1,False,321.6,92.0,23.55,Surat Industrial Site 0544,Refinery,54.559905837325175,Other Thermal Anomaly,25,Low
25.13532,75.60712,328.09,51,2026-08-25,281,17.68,1,False,328.09,51.0,17.68,Kota Industrial Site 0377,Paper Mill,9.41470868841406,Other Thermal Anomaly,0,Low
25.89115,91.88483,381.61,99,2026-01-17,1531,28.75,1,False,381.61,99.0,28.75,Guwahati Industrial Site 0410,Industrial Estate,16.00511044678754,High Intensity Fire,50,Medium
20.13627,75.47506,336.33,70,2026-06-25,475,7.29,1,False,336.33,70.0,7.29,Aurangabad Industrial Site 0668,Thermal Power Plant,13.777133060842472,Other Thermal Anomaly,0,Low
11.13903,77.03797,383.97,92,2026-08-07,1352,40.68,2,False,385.96000000000004,92.0,141.34,Coimbatore Industrial Site 0024,Refinery,0.05896851882373637,High Intensity Fire,70,Medium
23.37156,77.61206,332.98,49,2026-03-31,2395,13.7,1,False,332.98,49.0,13.7,Bhopal Industrial Site 0445,Chemical Plant,2.024044426078882,Other Thermal Anomaly,0,Low
20.51381,85.57817,385.34,95,2026-03-16,1055,74.83,5,True,385.956,96.2,451.33,Bhubaneswar Industrial Site 0213,Cement Plant,0.017246411092208876,Persistent Industrial Source,100,High
21.17705,86.8037,321.57,90,2026-01-30,418,24.17,2,False,331.65,90.5,47.89,Bhubaneswar Industrial Site 0837,Paper Mill,103.09572823899659,Other Thermal Anomaly,25,Low
28.46346,77.17378,337.47,64,2026-04-07,1393,13.03,1,False,337.47,64.0,13.03,Noida Industrial Site 0664,Refinery,2.7078641953068665,Other Thermal Anomaly,0,Low
21.36383,81.68818,376.55,95,2026-03-22,57,60.29,3,True,383.47333333333336,97.0,172.01999999999998,Raipur Industrial Site 0031,Power Plant,0.0734178694690334,Persistent Industrial Source,90,High
32.24399,76.31817,328.61,90,2026-05-25,2356,6.47,2,False,325.21500000000003,88.5,27.369999999999997,Jalandhar Industrial Site 0142,Steel Plant,77.99474555225885,Other Thermal Anomaly,25,Low
29.13895,77.01383,391.34,91,2026-05-08,444,112.05,3,True,380.9533333333333,95.66666666666667,284.34000000000003,Panipat Industrial Site 0143,Cement Plant,0.03744245296537468,Persistent Industrial Source,90,High
24.75639,88.09855,328.0,92,2026-08-01,1268,17.08,1,False,328.0,92.0,17.08,Durgapur Industrial Site 0896,Textile Industry,136.51327259848236,Other Thermal Anomaly,25,Low
12.86991,77.73492,394.22,91,2026-08-01,161,53.13,2,False,390.78,95.0,129.63,Bengaluru Industrial Site 0341,Power Plant,0.07186336121799718,High Intensity Fire,70,Medium
23.60878,87.32697,385.94,91,2026-09-12,1528,106.65,2,False,397.15,92.5,147.39000000000001,Durgapur Industrial Site 0368,Thermal Power Plant,0.06937534005466683,High Intensity Fire,70,Medium
26.04951,85.38425,331.48,93,2026-04-25,1674,20.19,1,False,331.48,93.0,20.19,Patna Industrial Site 0396,Textile Industry,24.697587944816423,Other Thermal Anomaly,25,Low
22.29134,73.39954,340.31,87,2026-09-19,450,6.57,1,False,340.31,87.0,6.57,Vadodara Industrial Site 0449,Manufacturing Unit,9.171573782245604,Other Thermal Anomaly,15,Low
21.36386,81.6879,374.79,96,2026-04-20,2102,86.0,3,True,383.47333333333336,97.0,172.01999999999998,Raipur Industrial Site 0031,Power Plant,0.07504864880801913,Persistent Industrial Source,90,High
20.29696,73.91754,315.18,43,2026-03-09,1365,17.21,1,False,315.18,43.0,17.21,Nashik Industrial Site 1099,Manufacturing Unit,8.888571149396265,Other Thermal Anomaly,0,Low
24.33423,74.98808,340.6,95,2026-04-16,372,16.14,3,True,337.5466666666667,90.33333333333333,42.1,Kota Industrial Site 0329,Manufacturing Unit,101.25625798088458,Persistent Non-Industrial Thermal Source,45,Low
20.05194,72.74416,390.76,95,2026-02-26,897,67.81,1,False,390.76,95.0,67.81,Vapi Industrial Site 0144,Refinery,0.03245718130547813,High Intensity Fire,70,Medium
22.08697,73.24724,309.09,56,2026-05-21,1215,4.09,1,False,309.09,56.0,4.09,Vadodara Industrial Site 0881,Power Plant,7.440423648808301,Other Thermal Anomaly,0,Low
23.49021,87.09609,384.07,91,2026-04-15,987,107.77,2,False,395.03499999999997,93.0,169.55,Durgapur Industrial Site 0128,Thermal Power Plant,0.07664794754428933,High Intensity Fire,70,Medium
25.89514,80.26538,333.53,87,2026-03-18,33,7.3,1,False,333.53,87.0,7.3,Kanpur Industrial Site 0875,Chemical Plant,26.581434275582453,Other Thermal Anomaly,15,Low
22.23213,73.51107,394.92,98,2026-04-09,10,117.09,2,False,394.21500000000003,95.0,142.52,Vadodara Industrial Site 0305,Chemical Plant,0.00910070048088074,High Intensity Fire,70,Medium
21.12284,81.13301,372.14,95,2026-07-29,497,103.66,3,True,382.89000000000004,97.33333333333333,267.4,Raipur Industrial Site 0223,Cement Plant,0.027497902906688795,Persistent Industrial Source,90,High
26.24593,80.31896,408.91,92,2026-07-10,492,53.41,2,False,403.37,93.5,156.41,Kanpur Industrial Site 0395,Chemical Plant,0.027731890157605514,High Intensity Fire,70,Medium
28.48309,77.40608,394.99,96,2026-03-27,691,39.32,2,False,394.195,98.0,98.93,Noida Industrial Site 0328,Thermal Power Plant,0.04577006327494136,High Intensity Fire,70,Medium
22.91024,75.65481,397.68,94,2026-06-29,2219,53.19,5,True,388.838,94.4,325.56,Indore Industrial Site 0206,Textile Industry,0.07014844934929228,Persistent Industrial Source,100,High
23.59479,86.739,401.74,91,2026-02-09,1315,37.89,2,False,388.28,93.0,99.42,Asansol Industrial Site 0369,Manufacturing Unit,0.06733641868283553,High Intensity Fire,70,Medium
17.7479,83.34004,382.17,98,2026-07-12,360,87.22,3,True,396.81666666666666,97.33333333333333,238.34,Visakhapatnam Industrial Site 0022,Steel Plant,0.01722957594509443,Persistent Industrial Source,90,High
24.76991,85.03011,381.15,100,2026-05-24,1331,85.25,2,False,389.565,96.5,132.16,Gaya Industrial Site 0034,Refinery,0.021509575327367747,High Intensity Fire,70,Medium
23.23479,89.22551,344.45,80,2026-05-16,857,4.82,2,False,340.28999999999996,82.5,21.990000000000002,Kolkata Industrial Site 0723,Cement Plant,81.03660009916698,Other Thermal Anomaly,15,Low
10.33731,76.07815,329.56,83,2026-07-31,580,15.38,1,False,329.56,83.0,15.38,Kochi Industrial Site 0073,Cement Plant,20.571779352425988,Other Thermal Anomaly,15,Low
24.14173,74.92141,333.47,83,2026-08-22,1747,21.82,1,False,333.47,83.0,21.82,Kota Industrial Site 0329,Manufacturing Unit,122.16341053858014,Other Thermal Anomaly,15,Low
29.30644,78.13411,320.81,93,2026-07-11,759,24.0,2,False,323.515,93.5,29.04,Delhi Industrial Site 0097,Paper Mill,66.1221883124023,Other Thermal Anomaly,25,Low
16.63269,80.5666,327.9,38,2026-06-15,1529,16.72,1,False,327.9,38.0,16.72,Vijayawada Industrial Site 1031,Power Plant,11.467542752345661,Other Thermal Anomaly,0,Low
21.98506,70.63904,407.78,99,2026-02-27,2025,73.23,1,False,407.78,99.0,73.23,Rajkot Industrial Site 0066,Textile Industry,0.06348774320557438,High Intensity Fire,70,Medium
30.69169,76.05423,323.09,36,2026-08-11,33,3.4,1,False,323.09,36.0,3.4,Ludhiana Industrial Site 1083,Cement Plant,4.130044186284429,Other Thermal Anomaly,0,Low
25.95252,72.91451,353.57,90,2026-02-23,1883,74.97,1,False,353.57,90.0,74.97,Jodhpur Industrial Site 0558,Thermal Power Plant,12.34882062536239,High Intensity Fire,40,Low
26.29881,80.64322,393.49,95,2026-04-03,1851,69.77,4,True,395.615,94.75,335.59,Kanpur Industrial Site 0347,Paper Mill,0.08619445918298736,Persistent Industrial Source,90,High
27.08049,74.0136,336.98,82,2026-07-10,772,3.97,2,False,330.65,83.0,10.56,Bikaner Industrial Site 1133,Cement Plant,92.7400124328205,Other Thermal Anomaly,15,Low
10.76031,77.01493,333.54,46,2026-05-05,1779,8.26,1,False,333.54,46.0,8.26,Coimbatore Industrial Site 0120,Industrial Estate,4.830853989279743,Other Thermal Anomaly,0,Low
23.12205,77.31898,374.32,95,2026-07-19,1558,118.95,4,True,383.075,95.0,413.64,Bhopal Industrial Site 0253,Cement Plant,0.0549538726678122,Persistent Industrial Source,90,High
28.68619,77.27681,382.46,99,2026-09-11,1504,35.64,2,False,383.375,96.5,142.47,Delhi Industrial Site 0193,Cement Plant,0.047320737670047304,High Intensity Fire,70,Medium
23.60623,85.40207,405.92,94,2026-08-23,1744,32.47,1,False,405.92,94.0,32.47,Ranchi Industrial Site 0259,Manufacturing Unit,0.05635322204921714,High Intensity Fire,70,Medium
18.49614,73.79417,375.06,97,2026-09-16,416,95.87,2,False,375.515,96.0,163.39,Pune Industrial Site 0296,Textile Industry,0.010103386306242301,High Intensity Fire,70,Medium
25.63939,79.27196,325.75,90,2026-02-03,1414,21.29,1,False,325.75,90.0,21.29,Kanpur Industrial Site 1115,Chemical Plant,118.70476156765764,Other Thermal Anomaly,25,Low
11.04383,76.81413,380.8,97,2026-06-04,1494,73.03,2,False,392.775,98.0,142.31,Coimbatore Industrial Site 0312,Steel Plant,0.06212115531162959,High Intensity Fire,70,Medium
24.69076,85.11394,386.88,99,2026-02-23,1987,32.5,1,False,386.88,99.0,32.5,Gaya Industrial Site 0706,Textile Industry,4.009901225774612,High Intensity Fire,50,Medium
11.36717,76.50687,402.1,98,2026-05-14,1891,103.86,3,True,390.4533333333334,97.66666666666667,286.68,Coimbatore Industrial Site 0264,Refinery,0.05944120561803108,Persistent Industrial Source,90,High
17.5108,83.19622,379.89,91,2026-02-19,32,92.74,3,True,386.16,93.0,226.32,Visakhapatnam Industrial Site 0310,Industrial Estate,0.05318620009478805,Persistent Industrial Source,90,High
26.87935,77.70074,334.56,69,2026-06-05,1872,2.47,1,False,334.56,69.0,2.47,Agra Industrial Site 0426,Textile Industry,21.212776571884024,Other Thermal Anomaly,0,Low
12.73394,79.88178,391.41,100,2026-09-02,489,82.06,2,False,398.3,96.0,198.57,Chennai Industrial Site 0244,Refinery,0.07216433734383852,High Intensity Fire,70,Medium
20.21331,82.57295,321.75,88,2026-06-02,1537,7.55,2,False,327.875,91.0,13.43,Raipur Industrial Site 0991,Power Plant,116.16594556593307,Other Thermal Anomaly,15,Low
20.91712,79.17007,395.3,94,2026-03-14,1880,75.02,1,False,395.3,94.0,75.02,Nagpur Industrial Site 0111,Power Plant,0.02120597545873682,High Intensity Fire,70,Medium
19.56114,73.05898,406.13,100,2026-06-11,963,61.6,3,True,398.09,98.33333333333333,208.1,Thane Industrial Site 0189,Manufacturing Unit,0.06101280811489764,Persistent Industrial Source,90,High
22.66658,75.74004,364.99,90,2026-05-04,370,55.64,1,False,364.99,90.0,55.64,Indore Industrial Site 1022,Steel Plant,1.4135371210533956,High Intensity Fire,50,Medium
25.60294,84.90282,401.5,94,2026-06-03,1042,61.12,2,False,390.27,95.0,161.39,Patna Industrial Site 0108,Thermal Power Plant,0.05015377281649279,High Intensity Fire,70,Medium
21.25603,72.68781,409.03,91,2026-03-22,702,43.23,3,True,390.08666666666664,94.0,195.98,Surat Industrial Site 0208,Thermal Power Plant,0.018147403979493864,Persistent Industrial Source,90,High
28.70693,77.60648,363.27,96,2026-08-27,280,20.16,1,False,363.27,96.0,20.16,Noida Industrial Site 0232,Steel Plant,14.509262263186505,High Intensity Fire,40,Low
23.03933,69.74464,338.38,89,2026-08-02,1776,8.9,3,True,335.57,85.33333333333333,45.42,Rajkot Industrial Site 0834,Refinery,104.93340305526954,Persistent Non-Industrial Thermal Source,35,Low
27.13326,78.12529,355.17,84,2026-04-28,2154,50.91,1,False,355.17,84.0,50.91,Agra Industrial Site 0714,Refinery,3.3419174150303754,High Intensity Fire,30,Low
29.29795,76.87424,381.32,98,2026-05-15,269,60.99,1,False,381.32,98.0,60.99,Panipat Industrial Site 0191,Power Plant,0.06083695938787474,High Intensity Fire,70,Medium
23.09722,72.562,398.04,97,2026-01-05,2290,85.32,1,False,398.04,97.0,85.32,Ahmedabad Industrial Site 0151,Power Plant,0.07286545101774708,High Intensity Fire,70,Medium
18.51202,73.95822,389.47,99,2026-08-26,1320,94.18,3,True,397.09,94.66666666666667,264.31,Pune Industrial Site 0200,Industrial Estate,0.030041140297503103,Persistent Industrial Source,90,High
23.02355,77.46541,368.24,90,2026-06-09,1852,45.14,1,False,368.24,90.0,45.14,Bhopal Industrial Site 0877,Paper Mill,7.476901500583051,High Intensity Fire,40,Low
27.00023,80.94391,404.56,92,2026-01-29,783,109.2,5,True,399.762,94.6,319.91,Lucknow Industrial Site 0346,Textile Industry,0.07220981373460697,Persistent Industrial Source,100,High
28.63819,77.37319,398.23,100,2026-06-24,1014,67.18,3,True,397.65000000000003,98.66666666666667,171.52,Noida Industrial Site 0280,Industrial Estate,0.035043267536084666,Persistent Industrial Source,90,High
22.4508,70.70197,327.17,52,2026-01-17,380,16.09,1,False,327.17,52.0,16.09,Rajkot Industrial Site 0738,Thermal Power Plant,4.496102962040132,Other Thermal Anomaly,0,Low
27.12208,75.78113,379.78,98,2026-04-30,1106,109.23,4,True,381.205,97.5,353.43,Jaipur Industrial Site 0249,Manufacturing Unit,0.04588236744717978,Persistent Industrial Source,90,High
12.925,80.26776,375.43,91,2026-06-22,1807,115.36,3,True,390.8033333333333,94.33333333333333,313.26,Chennai Industrial Site 0004,Refinery,0.010720223336046154,Persistent Industrial Source,90,High
17.67905,83.4418,395.35,98,2026-02-23,2192,101.55,4,True,387.01250000000005,96.75,321.01,Visakhapatnam Industrial Site 0358,Thermal Power Plant,0.03712607607048555,Persistent Industrial Source,90,High
26.36392,80.19815,391.26,97,2026-02-15,2340,69.72,4,True,399.938,93.6,447.97,Kanpur Industrial Site 0155,Chemical Plant,0.018254846882596654,Persistent Industrial Source,90,High
25.28684,75.75604,378.34,98,2026-01-16,1442,73.3,1,False,378.34,98.0,73.3,Kota Industrial Site 0041,Power Plant,0.002297775588942969,High Intensity Fire,70,Medium
22.32457,73.11925,370.88,92,2026-05-06,1972,18.45,1,False,370.88,92.0,18.45,Vadodara Industrial Site 1121,Power Plant,4.521404777608526,High Intensity Fire,50,Medium
16.66211,80.71282,392.84,96,2026-04-26,110,82.25,1,False,392.84,96.0,82.25,Vijayawada Industrial Site 0359,Manufacturing Unit,0.03769858431049567,High Intensity Fire,70,Medium
31.70911,74.94502,333.54,57,2026-05-29,1394,2.68,1,False,333.54,57.0,2.68,Amritsar Industrial Site 0220,Industrial Estate,9.80271470361292,Other Thermal Anomaly,0,Low
20.44243,73.07578,387.63,90,2026-07-19,1375,56.26,1,False,387.63,90.0,56.26,Vapi Industrial Site 0048,Thermal Power Plant,2.5150070549929318,High Intensity Fire,50,Medium
26.06799,91.76217,374.25,97,2026-03-29,513,119.5,3,True,382.3633333333334,97.66666666666667,211.93,Guwahati Industrial Site 0314,Refinery,0.05978250644706295,Persistent Industrial Source,90,High
26.4881,80.34584,389.53,91,2026-08-22,1294,61.41,3,True,392.1333333333334,92.33333333333333,232.67000000000002,Kanpur Industrial Site 0011,Power Plant,0.020891942743063704,Persistent Industrial Source,90,High
25.56916,85.16398,394.22,94,2026-09-12,23,49.71,2,False,386.85,96.5,166.35,Patna Industrial Site 0300,Industrial Estate,0.06528345197390835,High Intensity Fire,70,Medium
23.54679,85.99997,405.56,94,2026-08-07,527,111.29,3,True,399.07666666666665,95.33333333333333,254.69,Bokaro Industrial Site 0229,Manufacturing Unit,0.025757018327305092,Persistent Industrial Source,90,High
26.7652,80.9903,356.66,86,2026-08-25,520,35.53,1,False,356.66,86.0,35.53,Lucknow Industrial Site 1018,Thermal Power Plant,6.086784118682936,High Intensity Fire,30,Low
30.92913,75.53403,344.18,86,2026-06-23,2380,9.08,1,False,344.18,86.0,9.08,Ludhiana Industrial Site 0027,Paper Mill,7.081390629230031,Other Thermal Anomaly,15,Low
16.98645,82.54101,325.22,81,2026-09-15,795,14.23,1,False,325.22,81.0,14.23,Visakhapatnam Industrial Site 1126,Textile Industry,86.2681461070985,Other Thermal Anomaly,15,Low
27.09715,75.78716,397.9,94,2026-08-26,2082,68.15,1,False,397.9,94.0,68.15,Jaipur Industrial Site 0393,Cement Plant,0.04371378466036968,High Intensity Fire,70,Medium
25.42405,86.5027,379.29,86,2026-06-24,269,64.89,1,False,379.29,86.0,64.89,Munger Industrial Site 1188,Thermal Power Plant,3.2170166367046265,High Intensity Fire,40,Low
26.36407,80.19776,404.57,93,2026-08-26,2026,67.75,4,True,399.938,93.6,447.97,Kanpur Industrial Site 0155,Chemical Plant,0.03433892014195761,Persistent Industrial Source,90,High
21.28705,78.83685,408.67,94,2026-01-14,2162,55.36,2,False,399.815,94.5,128.66,Nagpur Industrial Site 0399,Manufacturing Unit,0.05936941294241873,High Intensity Fire,70,Medium
20.88216,72.96495,397.57,100,2026-04-27,1953,60.53,2,False,403.21000000000004,100.0,98.94,Surat Industrial Site 0352,Steel Plant,0.07697967059770024,High Intensity Fire,70,Medium
23.31992,77.58801,395.37,98,2026-06-25,1567,76.08,2,False,400.055,97.0,163.57999999999998,Bhopal Industrial Site 0397,Paper Mill,0.06689647479203126,High Intensity Fire,70,Medium
24.63424,84.95698,375.74,98,2026-08-05,1942,44.02,3,True,382.83,97.33333333333333,218.11,Gaya Industrial Site 0130,Industrial Estate,0.0796949600575256,Persistent Industrial Source,90,High
25.75416,81.86268,323.26,90,2026-01-03,893,8.87,1,False,323.26,90.0,8.87,Lucknow Industrial Site 0394,Refinery,121.87224965783075,Other Thermal Anomaly,25,Low
17.67894,83.44223,395.3,99,2026-03-21,1900,83.26,4,True,387.01250000000005,96.75,321.01,Visakhapatnam Industrial Site 0358,Thermal Power Plant,0.07374947395800571,Persistent Industrial Source,90,High
23.98574,76.7088,342.29,86,2026-08-27,623,8.19,1,False,342.29,86.0,8.19,Bhopal Industrial Site 0013,Cement Plant,68.1875939722098,Other Thermal Anomaly,15,Low
19.09489,72.91816,409.77,94,2026-05-10,432,108.53,1,False,409.77,94.0,108.53,Mumbai Industrial Site 0242,Steel Plant,0.045811625871649234,High Intensity Fire,70,Medium
