latitude,longitude,brightness,confidence,acq_date,acq_time,frp
20.95611,72.65849,389.15,85,2026-09-07,59,49.91
18.19879,74.03727,312.02,74,2026-09-06,1920,9.65
23.47648,77.29968,308.39,76,2026-07-15,572,17.3
23.08039,77.53501,343.47,69,2026-01-31,2368,15.1
23.52334,86.42134,318.43,78,2026-08-15,2241,16.86
22.60685,88.12504,403.34,100,2026-09-01,1619,52.48
18.42394,73.69918,409.85,91,2026-05-20,485,72.81
23.03902,69.74454,330.31,84,2026-03-20,1257,16.88
18.42394,73.96697,403.55,96,2026-06-19,1618,25.85
17.69321,72.81842,338.87,89,2026-01-31,237,18.1
23.91308,86.84683,388.22,88,2026-09-19,56,58.85
21.55317,87.36812,321.61,90,2026-07-07,1363,24.95
19.88805,75.71487,408.74,99,2026-05-29,709,80.89
28.46804,77.09321,400.94,93,2026-06-29,446,101.54
21.15624,79.00005,406.0,98,2026-07-14,1866,56.68
20.24344,85.75641,313.6,70,2026-07-15,200,12.77
21.53047,81.76163,364.39,88,2026-01-08,1091,23.7
18.42393,73.69913,374.67,93,2026-05-15,2026,103.87
10.01416,76.17392,392.7,95,2026-01-10,1633,72.52
24.33419,74.98823,340.68,94,2026-06-18,1483,20.03
28.65386,77.09682,406.41,92,2026-06-28,2090,95.86
22.89709,88.35616,409.74,94,2026-02-05,982,82.99
23.53784,87.47296,392.79,95,2026-07-01,1814,86.93
26.21456,91.79768,387.8,92,2026-04-01,1071,72.66
21.48027,81.59218,309.75,43,2026-06-04,832,0.73
25.86113,84.70085,376.08,93,2026-02-22,1267,62.76
22.41424,70.76595,383.97,97,2026-06-30,2238,59.91
12.95624,77.66708,382.13,92,2026-07-04,734,84.35
28.87083,77.67118,390.24,91,2026-05-12,1109,58.22
25.19805,75.67012,396.78,92,2026-06-02,2056,33.37
14.12469,79.39929,331.85,91,2026-07-09,2269,19.21
23.32108,85.83363,338.18,73,2026-07-20,1456,16.09
23.72293,87.33486,378.5,98,2026-02-02,575,60.05
17.31202,78.60723,408.83,92,2026-05-10,1178,58.53
23.45285,86.91402,372.81,98,2026-03-09,1597,64.21
10.01227,76.11787,322.96,90,2026-01-14,2136,6.52
18.39071,73.63707,338.76,89,2026-05-10,1629,3.9
28.55865,77.04191,357.51,86,2026-06-03,87,42.64
22.40895,73.64615,407.66,95,2026-03-23,864,36.54
23.72308,87.33501,382.98,98,2026-04-23,1491,114.91
21.58882,74.77706,328.57,90,2026-09-01,1151,23.26
12.88697,77.69639,324.55,74,2026-03-01,1580,5.65
20.99785,86.94389,333.76,89,2026-05-10,1817,17.86
18.65314,73.87121,388.32,94,2026-05-06,712,47.9
26.14675,80.6522,397.94,97,2026-03-21,1868,66.46
27.02236,75.56563,366.29,91,2026-07-31,753,78.52
26.1374,80.09882,327.92,85,2026-08-24,1018,8.04
17.61646,83.54923,317.13,66,2026-07-29,2186,2.6
23.46935,85.1675,327.51,86,2026-07-08,1439,7.76
19.80423,75.42511,393.05,100,2026-08-05,1767,84.36
24.73379,85.0091,406.06,99,2026-02-17,167,60.41
26.48785,80.34606,397.87,93,2026-03-18,171,86.03
18.40419,74.08679,376.63,97,2026-04-22,1242,65.96
19.57898,72.91782,403.35,99,2026-07-26,1164,32.06
19.97684,75.45161,377.68,90,2026-03-24,102,33.15
10.85414,77.11378,372.28,91,2026-07-24,1289,27.56
26.13764,80.09873,344.61,91,2026-08-12,1645,8.14
17.74813,83.33992,398.95,98,2026-03-13,875,54.52
25.99922,81.76253,343.42,93,2026-01-10,1108,7.6
31.3849,75.89753,339.18,59,2026-05-30,1759,11.52
21.36413,81.68782,399.08,100,2026-03-05,1983,25.73
28.84806,77.07151,373.81,91,2026-03-14,1855,47.24
22.87377,86.42424,409.96,92,2026-06-03,563,118.35
21.32884,81.92592,312.52,60,2026-05-28,1043,0.8
16.51982,80.41125,387.89,96,2026-01-29,2171,85.38
23.39823,77.59262,381.91,89,2026-05-02,1694,62.49
23.40006,87.59462,366.68,93,2026-01-02,1108,50.15
19.85485,73.7921,382.58,84,2026-02-28,603,17.7
31.17208,75.56439,378.06,84,2026-08-05,1085,22.36
28.73394,77.49826,372.45,96,2026-03-14,851,40.43
29.49794,78.41955,334.09,81,2026-02-26,735,18.03
26.40095,72.81675,375.76,97,2026-07-27,1311,54.3
23.3431,85.39389,382.99,99,2026-06-10,1401,107.83
23.43518,77.3749,384.32,98,2026-05-27,1916,40.47
23.43397,85.27901,378.21,97,2026-02-25,113,93.47
21.26748,86.55873,344.83,95,2026-08-24,1545,12.85
26.02388,91.74912,408.14,94,2026-02-18,1026,41.28
30.11887,76.71539,344.56,95,2026-07-12,1324,23.54
28.49794,76.88213,392.04,94,2026-03-20,54,32.82
28.45009,76.76115,407.81,97,2026-08-10,1268,99.25
17.37881,78.70879,405.54,99,2026-03-23,2394,42.75
9.58492,76.0908,327.4,72,2026-05-05,88,14.4
21.00692,72.76705,388.52,100,2026-04-24,2387,33.96
23.40786,74.04713,320.69,93,2026-05-02,1911,15.69
19.57925,72.91806,401.19,95,2026-02-15,2394,81.51
24.78309,84.6907,303.53,58,2026-05-21,1548,4.29
20.21314,82.57305,334.0,94,2026-08-08,642,5.88
28.32363,73.60315,335.94,65,2026-03-26,1922,11.48
21.84981,73.8877,327.65,91,2026-08-31,2191,16.63
28.35824,77.3452,302.67,72,2026-07-01,1101,17.89
12.97402,80.3608,383.69,99,2026-05-25,1090,99.15
29.39302,76.93232,382.61,90,2026-07-10,571,44.97
19.7441,73.80705,330.2,40,2026-02-28,322,1.94
22.38625,84.26821,343.11,84,2026-03-20,912,22.6
31.81298,75.06697,362.29,88,2026-01-15,1722,15.94
10.09612,76.183,381.44,96,2026-05-01,2101,37.92
31.83306,74.78482,399.49,98,2026-09-08,2250,42.96
21.13493,78.97685,375.87,100,2026-07-27,446,92.98
16.49215,80.72319,374.87,98,2026-04-02,1552,26.26
17.41473,79.83354,325.91,89,2026-06-30,527,8.75
19.55585,75.56988,402.07,97,2026-01-30,1297,36.75
21.07889,81.49292,374.55,99,2026-01-19,741,114.77
9.19183,75.18709,326.34,94,2026-04-04,1082,7.45
29.29502,77.16191,373.5,92,2026-01-28,2295,25.94
19.28434,74.44551,327.29,85,2026-03-16,2094,19.55
21.15599,78.99999,381.16,98,2026-04-03,1957,25.61
23.18717,70.05843,341.63,90,2026-08-30,1699,23.06
25.26644,85.89682,358.79,95,2026-08-24,2041,27.02
20.61405,73.03199,408.97,94,2026-04-01,854,68.79
31.54106,74.8728,389.3,99,2026-01-02,1825,31.3
22.64717,88.38222,386.11,96,2026-07-08,2103,76.35
21.38987,73.03016,302.9,56,2026-04-05,1508,3.39
28.63794,77.373,407.31,96,2026-06-13,1850,60.15
29.50235,77.20186,384.15,92,2026-05-05,1433,24.56
23.1206,72.59228,351.67,91,2026-04-18,136,20.19
28.01297,74.85706,335.67,89,2026-08-13,2020,5.5
20.2024,80.49069,343.83,92,2026-08-06,1105,17.78
21.25289,73.00615,405.62,97,2026-04-16,411,80.72
9.96366,76.6048,327.03,70,2026-04-12,321,9.02
19.71094,75.43713,380.13,98,2026-07-11,1326,88.43
25.1397,74.07172,327.68,93,2026-02-02,353,13.55
22.96353,70.11019,329.88,87,2026-06-23,1566,3.17
19.04572,76.30811,326.75,85,2026-08-07,1833,8.16
19.2489,72.47902,378.95,97,2026-09-20,1715,35.76
31.24783,74.93011,397.64,94,2026-07-05,1436,86.36
19.19845,74.78922,332.07,86,2026-02-25,515,4.75
22.29113,73.39943,344.1,86,2026-09-15,1562,12.92
25.72404,86.09794,383.78,100,2026-01-31,1060,40.52
25.36216,76.00854,335.27,70,2026-03-10,378,4.75
26.29898,80.64282,391.49,96,2026-01-21,2378,86.07
22.5805,85.30606,335.09,86,2026-06-12,1825,4.16
23.43325,85.40392,389.01,95,2026-08-07,534,32.06
27.03652,77.95732,381.68,97,2026-04-26,2354,44.29
26.56995,80.23381,401.98,95,2026-06-23,1209,75.98
25.65315,85.38786,397.39,91,2026-08-15,2394,61.27
23.6987,87.29864,332.37,75,2026-09-10,188,10.45
22.71844,88.33954,385.23,85,2026-09-16,353,23.88
20.28707,73.73677,399.47,96,2026-01-03,2279,91.18
27.22605,78.09781,404.46,91,2026-05-29,2175,27.59
21.45704,72.71205,382.17,96,2026-07-31,1314,79.27
27.07076,72.19019,332.96,83,2026-02-20,2105,23.03
22.09982,73.50894,338.44,59,2026-04-30,1768,1.44
21.45705,72.71189,372.31,94,2026-07-22,1282,38.47
30.82301,75.87478,384.35,98,2026-02-19,754,48.75
23.68282,84.30718,328.1,94,2026-03-08,58,8.45
22.93477,77.49212,324.52,63,2026-08-17,1147,11.3
31.14801,75.51013,394.05,91,2026-07-23,1208,91.45
18.40407,74.0869,376.65,99,2026-04-26,2072,116.59
23.59556,86.14667,326.72,76,2026-02-13,2031,11.98
19.90504,75.39555,327.05,49,2026-07-18,779,2.34
22.35387,75.71919,384.75,99,2026-08-12,619,105.98
18.91482,72.71114,387.47,96,2026-08-07,1648,36.06
22.46801,76.03752,311.88,40,2026-08-21,673,8.02
26.77928,75.66603,360.8,97,2026-01-30,256,64.27
25.05324,76.06402,408.39,96,2026-01-26,1153,114.26
20.97006,79.3098,376.58,92,2026-02-08,188,87.19
17.4029,78.2812,347.88,64,2026-01-08,2369,1.99
20.45385,85.6002,387.19,99,2026-05-29,620,30.44
24.79769,86.07406,323.24,82,2026-06-05,2130,12.79
13.07391,77.75101,360.7,99,2026-05-25,1414,32.86
27.0002,80.94378,405.09,98,2026-07-01,959,46.17
29.13887,77.01399,372.21,96,2026-07-17,370,105.0
22.9475,86.46967,313.74,36,2026-05-03,759,2.86
21.22761,81.56994,365.2,87,2026-07-13,417,23.45
28.82817,77.55182,378.05,98,2026-04-30,1003,60.8
22.69509,75.94917,381.72,91,2026-01-08,2174,78.8
22.50009,88.47287,382.23,92,2026-05-26,327,74.24
23.03924,69.74467,338.02,83,2026-03-28,640,19.64
13.26302,80.5633,371.9,96,2026-04-22,1702,36.47
21.17892,71.96109,326.25,87,2026-07-01,90,12.77
21.32538,71.7685,335.56,87,2026-03-29,2284,13.64
10.71876,77.00122,405.55,96,2026-02-28,662,56.1
19.41379,73.05583,397.38,96,2026-06-11,685,75.31
16.92866,82.35721,333.42,89,2026-04-25,161,11.6
23.31169,87.04792,333.76,65,2026-01-28,805,4.13
22.83921,86.09667,371.88,87,2026-07-03,2007,26.47
30.94326,75.81303,389.71,96,2026-01-09,1936,59.38
29.62912,76.75142,327.44,68,2026-08-05,403,17.61
22.5805,85.306,323.46,91,2026-07-06,1887,7.23
10.22748,76.57806,328.51,59,2026-02-23,45,0.52
19.32567,72.5824,383.49,83,2026-05-23,2292,54.61
22.23199,73.5109,393.51,92,2026-09-13,1884,25.43
23.266,77.31992,395.37,91,2026-02-16,1815,29.63
27.84795,73.23216,387.99,100,2026-01-22,730,92.03
20.30557,73.44244,345.89,57,2026-05-21,1918,13.82
17.60494,78.54589,385.08,91,2026-08-26,74,118.08
9.64984,76.67385,401.95,95,2026-08-24,1880,65.33
22.30061,70.77233,360.82,92,2026-08-08,1728,69.73
23.05713,77.24118,406.26,100,2026-07-21,2208,95.6
28.28104,76.85492,406.4,99,2026-09-13,322,33.1
20.16608,73.69401,402.36,93,2026-08-15,1877,112.17
29.51819,77.02304,370.85,86,2026-07-19,140,38.21
29.45481,76.93405,387.2,95,2026-02-08,1529,98.45
25.42023,86.57944,365.71,82,2026-02-09,1677,72.25
21.35573,78.95226,357.56,96,2026-01-17,1718,52.54
28.50224,77.15394,343.01,49,2026-07-04,2278,6.68
18.02939,72.19533,327.88,93,2026-08-15,1809,5.78
26.74394,75.59708,400.93,98,2026-04-14,178,37.94
20.07784,73.73656,370.51,95,2026-09-14,1362,42.32
26.95778,80.83288,401.73,97,2026-09-15,1367,108.99
22.61522,75.8288,399.45,94,2026-02-13,2146,75.32
19.23935,73.01093,343.59,95,2026-02-21,2387,12.53
26.75084,75.62723,405.78,100,2026-04-05,946,57.2
18.42391,73.69897,403.88,91,2026-03-12,1621,64.22
20.51425,85.57818,386.52,99,2026-07-18,1996,71.5
22.04454,80.19017,326.94,83,2026-02-16,2,10.58
11.27498,76.63431,321.26,47,2026-05-18,1533,0.52
12.19344,78.51079,330.78,93,2026-08-29,276,24.16
20.51399,85.57794,394.98,94,2026-06-28,2,86.77
28.85559,77.37457,332.44,49,2026-01-31,643,6.42
27.4451,77.9688,377.52,100,2026-03-03,2111,52.13
22.57242,72.84531,302.26,54,2026-09-19,581,13.85
19.80899,71.75677,344.35,80,2026-06-27,1736,3.76
25.16778,85.97103,400.96,93,2026-07-01,287,103.58
19.11093,72.71367,382.29,82,2026-08-05,107,51.36
26.31393,91.7599,391.99,95,2026-05-06,932,54.52
10.73925,76.91617,344.98,44,2026-03-04,197,16.9
27.96025,76.89841,332.97,94,2026-08-17,864,20.75
23.88191,86.97582,382.97,97,2026-07-17,238,51.03
23.64682,87.1355,335.93,64,2026-06-14,177,15.63
22.63172,86.22925,325.48,87,2026-09-01,290,23.99
10.05613,76.30676,407.95,98,2026-02-10,1681,51.0
17.75144,83.1851,376.15,99,2026-08-31,1766,60.11
20.16698,72.97379,404.55,100,2026-04-14,2008,34.16
19.24893,72.47897,377.04,91,2026-08-13,971,53.48
21.00701,72.76708,399.84,95,2026-08-09,2065,99.9
22.96368,70.11005,338.97,89,2026-06-23,1855,23.83
17.37878,78.70905,377.05,96,2026-01-26,2016,81.46
16.38505,80.61905,381.8,98,2026-09-16,2282,69.63
23.59485,86.73924,374.82,95,2026-06-20,2083,61.53
30.26889,77.94547,320.18,93,2026-04-20,54,14.73
18.39814,72.18936,331.51,80,2026-05-03,1178,9.02
23.42801,86.13614,384.68,95,2026-01-23,591,25.43
31.65308,75.06825,330.98,80,2026-03-12,1250,17.93
28.49986,77.30691,387.68,93,2026-01-20,1648,46.61
26.02387,91.74923,403.31,99,2026-01-01,492,118.98
25.36201,86.29016,361.81,85,2026-02-13,760,44.68
26.86798,80.751,402.89,99,2026-04-15,543,110.82
30.2859,76.47607,327.97,84,2026-08-21,2233,10.0
23.04024,77.57409,405.19,91,2026-07-08,1505,118.93
26.29923,80.64296,400.71,92,2026-07-09,2228,70.12
26.08903,91.64695,369.1,99,2026-06-15,2193,18.1
23.12802,72.27999,375.76,94,2026-08-12,1365,90.03
17.4762,73.02266,329.82,80,2026-07-08,311,3.2
20.00604,73.65194,405.4,96,2026-08-13,1559,52.18
27.18801,78.08379,385.45,92,2026-01-07,1239,116.58
12.87822,77.55696,373.97,97,2026-07-16,1893,64.59
21.28693,78.83702,390.96,95,2026-02-13,925,73.3
26.44859,79.05954,327.67,93,2026-06-03,1299,18.3
19.75625,75.69388,395.93,98,2026-07-01,324,114.63
21.27976,81.80924,394.29,100,2026-04-20,316,110.26
22.04454,80.19057,332.6,91,2026-08-06,1644,5.89
22.67975,72.79807,314.65,39,2026-06-08,2256,3.64
25.24549,92.74798,324.67,95,2026-03-15,796,15.06
16.39176,80.58987,391.44,97,2026-07-01,1378,58.5
28.45018,76.76101,382.63,91,2026-08-18,1254,69.74
30.74918,75.82683,378.84,99,2026-03-13,1223,38.89
17.24606,81.34332,325.61,85,2026-02-26,478,5.84
23.42788,86.13606,373.73,94,2026-03-03,919,118.97
20.21119,75.40664,331.59,70,2026-07-16,2359,4.13
20.36847,85.77242,368.62,97,2026-02-20,1772,75.93
27.0002,80.94393,401.25,94,2026-05-05,1003,33.23
20.13635,75.09456,336.65,59,2026-07-01,1582,3.54
25.67982,86.30616,395.36,95,2026-07-01,1959,65.97
27.33182,77.76214,383.8,92,2026-02-09,1546,45.27
26.73904,80.94759,325.87,70,2026-05-03,1790,5.72
24.63411,84.95693,399.26,95,2026-07-30,1308,102.15
17.49765,83.49411,363.69,85,2026-02-27,294,57.26
25.70574,85.98181,341.02,70,2026-06-19,25,2.2
21.42965,79.07714,379.14,96,2026-02-21,1549,48.83
28.47899,77.36124,379.44,91,2026-07-24,2394,33.01
29.36716,77.01918,379.9,91,2026-02-23,1991,99.68
26.27547,91.74879,360.2,86,2026-04-28,2000,23.39
20.16205,85.84312,406.64,96,2026-07-29,2221,87.51
25.68003,86.30576,377.75,98,2026-01-04,1753,66.17
23.61876,87.25053,318.39,40,2026-01-27,1601,5.71
21.06447,81.42417,318.01,47,2026-03-09,314,4.8
22.85763,88.53279,368.63,96,2026-01-06,1581,65.04
11.9912,77.94699,340.38,92,2026-08-11,1076,12.48
10.74494,76.67104,334.24,52,2026-03-29,1629,7.46
12.87787,77.55687,384.58,92,2026-07-21,1829,57.06
27.25863,77.88337,315.47,37,2026-09-11,1632,16.21
19.19852,74.78905,324.88,91,2026-09-04,66,18.42
12.84896,77.82969,315.02,63,2026-03-12,2268,5.92
28.91028,72.28113,332.53,88,2026-08-17,1655,3.06
9.65005,76.67394,401.21,100,2026-03-01,1658,52.95
11.18837,77.19543,356.79,93,2026-04-10,1021,40.1
24.33414,74.98837,331.36,82,2026-01-04,1329,5.93
22.4088,73.64613,383.09,92,2026-02-02,500,78.95
23.01076,76.0252,378.23,91,2026-02-26,2083,72.91
23.02845,76.14147,327.06,48,2026-08-06,1031,15.16
25.17582,86.34253,380.93,89,2026-07-22,2027,60.29
22.47574,88.2302,369.13,93,2026-07-02,629,17.44
20.43202,85.93226,325.93,72,2026-01-18,2311,11.31
28.57757,77.05283,318.76,63,2026-01-17,915,9.56
28.69821,77.00716,405.26,96,2026-02-07,1318,71.25
27.0002,80.94413,401.39,95,2026-08-29,1002,61.41
22.64021,75.77759,316.16,64,2026-01-14,704,10.7
17.55876,83.45319,328.02,53,2026-05-07,749,17.56
17.60512,78.54595,384.3,100,2026-04-13,849,102.8
23.53062,87.44346,333.52,36,2026-02-15,2326,9.46
21.96112,80.49433,324.28,86,2026-03-02,374,11.25
27.84497,73.51129,359.92,82,2026-09-09,466,38.61
28.46781,77.09307,373.85,92,2026-08-08,1378,98.46
23.68493,86.95715,387.34,100,2026-02-16,326,55.3
31.05695,75.77331,322.49,51,2026-01-27,43,4.62
28.2114,73.04143,365.0,88,2026-07-11,860,75.65
24.80688,84.70714,409.21,92,2026-04-16,2132,86.33
26.34805,80.42355,347.0,78,2026-06-19,2290,3.62
30.80897,75.95823,331.29,91,2026-08-11,230,20.13
19.29202,72.91394,401.02,100,2026-04-02,38,69.25
25.48105,86.60284,395.06,100,2026-06-09,1805,84.46
19.75608,75.69413,396.34,96,2026-01-03,2176,105.35
23.63924,87.14507,375.55,93,2026-04-11,2142,66.88
21.36609,85.05026,332.51,80,2026-06-15,1910,22.2
12.93609,77.71486,374.51,92,2026-05-29,1476,34.42
27.00757,81.06952,345.97,74,2026-09-06,142,15.18
20.06499,73.78375,331.25,86,2026-01-15,571,6.2
29.49796,78.41934,332.0,82,2026-01-12,2339,3.32
16.83061,80.81408,328.48,76,2026-02-05,1407,13.38
31.02025,76.00119,407.41,98,2026-08-16,1633,118.52
32.24416,76.31816,321.82,87,2026-01-29,358,20.9
28.26225,77.41001,378.87,93,2026-05-27,1042,41.96
18.50579,73.79793,378.3,91,2026-09-10,1955,63.4
22.85772,72.42022,383.73,91,2026-05-29,934,38.64
22.64686,88.38205,389.95,96,2026-08-17,2018,49.2
22.8971,88.35598,397.48,98,2026-07-06,1030,94.42
28.06907,73.34701,395.28,91,2026-02-24,348,88.6
27.7974,77.76043,323.65,89,2026-05-24,2124,15.75
23.91591,71.6612,342.77,85,2026-03-22,1485,22.73
11.07007,75.24827,343.02,92,2026-03-08,2005,15.76
22.19898,70.8141,369.07,98,2026-06-08,1498,64.7
31.14818,75.51017,397.34,93,2026-02-16,1745,31.79
30.55423,75.65726,305.36,70,2026-06-11,1593,2.68
25.32737,84.99529,321.13,36,2026-01-21,2236,3.03
22.24206,70.8241,398.81,92,2026-04-27,2017,109.74
20.32303,85.62816,381.99,98,2026-05-04,1382,95.09
28.88712,77.06366,362.21,86,2026-02-01,1249,52.64
21.03182,72.50209,404.29,98,2026-05-08,601,61.96
13.79696,78.48913,320.32,83,2026-04-07,1561,16.3
25.48068,76.18184,343.37,67,2026-04-27,2245,1.19
18.80494,72.69121,391.37,91,2026-07-26,2318,115.59
26.38097,80.38785,376.15,94,2026-03-01,1784,42.53
23.75397,87.24408,393.56,94,2026-01-06,2107,63.96
27.90712,73.13912,406.6,92,2026-06-09,2056,96.28
21.44321,79.24347,379.69,90,2026-02-10,2294,53.05
13.12208,77.87379,374.29,92,2026-02-10,1792,97.18
21.93998,76.53401,327.08,93,2026-05-18,1439,5.52
31.1031,75.53032,330.98,41,2026-02-26,2283,15.1
27.0461,78.06794,380.15,94,2026-05-11,944,44.48
21.00486,79.24424,393.08,91,2026-07-16,2229,58.27
22.30115,73.20007,315.05,58,2026-07-17,2010,14.07
12.95595,77.66691,380.42,95,2026-06-25,2267,98.56
22.3658,73.14718,402.53,93,2026-02-17,1165,49.93
25.41038,76.00375,351.28,94,2026-01-01,15,49.05
23.00701,86.28411,385.99,97,2026-03-04,733,38.74
26.2183,73.17466,311.62,51,2026-09-08,1401,12.26
16.3058,80.84345,368.25,89,2026-02-21,793,39.3
28.26423,77.1691,380.13,94,2026-02-24,1570,78.89
22.77336,86.01176,388.13,99,2026-01-17,1025,31.23
22.90981,75.65517,380.62,96,2026-08-12,252,95.28
10.88604,76.93905,373.67,95,2026-04-29,2081,88.49
12.87778,77.55714,385.71,97,2026-07-08,2381,49.81
25.66607,85.25776,395.56,91,2026-02-18,120,82.17
11.36705,76.50676,389.44,98,2026-03-13,50,112.18
26.40119,72.8169,393.49,93,2026-02-11,276,42.43
23.08244,77.49084,365.45,97,2026-02-13,1875,62.4
17.58884,78.47594,407.6,91,2026-05-31,892,44.79
21.06906,79.29289,312.37,43,2026-09-06,2260,6.2
22.1119,72.88402,382.47,99,2026-09-19,411,66.48
17.95262,83.10073,337.71,51,2026-01-03,893,17.74
23.41147,85.50764,359.35,88,2026-05-21,1421,26.55
20.1158,73.90081,383.83,94,2026-03-25,83,32.54
25.6658,85.25824,405.78,99,2026-06-09,2193,91.88
11.88992,78.43601,327.28,80,2026-01-01,981,17.56
28.75382,77.31676,332.94,39,2026-07-20,524,3.1
23.42793,85.99263,358.21,82,2026-08-16,295,26.91
19.56119,73.05885,407.95,95,2026-08-23,2314,51.05
23.16491,72.11,407.72,98,2026-07-17,2192,45.48
13.21981,77.39101,388.92,99,2026-07-02,387,53.09
26.65662,80.25912,306.83,72,2026-09-07,1723,13.87
21.09904,72.78299,381.11,93,2026-03-22,448,25.52
27.02027,75.89396,380.46,92,2026-03-29,86,71.87
26.00892,73.29212,380.62,100,2026-02-17,1006,25.07
23.72281,87.33511,398.44,94,2026-08-02,1666,53.56
27.24091,80.8569,374.49,95,2026-05-23,1386,41.87
24.57593,84.96588,375.06,94,2026-01-19,358,96.85
26.17812,91.76189,394.97,95,2026-01-23,2104,52.47
23.19982,72.41807,408.97,91,2026-07-29,1439,55.22
9.21037,75.38171,343.82,87,2026-03-20,41,20.95
31.83286,74.78511,383.94,92,2026-07-15,555,29.18
25.44611,86.20191,383.49,100,2026-02-18,250,108.65
23.77177,87.13296,407.51,100,2026-09-20,2131,60.34
27.19853,75.84203,313.64,67,2026-03-07,1217,1.58
18.4038,74.08679,398.59,97,2026-05-14,1883,97.87
32.20845,76.37997,337.46,84,2026-07-02,323,4.7
19.56097,73.05909,380.19,100,2026-01-29,1243,95.45
19.23677,72.65508,306.99,57,2026-02-24,2311,10.87
23.22654,84.99208,313.63,65,2026-09-10,1949,2.2
18.91522,72.71104,405.63,94,2026-09-10,540,41.47
19.91901,73.83508,378.22,95,2026-04-19,812,27.23
23.196,85.30514,402.32,99,2026-04-16,1940,37.84
20.23282,85.97219,405.43,100,2026-04-06,2150,112.14
26.5217,72.96162,366.81,82,2026-08-02,1165,72.26
23.03989,77.57424,400.53,94,2026-07-03,786,101.28
27.24541,79.21908,330.91,84,2026-03-27,987,18.32
26.4881,80.34601,389.0,93,2026-06-11,493,85.23
16.401,79.60586,339.28,88,2026-07-05,41,19.9
22.35756,71.10266,329.45,69,2026-08-18,397,17.0
21.16619,72.58902,396.96,99,2026-03-06,552,70.23
19.19875,74.78922,333.28,92,2026-08-08,1640,11.73
23.41049,72.43183,342.88,91,2026-09-13,48,4.71
22.28022,73.3461,389.92,89,2026-01-21,1399,53.48
23.79599,86.2098,388.23,93,2026-06-15,361,88.53
19.02796,72.80924,409.04,98,2026-04-29,921,110.63
26.07478,91.56656,342.89,40,2026-09-12,1645,8.41
20.32294,85.6281,375.94,97,2026-08-11,1705,94.95
20.00609,73.65183,373.05,92,2026-05-17,1013,36.64
22.69717,75.78882,408.05,95,2026-04-24,1483,88.2
27.92279,73.19185,326.64,67,2026-03-05,754,10.93
28.80138,77.07269,323.01,52,2026-06-28,1895,1.59
29.28572,76.93865,336.24,49,2026-03-22,1410,17.44
18.09568,73.82282,331.1,95,2026-04-12,2101,15.34
20.28706,73.73677,378.68,93,2026-03-29,153,43.08
26.38261,91.72736,357.35,84,2026-03-11,2135,39.06
25.30485,86.14085,396.17,96,2026-06-21,2353,118.55
25.71677,85.30222,385.33,97,2026-04-22,775,115.81
31.73088,74.59679,360.24,92,2026-08-10,1349,46.95
18.99685,73.00478,383.77,93,2026-04-16,1090,98.5
25.15312,86.56184,406.92,96,2026-02-07,1802,85.31
24.82226,84.94577,332.09,42,2026-09-13,1776,13.29
25.38383,86.21323,401.51,92,2026-04-24,519,32.92
21.90148,73.70704,343.92,86,2026-03-02,1070,13.74
23.12825,72.27999,394.86,98,2026-02-02,109,77.18
22.80879,86.19919,391.71,97,2026-09-14,1582,78.89
28.26377,77.16907,382.97,93,2026-08-07,1990,38.14
19.85005,74.91702,376.06,98,2026-06-25,1577,80.17
31.52898,75.73816,372.91,93,2026-02-12,1733,68.84
18.48513,73.83624,322.84,88,2026-02-16,776,12.86
20.12377,71.84276,337.52,94,2026-03-10,2383,24.31
28.50825,77.03194,405.49,92,2026-04-25,1895,42.55
20.288,85.7322,401.52,92,2026-09-15,1575,27.09
24.56802,84.81313,391.88,94,2026-07-30,459,109.54
23.70445,86.6548,308.16,68,2026-04-08,1806,14.76
22.6415,86.46046,339.87,75,2026-01-27,1056,11.12
28.87121,77.67112,407.36,97,2026-07-25,1894,40.8
25.46162,84.93217,318.99,65,2026-03-22,1827,17.59
23.11081,85.31294,390.78,93,2026-08-19,1906,92.5
16.31488,80.57284,392.35,91,2026-08-26,1108,43.09
17.51112,83.19596,391.46,92,2026-05-30,1870,91.2
28.68613,77.27695,384.29,94,2026-07-12,1528,106.83
23.53797,87.47318,390.52,96,2026-07-05,677,119.62
16.49212,80.72282,374.16,96,2026-04-28,1566,112.28
27.86163,73.01317,374.59,91,2026-03-15,712,26.13
25.86085,84.70076,396.7,99,2026-01-21,1167,52.97
21.25588,72.68787,380.7,100,2026-04-07,2078,50.44
13.79675,78.48895,337.97,94,2026-07-17,1153,18.54
28.16387,77.4089,353.79,82,2026-01-22,1121,15.4
23.79589,86.20994,389.06,94,2026-01-30,2254,115.23
26.38875,80.42742,351.0,94,2026-05-26,1268,30.02
25.3279,86.47895,388.94,93,2026-06-10,300,106.33
27.86295,73.43511,402.05,93,2026-05-27,1703,83.2
22.86483,72.62884,406.66,96,2026-05-08,346,85.16
18.03017,83.27407,310.47,54,2026-05-30,901,7.35
26.71914,75.75409,394.02,93,2026-03-22,2245,40.87
27.0407,75.91028,367.98,87,2026-07-02,1257,20.96
27.04279,75.60697,378.66,99,2026-03-20,1345,65.03
22.67416,88.27824,407.97,100,2026-07-07,100,109.03
19.19856,74.78948,328.02,82,2026-06-12,1643,7.44
29.36691,77.01916,376.45,98,2026-01-29,1631,78.62
23.86021,73.30463,328.15,84,2026-03-03,67,4.32
28.26273,77.03243,362.74,99,2026-09-04,2222,70.38
24.05511,86.23213,327.04,91,2026-05-27,2094,13.11
25.16695,75.7016,308.11,76,2026-03-21,614,13.1
26.18327,73.01093,336.84,66,2026-05-20,2197,12.68
27.79018,76.35779,331.96,86,2026-05-29,2061,5.32
18.24895,73.9374,321.29,38,2026-05-28,1857,11.87
25.11551,86.03828,301.32,75,2026-04-14,1867,13.28
28.50818,77.03204,376.93,97,2026-04-14,51,100.77
9.75051,76.03199,385.4,89,2026-01-24,922,19.41
23.3788,86.01089,400.68,97,2026-08-28,1259,33.09
26.82708,75.66419,406.5,93,2026-01-01,228,52.64
22.80877,86.1992,391.47,97,2026-03-20,2074,63.64
10.09058,75.98557,381.39,95,2026-04-12,2340,26.82
20.62007,72.886,355.19,94,2026-01-01,2141,35.42
23.12784,72.28018,382.46,92,2026-07-09,1442,75.36
11.36708,76.5071,379.82,97,2026-06-25,1983,70.64
12.93714,77.78485,397.89,99,2026-04-01,2110,103.22
17.66061,78.31436,381.15,93,2026-07-22,641,19.71
10.01211,76.11789,330.14,92,2026-08-23,631,17.43
26.02406,91.7492,406.83,92,2026-07-01,928,84.5
18.77095,73.54616,400.98,91,2026-07-25,1288,38.12
17.50082,78.55792,385.96,92,2026-03-01,183,38.17
19.92962,75.10568,389.7,84,2026-05-01,1841,46.37
31.78495,74.93181,308.66,41,2026-03-15,2378,9.27
22.87401,86.42425,385.48,98,2026-07-28,1224,86.48
25.13979,74.07147,325.74,91,2026-01-18,883,24.85
31.56978,75.70681,365.67,95,2026-05-08,802,22.62
18.80521,72.6912,407.56,92,2026-08-18,1947,56.07
12.88424,80.27899,382.82,93,2026-08-02,744,103.82
22.59223,88.44123,404.32,91,2026-04-16,633,28.54
13.22105,80.42841,328.89,35,2026-08-12,443,15.48
31.66709,75.84888,401.55,99,2026-08-17,1080,108.44
26.72397,80.84806,406.81,96,2026-02-05,316,117.72
30.95724,75.6008,381.63,93,2026-02-28,1085,117.82
22.63209,86.2294,337.78,87,2026-07-07,1052,8.28
26.1778,91.76189,397.15,96,2026-08-21,651,94.66
21.00718,72.76713,372.7,96,2026-08-19,444,106.55
28.46391,77.14502,377.78,92,2026-04-22,1185,109.07
29.42918,76.21486,332.83,95,2026-09-17,64,23.49
23.57794,87.12862,362.71,87,2026-09-16,96,17.86
22.11479,76.5974,322.25,93,2026-05-16,991,18.39
24.27411,86.49519,320.55,84,2026-04-18,624,18.31
30.80928,75.95854,330.42,93,2026-02-15,855,8.74
23.83984,87.10918,408.58,96,2026-05-28,2328,70.38
27.96302,73.4365,388.18,90,2026-06-07,1906,21.72
28.32247,76.31012,330.9,82,2026-08-24,270,13.91
24.27397,86.49507,328.0,84,2026-06-20,473,11.59
23.16489,72.10988,409.16,94,2026-08-28,40,60.3
30.74685,75.95492,353.18,83,2026-03-02,2318,49.61
20.18999,85.79139,356.86,98,2026-01-07,1976,44.77
25.24566,92.74792,340.25,94,2026-02-24,2029,19.0
25.01898,75.64917,375.95,93,2026-03-24,149,99.98
25.85017,85.27601,408.99,98,2026-01-20,56,56.21
13.072,80.59563,304.49,63,2026-02-03,966,3.15
18.84801,74.66061,333.96,95,2026-03-12,433,13.06
25.30116,86.59413,396.79,96,2026-04-03,2082,96.89
22.8432,72.72691,407.37,98,2026-04-27,1724,98.88
29.45507,76.93389,377.63,99,2026-07-05,120,78.97
19.9888,75.04723,378.85,100,2026-05-17,980,55.48
31.61322,74.69218,402.49,96,2026-02-25,2275,36.21
31.53699,74.76106,388.26,93,2026-07-22,1331,59.8
25.99948,81.76271,333.88,85,2026-04-04,595,14.04
21.27721,79.16923,318.48,37,2026-04-02,608,2.99
23.63813,87.25759,303.78,35,2026-06-01,59,11.59
14.12449,79.39923,335.96,86,2026-05-03,1629,10.65
22.95487,72.68778,398.0,91,2026-08-17,2115,76.21
23.69212,86.88519,399.13,92,2026-06-02,770,94.34
19.91899,75.59142,364.99,86,2026-02-15,365,48.67
22.33492,73.17422,393.47,99,2026-02-19,415,108.99
25.44593,86.20202,409.01,98,2026-02-04,205,77.27
12.77022,77.74404,387.87,95,2026-08-12,379,19.17
23.18724,70.0587,342.35,81,2026-08-13,695,17.24
17.51115,83.19599,387.13,96,2026-05-04,2182,42.38
19.34514,72.92606,311.79,58,2026-05-23,2355,16.99
27.90709,73.13889,407.41,99,2026-03-25,176,112.43
31.54087,74.87309,395.21,99,2026-07-09,328,108.64
19.18292,72.97813,387.21,97,2026-07-08,2063,71.72
18.27723,77.36397,322.45,94,2026-05-31,1109,4.77
26.07222,91.44622,379.98,93,2026-01-21,595,76.69
20.17765,86.03619,338.18,49,2026-01-12,598,14.44
25.79308,76.8294,344.12,83,2026-04-14,2303,13.19
27.56655,75.0653,322.23,86,2026-02-12,718,17.49
27.86266,73.04318,365.74,89,2026-03-21,1288,58.06
20.68709,74.55333,322.74,90,2026-05-06,1173,3.27
24.76986,85.03023,397.98,93,2026-09-15,666,46.91
28.48285,77.54376,378.82,91,2026-04-21,431,57.22
20.12396,71.84276,343.66,85,2026-04-17,483,9.12
26.28798,91.73748,358.86,96,2026-06-19,1492,72.01
11.0491,76.8161,395.68,98,2026-08-09,2214,41.29
26.00626,91.55466,377.56,82,2026-08-30,675,14.86
27.24807,78.19219,408.28,93,2026-01-02,802,77.48
22.36581,73.1469,397.8,98,2026-02-06,939,86.15
19.16307,72.96112,397.55,93,2026-08-08,1499,65.73
29.59671,77.04908,361.5,96,2026-07-23,2003,46.66
30.95707,75.60123,382.55,94,2026-02-10,2333,58.64
20.84283,79.06818,376.55,92,2026-04-28,1058,117.78
23.56122,87.10117,347.29,72,2026-03-17,1139,9.45
24.63412,84.95695,373.49,99,2026-02-02,910,71.94
22.05024,73.39904,372.02,95,2026-03-16,111,73.06
20.8474,78.99494,368.7,84,2026-03-08,1577,33.8
10.05604,76.30692,375.71,96,2026-03-03,2219,62.39
23.16502,72.10987,372.96,100,2026-01-10,2035,74.57
17.87282,83.44811,345.6,45,2026-05-15,195,14.25
25.1982,75.67011,403.66,93,2026-03-30,25,29.7
22.39801,88.26811,341.76,93,2026-03-24,564,8.94
18.51187,73.95781,392.54,94,2026-06-21,913,82.86
26.82778,75.72751,381.59,97,2026-08-07,1556,12.36
32.48714,75.85436,321.62,90,2026-08-08,2282,9.47
17.46589,78.53808,403.44,95,2026-04-25,999,73.68
23.69187,86.88522,391.57,100,2026-06-05,2116,87.2
23.73173,87.26365,388.6,97,2026-09-11,460,19.36
21.19452,71.88442,322.87,93,2026-02-09,168,22.39
22.84311,72.72696,399.35,98,2026-05-05,1624,62.32
28.45004,76.76107,384.97,95,2026-01-15,228,32.72
28.49781,76.8818,382.81,99,2026-08-12,147,34.88
31.69031,74.95509,364.34,94,2026-01-08,1502,61.98
25.53699,85.26797,405.4,93,2026-08-05,1133,102.34
27.52577,77.78317,342.6,65,2026-01-28,1918,9.71
23.37122,86.00663,345.15,67,2026-04-14,1465,11.39
11.27948,76.64883,328.81,57,2026-03-31,2104,2.66
29.45514,76.93424,385.27,93,2026-02-25,513,101.08
13.12186,77.87421,389.6,96,2026-06-05,1931,91.42
17.93762,83.28184,365.85,88,2026-05-26,256,79.69
18.08037,72.03539,331.34,95,2026-04-15,1828,7.95
23.70246,86.83282,342.06,53,2026-05-08,1276,9.43
20.51387,85.578,379.69,95,2026-08-20,394,119.17
21.09398,78.76609,380.31,91,2026-05-23,1912,38.56
25.54111,86.09823,407.27,99,2026-06-08,1298,25.52
22.89095,86.04537,333.36,40,2026-07-14,2204,12.39
19.2921,72.91401,401.77,96,2026-03-28,774,87.18
32.20875,76.37982,338.41,82,2026-03-22,1123,19.57
9.90876,76.23505,372.4,84,2026-05-11,1828,37.44
13.06359,77.80685,343.59,71,2026-04-11,753,2.67
22.89701,88.35581,402.19,97,2026-05-11,1670,42.04
19.75576,75.69375,406.6,91,2026-01-19,865,32.74
25.29582,86.27777,386.67,97,2026-09-02,1957,61.18
28.85632,76.96236,305.68,73,2026-06-03,1346,3.14
13.12191,77.87399,385.88,92,2026-09-01,2324,85.04
23.12189,77.31921,407.24,94,2026-04-16,2042,81.58
27.12192,75.78121,388.19,100,2026-04-01,548,69.39
17.58905,78.47611,405.09,97,2026-02-10,759,89.26
11.84599,76.02572,322.57,87,2026-07-06,744,13.39
10.87292,77.0779,374.64,99,2026-01-31,2284,70.13
22.97876,72.34607,399.62,91,2026-06-04,2328,45.68
31.06182,76.16979,312.02,75,2026-08-24,1258,9.67
23.31994,77.58806,404.74,96,2026-06-14,70,87.5
21.29409,81.64305,383.49,94,2026-05-04,1822,65.91
25.34386,75.70221,384.33,98,2026-03-07,1197,54.51
25.34348,84.99913,382.59,92,2026-06-07,325,71.91
21.0791,81.49278,396.23,91,2026-06-12,949,49.76
21.24885,72.71982,385.27,98,2026-07-14,2384,78.4
28.41214,77.02778,384.25,100,2026-03-22,1356,53.28
22.7371,86.38076,378.72,98,2026-06-27,2287,39.95
21.36609,85.05028,322.22,91,2026-02-10,1496,8.71
27.84808,73.2318,378.35,95,2026-04-06,872,83.1
23.42823,86.13598,391.63,98,2026-03-14,189,27.82
22.28618,73.18384,408.8,96,2026-02-05,1261,117.47
27.0755,77.90113,384.71,92,2026-04-10,1485,71.68
9.86485,76.10448,369.13,93,2026-07-03,1328,77.53
28.54122,77.27078,395.81,98,2026-07-02,2270,44.09
28.69802,77.00705,381.7,99,2026-07-14,435,31.74
23.93459,86.01519,313.8,39,2026-02-18,183,7.76
21.96084,80.49417,340.13,87,2026-05-06,256,5.31
18.11527,79.49311,330.67,94,2026-06-24,2222,14.58
24.26983,86.06524,333.21,83,2026-05-30,54,12.08
22.34505,70.98776,393.7,91,2026-04-07,2051,87.92
28.54989,77.23216,402.64,98,2026-01-12,2138,61.79
28.54094,77.27111,390.92,97,2026-03-26,1895,95.96
17.67893,83.44196,378.97,98,2026-03-01,1923,96.62
18.39846,72.18938,333.78,91,2026-06-20,1200,15.6
18.42401,73.69922,405.73,99,2026-03-30,2229,83.01
30.44577,74.45987,322.54,95,2026-06-10,567,6.62
18.49589,73.79397,375.97,95,2026-06-17,1353,67.52
17.74796,83.33978,409.33,96,2026-03-09,607,96.6
21.12279,81.13319,399.47,100,2026-08-18,863,82.05
22.55991,88.19297,372.43,97,2026-07-09,551,107.3
17.67908,83.44202,378.43,92,2026-04-02,639,39.58
28.41355,76.97323,381.91,82,2026-08-23,2027,61.29
25.64107,86.36001,388.76,95,2026-07-21,1818,81.95
26.02496,73.21192,377.73,91,2026-03-02,1886,91.6
28.65392,77.09681,401.58,95,2026-07-07,1805,103.72
25.5747,81.06983,337.18,85,2026-07-05,598,12.03
18.50577,73.79825,387.62,91,2026-02-24,200,86.03
28.35875,77.1085,387.88,83,2026-07-01,1570,35.6
30.80903,75.9582,335.62,82,2026-08-05,553,24.23
22.70814,75.80167,385.73,83,2026-01-31,514,76.02
26.84125,75.89792,371.42,85,2026-02-27,1827,78.7
20.88201,72.96509,408.85,100,2026-08-17,2344,38.41
26.36394,80.19813,406.69,93,2026-02-15,1937,112.15
27.048,78.28841,356.74,86,2026-02-08,909,36.89
26.85194,80.766,365.91,82,2026-09-20,1877,16.0
19.69156,73.82567,330.2,39,2026-06-06,1754,17.78
19.49211,73.27101,389.75,96,2026-01-17,1090,29.44
10.71913,77.00122,405.69,91,2026-07-07,327,91.54
21.04905,78.97943,331.93,65,2026-04-20,2295,15.87
25.26311,75.79824,379.56,97,2026-04-06,562,81.86
18.91515,72.71103,395.81,100,2026-02-06,1276,71.5
26.26122,73.38815,409.75,100,2026-01-24,1456,28.96
25.60883,85.4471,391.08,97,2026-08-31,9,80.81
27.36482,78.06697,388.77,94,2026-04-28,744,50.76
23.43495,77.37521,405.24,100,2026-02-18,308,32.71
23.43768,85.41321,322.02,66,2026-03-10,1335,15.49
19.06491,72.78293,392.6,94,2026-02-05,39,69.29
26.55474,80.86908,339.83,70,2026-02-07,683,5.32
22.61718,86.10825,404.63,92,2026-02-12,854,57.37
23.24729,77.44674,360.06,89,2026-04-14,757,42.93
17.71809,83.46175,391.8,98,2026-03-27,1082,98.45
25.34455,76.05052,319.18,54,2026-03-11,1033,14.22
23.188,77.60396,373.78,98,2026-09-06,1504,29.66
27.81889,73.3772,383.64,97,2026-03-11,2020,44.58
18.42396,73.96682,390.55,100,2026-01-19,577,103.47
20.45102,85.91283,406.84,93,2026-03-03,2055,79.52
29.63593,76.90423,384.81,94,2026-09-10,913,112.23
26.72395,80.7484,327.41,41,2026-07-24,764,4.39
23.92956,86.40591,347.0,41,2026-09-13,1517,7.25
22.56004,88.19275,397.85,97,2026-06-21,968,39.08
17.69325,72.81814,339.48,80,2026-03-03,1266,14.75
21.00506,79.24392,389.2,97,2026-07-28,2151,50.2
29.38113,78.11558,321.58,82,2026-05-18,575,7.58
18.92553,72.95755,389.64,90,2026-04-02,1553,13.09
21.1319,81.5642,375.12,96,2026-09-08,343,38.31
29.13878,77.01391,379.31,100,2026-03-19,1211,67.29
20.25414,86.14769,341.61,44,2026-05-15,1087,0.75
29.49828,78.4192,328.45,83,2026-06-01,2399,14.1
26.02487,73.21215,379.74,96,2026-03-27,43,90.76
26.82696,75.66385,403.28,100,2026-03-24,1938,31.5
21.52246,81.39845,354.28,96,2026-09-18,538,17.24
22.8743,72.58073,372.23,99,2026-01-10,88,40.81
16.25398,80.31175,396.1,95,2026-09-02,361,54.77
24.49376,84.74033,303.69,64,2026-05-05,940,9.29
22.52577,75.77527,344.4,75,2026-01-07,447,9.97
17.71777,83.46184,406.18,99,2026-05-01,906,67.29
19.72469,74.01288,343.76,70,2026-09-04,896,9.78
22.61695,86.10788,394.87,94,2026-08-13,1339,99.29
23.42796,86.13598,372.04,94,2026-05-15,448,62.89
22.73724,86.38117,409.97,97,2026-03-16,757,42.44
22.18547,70.73687,353.31,96,2026-07-18,666,70.68
16.39204,80.59007,392.45,96,2026-09-20,2103,65.05
30.8091,75.95854,342.5,82,2026-07-16,1222,13.19
30.11867,76.7154,336.9,95,2026-08-31,2347,21.52
28.46419,77.14476,402.9,96,2026-09-13,1296,109.28
26.1188,76.87812,320.64,82,2026-05-04,529,20.42
28.65993,76.8285,341.7,77,2026-06-07,2180,15.06
21.23417,79.13307,373.86,92,2026-06-07,307,103.47
19.29206,72.91399,402.09,92,2026-05-06,1216,33.73
10.85416,77.11414,406.24,93,2026-01-23,908,115.78
12.88905,77.27724,377.63,99,2026-05-21,2271,61.97
26.36198,80.59423,392.87,99,2026-03-18,1158,25.0
31.63788,76.92563,331.47,95,2026-01-10,1333,22.14
26.24621,80.31888,397.83,95,2026-06-19,1144,103.0
20.43578,86.04489,315.47,51,2026-06-06,635,10.0
30.82303,75.87506,389.71,91,2026-09-13,1721,100.95
23.42776,86.13606,395.43,91,2026-04-30,735,29.88
17.57516,83.29414,395.04,99,2026-01-09,906,105.18
27.12209,75.78112,377.7,100,2026-03-04,1698,111.96
25.71691,85.30182,375.91,92,2026-06-06,1239,92.46
25.19593,75.92394,381.66,97,2026-05-09,402,38.07
29.58009,76.79118,398.67,92,2026-04-08,153,76.63
25.37284,85.35154,314.33,66,2026-05-26,2394,15.74
29.367,77.01919,388.78,93,2026-03-07,1511,107.73
25.53691,85.26777,400.48,91,2026-05-11,1845,68.5
18.51194,73.95818,409.26,91,2026-08-27,1552,87.27
23.45293,86.91424,372.15,99,2026-03-27,194,39.76
25.56904,85.16407,379.48,99,2026-03-13,1018,116.64
16.92876,82.35765,340.87,83,2026-03-20,1681,18.06
23.02119,72.8461,369.09,96,2026-07-12,1664,45.33
20.16205,85.84279,408.07,99,2026-06-14,708,72.24
20.45576,73.05614,375.52,93,2026-03-21,954,49.44
28.44891,77.03384,382.76,98,2026-09-16,1523,82.07
19.60024,75.40016,389.83,82,2026-09-10,1709,19.67
12.93705,77.78505,391.11,100,2026-09-14,1733,59.0
23.63903,87.14497,379.87,98,2026-08-17,1210,67.6
26.86819,80.75113,390.86,93,2026-07-24,1507,61.08
27.08046,74.01371,324.32,84,2026-06-26,375,6.59
16.49193,80.72317,400.3,92,2026-07-11,315,59.96
26.43437,73.01003,323.9,63,2026-08-13,571,16.5
25.65292,85.38819,373.77,94,2026-07-17,44,41.62
28.65258,77.46673,358.29,86,2026-02-28,1940,62.41
17.74895,83.27591,356.97,97,2026-06-02,202,27.88
21.3225,72.30533,329.51,81,2026-07-17,1273,6.62
22.90982,75.65515,386.35,98,2026-01-28,2270,36.36
26.50719,80.37696,409.87,93,2026-05-26,1547,117.64
25.41755,86.15056,308.75,74,2026-02-16,9,4.62
24.37712,84.96892,386.35,91,2026-04-06,1157,46.9
27.04309,75.6068,373.83,92,2026-01-08,395,95.05
23.60904,87.32683,408.36,94,2026-08-17,584,40.74
18.71607,73.90302,390.43,94,2026-08-23,1374,81.94
21.38488,81.40316,394.77,98,2026-02-02,49,27.43
26.09862,79.05808,339.57,80,2026-08-17,2251,24.34
22.82989,85.91498,380.7,96,2026-02-05,1843,31.84
22.51456,75.97658,316.2,39,2026-04-06,913,14.35
22.59446,86.06901,333.93,73,2026-06-05,1920,9.5
17.45283,78.20488,371.52,96,2026-06-09,104,38.59
26.06796,91.76203,386.86,99,2026-05-23,280,63.34
25.63812,86.05389,381.16,97,2026-05-25,1999,40.24
30.74894,75.82725,373.29,97,2026-09-05,1217,78.04
25.65314,85.38825,394.5,92,2026-07-19,576,80.54
22.91002,75.65512,392.94,92,2026-05-19,2120,50.96
20.45096,85.91293,392.93,99,2026-05-11,57,104.15
29.49794,78.41941,344.05,80,2026-08-22,912,10.69
23.52413,87.2506,321.27,90,2026-03-23,454,16.17
18.91507,72.71077,395.77,91,2026-01-15,2057,77.03
28.35221,76.94998,391.47,91,2026-05-27,1472,40.61
28.53771,77.28845,326.73,68,2026-04-16,1224,14.64
25.22715,86.20916,384.26,92,2026-08-22,1411,74.72
23.23472,85.36059,381.7,84,2026-05-01,2181,14.13
30.88605,75.92013,375.8,92,2026-07-27,45,92.22
24.24685,87.57159,320.16,88,2026-03-06,1395,17.99
12.88886,77.27698,395.29,96,2026-04-28,1423,38.18
26.72219,80.0604,384.56,85,2026-02-27,1698,71.14
30.79909,75.9738,374.85,93,2026-06-20,1128,51.43
23.46905,85.16794,335.41,86,2026-01-05,797,20.05
22.33481,73.17407,393.49,93,2026-04-08,196,76.4
25.4458,86.20218,395.95,100,2026-08-28,1066,95.59
16.52011,80.41105,375.3,96,2026-01-10,452,103.17
19.90792,75.27791,396.49,99,2026-03-01,222,59.67
10.19485,76.55974,309.32,67,2026-05-13,1087,6.83
31.54111,74.87293,375.65,100,2026-08-05,453,30.56
27.13793,90.7291,324.73,86,2026-03-18,1346,6.04
22.8084,72.31168,320.77,43,2026-04-30,2236,2.91
21.17696,86.80333,326.32,93,2026-01-25,2346,3.29
18.59648,74.07569,372.42,87,2026-07-09,1340,53.48
23.75392,87.24393,409.13,96,2026-06-07,866,102.15
29.55919,76.87432,300.42,52,2026-02-27,1124,14.64
18.77096,73.54624,382.89,97,2026-02-27,2339,109.55
10.88611,76.93878,392.99,95,2026-08-07,1354,35.75
11.15979,77.20063,389.32,85,2026-04-13,1685,41.11
31.29408,75.85412,383.02,95,2026-06-05,1570,44.21
27.3523,74.08411,336.73,95,2026-04-02,1591,22.27
26.12126,73.33162,317.37,41,2026-07-28,445,10.32
27.24783,78.19196,387.34,99,2026-09-08,1241,88.17
23.50989,86.76314,373.91,84,2026-04-01,400,25.79
27.32342,78.20113,381.02,89,2026-08-29,2039,36.92
26.99978,80.94403,386.52,94,2026-03-28,1179,69.9
25.02879,75.67169,373.37,82,2026-08-10,789,49.95
18.88511,72.81181,323.12,76,2026-07-27,1168,9.07
26.25105,80.44901,326.2,52,2026-02-11,1462,16.54
22.40881,73.64595,374.45,95,2026-08-11,1585,87.17
20.22294,73.61694,384.17,96,2026-09-13,423,94.26
10.88601,76.93901,379.89,94,2026-04-28,488,76.64
19.85983,73.52201,313.5,68,2026-05-06,605,14.96
25.86096,84.7012,381.92,91,2026-04-08,1696,83.11
12.73379,79.88205,405.19,92,2026-04-11,1448,116.51
19.1543,72.69384,310.32,66,2026-01-14,401,12.63
23.18753,70.05873,332.47,92,2026-01-26,2206,20.89
12.99308,80.36101,388.98,99,2026-04-02,2338,103.41
19.73799,73.62165,311.4,39,2026-06-06,849,13.73
17.71485,83.19712,376.26,98,2026-06-17,20,84.29
27.90692,73.13889,402.94,97,2026-05-02,698,36.15
28.44897,77.03379,395.06,100,2026-04-14,1170,32.98
26.48179,84.33991,324.66,81,2026-08-31,511,9.24
26.60993,80.88638,347.75,54,2026-04-25,132,14.47
24.50673,87.36099,342.93,94,2026-01-19,1801,3.41
28.45018,76.76077,405.55,100,2026-06-03,2037,92.86
23.43398,85.27905,401.89,94,2026-05-27,2294,30.01
12.92491,80.2679,398.78,98,2026-04-15,2097,101.01
21.12276,81.13289,377.06,97,2026-04-01,33,81.69
23.57933,85.87768,302.33,68,2026-03-08,437,14.83
26.50693,80.37676,396.85,93,2026-03-02,2223,93.5
23.05692,77.24095,387.63,93,2026-07-11,1889,48.47
26.16211,73.18365,323.82,54,2026-05-15,1403,3.15
30.82313,75.87512,403.81,95,2026-07-03,1059,82.39
26.95815,80.83288,388.45,97,2026-09-10,1508,97.32
28.281,76.85476,398.03,95,2026-06-27,254,39.02
23.28925,77.41434,313.74,78,2026-05-07,344,16.72
20.61417,73.03186,398.46,99,2026-06-06,1286,76.4
16.82195,83.95482,328.09,94,2026-06-20,1793,13.45
26.66821,80.9621,376.98,98,2026-06-20,1665,67.91
31.0128,75.77292,407.52,97,2026-03-31,2135,86.25
20.51396,85.57805,383.25,98,2026-08-05,865,99.06
27.23804,78.28312,305.34,67,2026-05-03,338,0.97
22.33515,73.17404,381.5,93,2026-05-18,1840,103.4
22.80907,86.52993,398.65,96,2026-02-25,198,105.46
21.41056,73.07957,340.25,43,2026-08-25,1342,2.49
28.59006,77.25996,379.97,94,2026-08-19,1513,34.59
22.55772,71.04336,321.34,64,2026-05-24,665,2.25
20.96977,79.31011,408.21,92,2026-01-19,1146,40.07
22.83986,86.1929,389.7,92,2026-09-02,1274,47.63
25.01908,75.6488,390.2,93,2026-01-18,1138,53.71
21.38502,81.40288,380.89,98,2026-05-01,130,26.1
13.0647,80.35976,366.84,96,2026-08-31,495,31.95
26.45003,72.71713,396.51,94,2026-09-06,2226,65.16
29.49821,78.4193,332.77,91,2026-03-01,1296,23.77
19.84991,74.91713,392.9,94,2026-03-01,1980,82.35
31.47717,74.86899,378.33,94,2026-05-25,539,51.92
28.26187,77.41013,378.51,100,2026-07-20,1344,39.04
31.24814,74.93005,388.58,97,2026-04-18,1927,97.39
24.62919,86.49837,321.13,85,2026-04-25,736,11.49
30.80912,75.95851,342.25,84,2026-05-18,1220,7.09
27.12214,75.7809,379.15,92,2026-01-29,2004,62.85
28.013,74.857,344.71,81,2026-02-20,698,10.43
25.09518,72.2062,326.47,94,2026-04-24,196,4.64
27.22107,77.75712,301.48,55,2026-07-09,583,3.39
21.05669,72.8542,324.56,38,2026-05-28,1570,11.81
21.38478,81.40284,377.38,91,2026-08-22,1739,108.6
23.12201,77.319,377.79,91,2026-06-24,963,115.25
16.58603,80.36787,380.22,87,2026-04-07,1220,49.53
26.75087,75.62717,403.72,91,2026-06-04,930,112.42
23.4039,87.29544,317.74,65,2026-09-18,478,4.42
25.2959,86.2781,400.3,91,2026-02-19,1820,61.76
23.78118,87.1124,325.51,47,2026-04-18,2374,9.98
22.50014,88.47312,382.95,95,2026-06-14,719,94.93
25.55544,84.96357,332.23,43,2026-03-21,2347,9.28
25.9126,91.38681,339.1,44,2026-04-30,1218,4.08
22.77487,75.76483,382.52,95,2026-02-18,536,110.71
22.49978,88.47301,389.02,95,2026-04-26,907,68.15
26.17609,91.95486,395.35,92,2026-06-06,711,59.93
25.36039,75.92903,345.08,39,2026-08-15,1043,13.5
28.62408,77.54255,330.68,45,2026-04-29,635,11.98
31.24421,75.70476,375.34,91,2026-02-07,973,85.85
19.75611,75.69393,408.57,98,2026-05-20,1374,74.85
23.1222,77.31907,372.95,100,2026-01-03,619,97.86
22.12406,80.01389,342.43,81,2026-04-30,2067,17.72
20.32384,72.88105,401.89,93,2026-04-04,1507,89.67
21.17707,86.80354,341.73,91,2026-04-18,831,23.72
31.82991,74.7913,360.93,86,2026-06-27,291,18.06
22.95512,72.68813,406.63,100,2026-02-06,1808,64.63
20.2231,73.61711,391.72,98,2026-05-05,1541,89.01
31.79723,74.95382,391.31,98,2026-04-11,1199,47.81
27.02615,78.04099,377.97,93,2026-06-14,1197,62.76
31.56841,74.99682,329.93,42,2026-04-12,1851,9.42
22.36619,73.14683,386.46,98,2026-05-09,1761,37.77
25.60306,84.9032,379.04,96,2026-08-10,1510,100.27
28.36318,77.28222,399.25,97,2026-06-11,2303,31.17
12.64885,77.5408,305.83,52,2026-05-24,1561,14.6
30.77351,75.84535,371.69,94,2026-04-15,929,35.64
23.52386,87.25045,332.22,84,2026-04-21,1913,5.53
20.02855,75.14489,332.9,46,2026-06-19,2322,2.44
26.36205,80.59396,381.91,100,2026-05-07,203,48.14
19.49222,73.27076,390.39,93,2026-04-06,1062,28.78
26.40887,91.90287,397.34,100,2026-03-01,2396,30.28
22.84283,72.72706,406.61,99,2026-02-14,1306,52.14
23.69212,86.88479,374.36,99,2026-08-28,2054,76.15
21.29478,79.19097,346.42,42,2026-01-21,1040,12.49
25.66099,85.0629,337.78,49,2026-07-12,1824,14.12
26.11892,76.87813,336.56,84,2026-04-25,221,4.14
13.26286,77.44206,373.69,97,2026-05-24,416,80.86
20.45324,72.83105,381.43,96,2026-05-05,1139,52.88
24.79797,86.07408,335.71,82,2026-05-08,2201,4.45
21.16605,72.58878,409.21,96,2026-04-01,1962,83.56
31.6671,75.8488,408.01,91,2026-07-28,1092,97.07
22.12388,80.01379,334.39,90,2026-07-29,1001,14.84
22.61724,86.10821,378.05,94,2026-09-06,1287,86.36
19.10914,72.90688,396.87,98,2026-05-18,1789,39.19
28.52587,77.384,375.54,97,2026-01-03,818,108.88
24.26373,76.92177,344.6,95,2026-05-06,2118,10.2
23.69211,86.88509,407.13,95,2026-06-12,1641,43.67
19.28433,74.4452,330.75,95,2026-02-08,2324,17.18
25.19605,75.92389,403.56,94,2026-01-06,1878,87.21
24.33146,87.9985,341.14,93,2026-03-15,993,9.04
24.73395,85.00891,372.44,92,2026-01-15,1402,93.85
22.73072,75.58171,385.91,92,2026-06-24,1118,60.54
19.99208,73.62917,322.42,41,2026-06-19,1269,9.99
19.16245,73.10185,306.21,36,2026-03-24,1804,3.5
23.49004,87.09579,406.0,95,2026-08-03,1597,61.78
12.92488,80.26806,398.2,94,2026-06-06,1472,96.89
28.56719,77.28901,373.03,82,2026-01-19,2201,33.8
26.36422,80.19811,390.1,94,2026-09-08,1361,86.97
26.3809,80.38817,400.11,95,2026-03-30,1894,110.91
23.54682,85.99997,399.93,92,2026-04-12,2326,105.46
17.69341,72.81833,324.8,93,2026-02-20,73,15.69
12.85526,80.09542,320.5,36,2026-07-09,28,17.31
23.41056,74.89215,339.82,82,2026-05-22,373,18.08
9.6567,76.06768,326.4,59,2026-04-10,94,15.64
13.20332,79.93924,332.71,37,2026-06-17,23,1.88
23.56529,86.78221,344.94,45,2026-08-05,315,9.67
23.43508,77.37485,373.68,97,2026-04-29,1835,96.3
23.54721,86.00004,391.74,100,2026-02-21,1174,37.94
26.63592,81.13811,396.03,91,2026-08-15,531,98.5
23.19989,72.41798,386.69,100,2026-01-14,1779,76.86
25.09498,72.20625,340.94,88,2026-04-14,602,14.43
26.38087,80.38791,403.73,92,2026-02-27,1647,84.44
25.20792,90.77175,330.79,84,2026-03-04,520,7.23
26.06811,91.76212,385.98,97,2026-05-25,96,29.09
27.77095,73.39,397.7,96,2026-01-09,1597,100.82
20.17931,72.95949,389.21,84,2026-04-17,650,50.86
19.29203,72.91421,396.38,92,2026-05-22,842,29.75
21.03216,72.50203,406.77,91,2026-03-02,78,106.09
22.12413,80.01372,328.31,94,2026-07-25,505,14.03
11.13899,77.03777,387.95,92,2026-07-09,109,100.66
18.93283,72.87574,341.24,48,2026-09-08,487,11.23
26.15002,72.94423,372.93,98,2026-03-01,558,82.54
25.56049,85.03007,308.17,40,2026-09-16,873,5.24
26.27731,86.86977,344.37,93,2026-07-21,1330,9.22
28.85153,77.07277,363.39,99,2026-09-18,418,78.95
31.60847,75.06289,326.54,63,2026-01-13,948,1.96
10.01231,76.11755,339.61,95,2026-02-02,1243,8.98
31.65267,75.06826,344.42,86,2026-05-13,2050,19.91
20.40663,72.64787,319.12,53,2026-08-01,1068,3.21
28.48298,77.40623,393.4,100,2026-07-22,2339,59.61
26.15502,72.97295,377.02,98,2026-02-18,838,60.65
28.3632,77.28212,391.61,99,2026-05-25,995,112.23
19.10875,72.90702,403.38,97,2026-08-05,2265,45.15
23.8819,86.97588,395.09,95,2026-09-19,204,46.96
26.36398,80.19824,407.07,91,2026-01-29,124,111.38
17.44573,75.00031,339.43,92,2026-04-13,2278,20.06
22.06946,73.27831,327.33,36,2026-03-15,244,0.83
26.09623,73.00214,393.58,95,2026-02-20,1834,119.92
19.17486,73.11983,381.39,95,2026-02-06,611,100.48
12.88388,80.27907,402.81,93,2026-03-21,799,61.0
28.60448,77.43042,377.53,82,2026-01-27,1817,67.04
20.16225,85.84285,406.31,98,2026-05-18,2277,81.33
23.05696,77.24099,391.11,96,2026-06-15,2136,117.58
25.16098,75.93516,380.65,92,2026-01-21,2030,89.31
30.79898,75.97423,380.2,94,2026-07-14,92,38.74
23.01078,76.02521,389.87,91,2026-09-16,1495,107.63
13.29779,77.41205,347.38,42,2026-03-28,1916,9.7
23.28494,85.33709,398.08,92,2026-06-07,1862,71.28
23.23505,89.2256,336.13,85,2026-02-12,2125,17.17
28.11981,73.11077,381.85,96,2026-06-17,700,111.04
23.57212,77.20285,387.43,92,2026-08-01,1884,113.25
23.26601,77.31989,383.97,95,2026-05-18,2051,89.42
12.72664,77.46002,308.75,63,2026-05-10,586,8.5
28.69388,77.24324,383.91,91,2026-08-30,1013,89.74
29.30647,78.13401,326.22,94,2026-09-06,1380,5.04
19.90968,73.54433,330.47,60,2026-07-02,1325,0.92
26.09522,91.7891,408.29,97,2026-01-06,400,80.89
23.76756,87.23175,386.96,91,2026-02-06,2154,35.57
23.00699,86.28386,400.44,91,2026-09-08,1384,67.52
24.86765,85.29784,355.9,94,2026-09-01,561,63.46
13.00287,80.12995,400.18,99,2026-02-22,1515,82.38
18.34503,83.92272,327.92,93,2026-04-18,2356,8.08
20.11055,75.15697,347.28,50,2026-05-13,2028,12.71
17.60497,78.54608,405.23,95,2026-04-28,881,60.21
19.02823,72.80923,409.07,100,2026-03-23,1531,33.22
18.36706,74.14506,384.8,84,2026-01-28,1836,22.5
28.20024,77.10402,389.14,92,2026-01-04,1534,109.31
28.63796,77.37294,387.41,100,2026-08-05,193,44.19
16.80995,80.4289,305.92,52,2026-07-12,966,6.16
27.23523,76.05164,306.98,69,2026-06-15,45,15.67
15.47906,79.97993,337.15,93,2026-07-28,1839,22.35
25.58817,86.78368,306.26,52,2026-05-20,199,12.43
26.45021,72.71707,376.88,95,2026-03-19,485,101.71
23.53423,86.4091,407.63,100,2026-04-26,1514,61.69
31.441,75.77966,344.58,71,2026-05-03,521,6.7
22.35481,73.21106,409.89,96,2026-08-27,176,66.01
26.17576,91.95476,396.64,97,2026-03-25,1985,110.46
23.07579,73.04601,381.03,93,2026-06-04,1504,68.45
18.59771,73.6692,363.79,91,2026-06-20,664,61.75
31.47702,74.86881,407.37,92,2026-03-04,2099,51.29
27.36479,78.06682,375.7,96,2026-01-02,1330,95.61
22.647,88.38193,382.21,93,2026-08-10,1435,85.11
25.06853,75.86126,387.78,93,2026-06-01,2197,46.67
20.2231,73.61683,407.8,98,2026-09-07,2327,99.28
30.44611,74.45973,327.24,88,2026-05-14,287,13.82
21.47649,81.54782,305.08,56,2026-04-06,342,9.54
23.17577,77.21316,311.37,42,2026-05-29,1957,10.92
19.42371,86.70889,330.89,93,2026-07-07,820,17.94
23.57187,77.20316,401.6,94,2026-05-09,1370,97.91
29.29489,77.16181,398.69,100,2026-04-19,1071,43.94
26.29892,80.64285,396.77,96,2026-04-05,1831,109.63
29.30658,78.13443,327.14,88,2026-05-17,1449,23.3
22.67773,88.2831,328.02,59,2026-09-19,591,9.72
26.00709,73.01594,356.18,97,2026-08-12,82,52.85
28.0688,73.34698,390.04,100,2026-03-04,420,115.9
27.81909,73.37676,395.49,95,2026-08-11,257,39.09
11.04425,76.81403,404.75,99,2026-09-15,1141,69.28
10.15195,76.07113,397.54,92,2026-04-04,12,53.26
22.36612,73.14708,399.26,93,2026-04-08,306,45.42
28.28079,76.85482,393.07,100,2026-04-14,1454,33.49
30.80275,75.51905,404.06,96,2026-03-14,107,70.63
21.25606,72.68793,380.53,91,2026-04-19,1570,102.31
26.99098,75.51676,382.42,99,2026-01-21,1581,91.71
21.069,73.09063,376.27,89,2026-05-08,2036,56.04
27.24555,79.21885,342.54,88,2026-01-01,146,20.02
22.693,88.47106,409.89,97,2026-06-18,2003,46.35
12.96102,80.21684,403.98,100,2026-02-23,2254,105.99
27.84817,73.23201,378.95,92,2026-02-15,1713,37.51
28.52612,77.38396,396.67,91,2026-06-25,1030,55.23
20.56251,86.07818,371.24,87,2026-04-22,748,61.07
12.88389,80.27913,381.94,97,2026-01-11,703,47.36
12.97431,80.51898,304.36,35,2026-09-10,182,11.09
21.40649,72.55755,367.54,86,2026-07-09,2309,74.88
21.04251,72.85749,373.46,94,2026-02-08,806,75.63
22.40882,73.64577,401.72,98,2026-08-25,1889,64.6
28.4358,77.32098,345.37,54,2026-03-26,911,0.97
27.78979,76.35788,332.44,95,2026-02-06,1854,5.3
26.74121,75.95596,302.94,61,2026-02-21,1246,5.0
25.63787,86.05398,376.84,99,2026-01-20,2098,87.93
20.06451,73.78356,337.29,87,2026-03-10,266,16.82
20.56206,72.72315,386.76,85,2026-07-15,1917,38.86
23.37898,86.01105,372.04,96,2026-02-27,937,97.95
21.31539,72.92018,389.78,89,2026-06-19,1523,61.39
25.6378,86.05404,395.13,96,2026-02-19,165,64.86
27.25382,77.75959,379.18,99,2026-07-02,2240,45.89
17.4455,75.00029,329.39,95,2026-04-12,300,19.08
25.30508,86.14122,376.84,98,2026-02-20,161,80.94
10.09598,76.1829,379.82,98,2026-03-14,1801,83.19
18.27729,77.36395,338.99,87,2026-09-11,1052,6.06
11.9912,77.94668,342.86,83,2026-03-29,471,4.73
27.36501,78.06684,404.73,92,2026-07-25,1553,84.7
29.29506,77.16203,407.25,96,2026-06-12,356,60.06
25.28669,86.23175,322.0,78,2026-04-16,2125,11.99
30.11861,76.71568,342.32,87,2026-07-09,595,16.83
20.23305,85.97221,372.3,99,2026-04-22,138,75.99
10.15203,76.07101,379.87,98,2026-01-11,187,82.96
21.23665,72.79431,347.13,73,2026-01-07,160,15.69
20.15188,73.63372,355.02,86,2026-08-10,1524,59.93
22.86608,88.45793,344.67,58,2026-08-13,1910,4.51
28.67352,77.51395,366.49,88,2026-01-09,1389,44.56
16.79283,80.64368,378.74,84,2026-01-18,1939,38.59
25.01884,75.64925,391.97,100,2026-04-23,25,52.86
29.4291,76.21514,339.71,87,2026-04-30,1936,21.78
22.90993,75.65516,386.6,92,2026-06-19,17,89.77
22.50571,88.32782,364.25,98,2026-03-08,1435,18.89
28.69393,77.24306,373.92,91,2026-02-27,130,92.68
23.41028,74.89212,333.69,88,2026-07-31,855,9.05
25.98306,73.17193,354.63,96,2026-02-22,1599,38.12
24.96638,84.84099,367.57,92,2026-04-16,1592,44.44
17.31198,78.60707,401.15,91,2026-04-01,1127,91.64
28.12005,73.1108,377.77,91,2026-08-28,1304,108.25
17.57503,83.29386,401.57,100,2026-02-21,1951,113.1
28.28863,75.98621,337.0,85,2026-06-01,2258,18.76
26.00897,73.29202,376.86,93,2026-09-03,1493,106.23
22.34479,70.98779,385.14,99,2026-08-30,1346,117.63
12.99288,80.36112,374.82,97,2026-03-27,1743,43.27
22.04427,80.19028,343.14,82,2026-07-12,390,5.42
23.5022,87.509,388.86,95,2026-05-01,1811,100.56
28.22302,77.64029,306.06,70,2026-02-23,2158,13.68
23.01111,76.02511,404.37,98,2026-08-12,2244,117.91
25.29604,86.27811,393.05,100,2026-02-22,235,119.39
22.41381,70.76616,384.87,98,2026-08-31,2111,117.92
16.31505,80.57298,398.52,96,2026-06-12,883,82.82
29.707,77.19894,383.99,98,2026-06-03,502,46.62
12.87013,77.73481,387.34,99,2026-04-03,1228,76.5
17.92376,83.50844,365.48,83,2026-04-26,1825,52.15
22.76544,72.61118,333.54,70,2026-01-02,2385,11.03
24.73845,84.67666,343.45,53,2026-02-23,1410,14.6
23.04008,77.57405,380.72,97,2026-06-25,2069,31.08
26.40898,91.90319,395.48,94,2026-06-27,523,35.35
26.79805,80.73378,364.35,91,2026-07-14,2245,77.68
9.21081,75.38193,324.79,80,2026-04-20,780,8.12
21.36654,72.01887,321.6,92,2026-01-15,188,23.55
25.13532,75.60712,328.09,51,2026-08-25,281,17.68
25.89115,91.88483,381.61,99,2026-01-17,1531,28.75
20.13627,75.47506,336.33,70,2026-06-25,475,7.29
11.13903,77.03797,383.97,92,2026-08-07,1352,40.68
23.37156,77.61206,332.98,49,2026-03-31,2395,13.7
20.51381,85.57817,385.34,95,2026-03-16,1055,74.83
21.17705,86.8037,321.57,90,2026-01-30,418,24.17
28.46346,77.17378,337.47,64,2026-04-07,1393,13.03
21.36383,81.68818,376.55,95,2026-03-22,57,60.29
32.24399,76.31817,328.61,90,2026-05-25,2356,6.47
29.13895,77.01383,391.34,91,2026-05-08,444,112.05
24.75639,88.09855,328.0,92,2026-08-01,1268,17.08
12.86991,77.73492,394.22,91,2026-08-01,161,53.13
23.60878,87.32697,385.94,91,2026-09-12,1528,106.65
26.04951,85.38425,331.48,93,2026-04-25,1674,20.19
22.29134,73.39954,340.31,87,2026-09-19,450,6.57
21.36386,81.6879,374.79,96,2026-04-20,2102,86.0
20.29696,73.91754,315.18,43,2026-03-09,1365,17.21
24.33423,74.98808,340.6,95,2026-04-16,372,16.14
20.05194,72.74416,390.76,95,2026-02-26,897,67.81
22.08697,73.24724,309.09,56,2026-05-21,1215,4.09
23.49021,87.09609,384.07,91,2026-04-15,987,107.77
25.89514,80.26538,333.53,87,2026-03-18,33,7.3
22.23213,73.51107,394.92,98,2026-04-09,10,117.09
21.12284,81.13301,372.14,95,2026-07-29,497,103.66
26.24593,80.31896,408.91,92,2026-07-10,492,53.41
28.48309,77.40608,394.99,96,2026-03-27,691,39.32
22.91024,75.65481,397.68,94,2026-06-29,2219,53.19
23.59479,86.739,401.74,91,2026-02-09,1315,37.89
17.7479,83.34004,382.17,98,2026-07-12,360,87.22
24.76991,85.03011,381.15,100,2026-05-24,1331,85.25
23.23479,89.22551,344.45,80,2026-05-16,857,4.82
10.33731,76.07815,329.56,83,2026-07-31,580,15.38
24.14173,74.92141,333.47,83,2026-08-22,1747,21.82
29.30644,78.13411,320.81,93,2026-07-11,759,24.0
16.63269,80.5666,327.9,38,2026-06-15,1529,16.72
21.98506,70.63904,407.78,99,2026-02-27,2025,73.23
30.69169,76.05423,323.09,36,2026-08-11,33,3.4
25.95252,72.91451,353.57,90,2026-02-23,1883,74.97
26.29881,80.64322,393.49,95,2026-04-03,1851,69.77
27.08049,74.0136,336.98,82,2026-07-10,772,3.97
10.76031,77.01493,333.54,46,2026-05-05,1779,8.26
23.12205,77.31898,374.32,95,2026-07-19,1558,118.95
28.68619,77.27681,382.46,99,2026-09-11,1504,35.64
23.60623,85.40207,405.92,94,2026-08-23,1744,32.47
18.49614,73.79417,375.06,97,2026-09-16,416,95.87
25.63939,79.27196,325.75,90,2026-02-03,1414,21.29
11.04383,76.81413,380.8,97,2026-06-04,1494,73.03
24.69076,85.11394,386.88,99,2026-02-23,1987,32.5
11.36717,76.50687,402.1,98,2026-05-14,1891,103.86
17.5108,83.19622,379.89,91,2026-02-19,32,92.74
26.87935,77.70074,334.56,69,2026-06-05,1872,2.47
12.73394,79.88178,391.41,100,2026-09-02,489,82.06
20.21331,82.57295,321.75,88,2026-06-02,1537,7.55
20.91712,79.17007,395.3,94,2026-03-14,1880,75.02
19.56114,73.05898,406.13,100,2026-06-11,963,61.6
22.66658,75.74004,364.99,90,2026-05-04,370,55.64
25.60294,84.90282,401.5,94,2026-06-03,1042,61.12
21.25603,72.68781,409.03,91,2026-03-22,702,43.23
28.70693,77.60648,363.27,96,2026-08-27,280,20.16
23.03933,69.74464,338.38,89,2026-08-02,1776,8.9
27.13326,78.12529,355.17,84,2026-04-28,2154,50.91
29.29795,76.87424,381.32,98,2026-05-15,269,60.99
23.09722,72.562,398.04,97,2026-01-05,2290,85.32
18.51202,73.95822,389.47,99,2026-08-26,1320,94.18
23.02355,77.46541,368.24,90,2026-06-09,1852,45.14
27.00023,80.94391,404.56,92,2026-01-29,783,109.2
28.63819,77.37319,398.23,100,2026-06-24,1014,67.18
22.4508,70.70197,327.17,52,2026-01-17,380,16.09
27.12208,75.78113,379.78,98,2026-04-30,1106,109.23
12.925,80.26776,375.43,91,2026-06-22,1807,115.36
17.67905,83.4418,395.35,98,2026-02-23,2192,101.55
26.36392,80.19815,391.26,97,2026-02-15,2340,69.72
25.28684,75.75604,378.34,98,2026-01-16,1442,73.3
22.32457,73.11925,370.88,92,2026-05-06,1972,18.45
16.66211,80.71282,392.84,96,2026-04-26,110,82.25
31.70911,74.94502,333.54,57,2026-05-29,1394,2.68
20.44243,73.07578,387.63,90,2026-07-19,1375,56.26
26.06799,91.76217,374.25,97,2026-03-29,513,119.5
26.4881,80.34584,389.53,91,2026-08-22,1294,61.41
25.56916,85.16398,394.22,94,2026-09-12,23,49.71
23.54679,85.99997,405.56,94,2026-08-07,527,111.29
26.7652,80.9903,356.66,86,2026-08-25,520,35.53
30.92913,75.53403,344.18,86,2026-06-23,2380,9.08
16.98645,82.54101,325.22,81,2026-09-15,795,14.23
27.09715,75.78716,397.9,94,2026-08-26,2082,68.15
25.42405,86.5027,379.29,86,2026-06-24,269,64.89
26.36407,80.19776,404.57,93,2026-08-26,2026,67.75
21.28705,78.83685,408.67,94,2026-01-14,2162,55.36
20.88216,72.96495,397.57,100,2026-04-27,1953,60.53
23.31992,77.58801,395.37,98,2026-06-25,1567,76.08
24.63424,84.95698,375.74,98,2026-08-05,1942,44.02
25.75416,81.86268,323.26,90,2026-01-03,893,8.87
17.67894,83.44223,395.3,99,2026-03-21,1900,83.26
23.98574,76.7088,342.29,86,2026-08-27,623,8.19
19.09489,72.91816,409.77,94,2026-05-10,432,108.53
18.40411,74.08684,381.1,93,2026-09-03,305,93.34
31.01979,76.00095,387.87,99,2026-07-05,1732,31.94
20.2871,73.73681,386.08,97,2026-04-25,1382,35.25
20.36482,71.93108,340.65,85,2026-06-09,376,16.23
19.06482,72.78297,397.78,98,2026-08-24,1153,73.94
21.13216,81.56402,372.85,91,2026-08-15,656,26.25
19.18294,72.97784,390.78,93,2026-02-10,1362,94.41
22.34502,70.98815,404.13,93,2026-07-04,1096,67.73
13.12182,77.87406,409.04,94,2026-08-10,1184,50.13
22.37891,73.33321,396.72,97,2026-08-27,1072,58.47
31.44101,75.71099,407.58,93,2026-04-06,1690,115.09
22.19184,70.84421,401.23,96,2026-06-29,1855,60.53
19.20472,73.13661,344.61,68,2026-07-14,2115,9.06
31.93923,74.86193,316.98,65,2026-09-04,1373,15.66
26.36224,80.59382,409.73,91,2026-06-09,2094,69.15
24.24072,76.45117,331.57,93,2026-03-26,752,14.11
17.2673,78.35891,380.25,99,2026-06-27,1827,70.39
25.49523,76.04472,324.82,52,2026-08-05,2329,15.73
20.28793,85.73186,382.72,98,2026-01-14,845,69.4
19.91899,73.83505,409.16,92,2026-02-11,1508,98.73
24.57605,84.96581,408.15,94,2026-05-07,646,81.7
17.71797,83.46217,388.2,94,2026-01-04,1273,81.63
24.61828,87.09675,336.37,86,2026-08-06,632,24.6
22.70391,76.01494,330.24,40,2026-05-02,1445,10.33
22.87382,86.42419,397.79,94,2026-03-25,1750,106.62
24.71808,85.82173,320.83,93,2026-03-20,522,12.08
27.55453,77.94271,320.84,94,2026-06-30,1420,19.85
25.60914,85.44698,375.94,98,2026-04-19,647,92.83
22.98286,85.90697,383.12,82,2026-04-24,1864,43.39
26.92388,81.16091,383.44,95,2026-05-25,2054,50.44
24.807,84.7071,389.87,91,2026-09-01,2380,51.47
19.91925,73.83522,403.53,98,2026-01-24,1530,71.15
22.96384,70.11015,320.74,90,2026-05-13,1793,4.69
23.27415,85.42099,409.14,95,2026-07-20,2242,29.05
19.556,75.57015,373.92,93,2026-04-14,2122,84.95
21.16622,72.58917,398.74,94,2026-04-16,1438,110.18
17.22914,78.50596,400.27,98,2026-07-10,56,64.18
21.06091,72.96601,326.34,62,2026-02-26,2282,10.14
21.36084,72.92114,308.34,60,2026-08-26,497,7.77
17.71986,83.34479,373.81,96,2026-05-02,2332,109.01
25.70647,85.23784,308.42,58,2026-05-31,2075,14.62
27.79907,73.17651,313.24,60,2026-01-17,2152,14.58
21.19465,71.88471,342.5,88,2026-03-31,1788,23.63
20.1011,75.14236,352.06,82,2026-08-15,1122,74.9
16.38486,80.61923,380.68,98,2026-02-25,89,102.31
21.1228,81.13286,383.52,100,2026-01-04,1951,45.29
21.132,81.56382,406.03,99,2026-06-30,2135,33.38
15.48969,81.77191,335.66,86,2026-07-08,1302,17.07
18.50254,73.86861,329.15,37,2026-08-25,1126,8.46
21.58877,74.77723,340.4,82,2026-01-27,28,8.16
26.31396,91.75992,382.03,91,2026-05-23,606,101.15
29.21113,76.05735,344.71,94,2026-03-23,1213,12.28
18.47757,73.79116,374.49,95,2026-08-30,355,70.93
10.91771,77.2232,343.2,70,2026-02-26,2303,2.71
26.72407,80.84798,373.61,93,2026-04-03,1341,67.38
22.29582,70.81675,387.79,94,2026-01-06,2295,61.93
27.06937,73.69641,340.19,88,2026-03-02,1025,3.86
19.29177,72.91377,391.26,94,2026-03-18,2181,99.53
22.59415,75.54995,311.53,50,2026-04-28,993,1.51
27.52244,76.64209,325.49,95,2026-06-03,715,5.1
28.20306,73.36548,302.66,72,2026-02-19,2091,14.89
16.71042,84.16852,333.92,94,2026-08-14,446,22.62
16.40077,79.60613,333.73,95,2026-08-31,208,14.53
25.75224,84.97013,309.57,54,2026-05-16,1309,1.73
31.49472,75.12199,364.81,83,2026-01-25,1314,19.39
25.63927,79.27169,320.37,93,2026-01-12,2078,21.02
28.60758,77.32285,308.47,65,2026-04-25,2223,1.0
22.06167,70.74129,375.0,92,2026-09-16,1117,15.26
25.20785,90.77135,327.67,87,2026-06-15,223,16.74
26.57325,81.08446,331.61,63,2026-06-12,1545,12.6
23.19607,85.30498,387.38,99,2026-04-15,179,79.09
26.20643,80.48038,384.73,99,2026-04-23,493,50.98
24.27005,86.06513,327.5,95,2026-08-26,752,8.28
12.9558,77.66707,403.75,98,2026-07-12,96,57.94
23.57214,77.20286,384.42,93,2026-06-03,470,82.8
28.11322,77.14205,306.14,69,2026-08-22,2281,0.87
20.68734,74.55348,327.52,82,2026-02-21,2082,16.48
22.49648,76.01444,360.43,92,2026-03-14,125,29.39
26.69326,76.08063,364.13,93,2026-01-20,2239,59.43
24.53361,88.06972,330.49,88,2026-03-22,586,22.94
26.9399,75.83092,377.07,99,2026-08-24,1838,28.96
26.48197,84.33987,329.28,93,2026-02-13,429,9.31
28.87097,77.67079,384.97,100,2026-06-17,2278,76.64
22.09588,70.45772,329.22,47,2026-02-17,967,7.71
26.57014,80.23389,378.65,93,2026-07-14,1147,58.89
16.39223,80.59006,403.25,92,2026-06-22,1562,115.83
16.45051,80.62007,375.33,97,2026-03-18,1090,74.21
26.14692,80.65205,385.28,98,2026-01-11,521,40.25
12.92516,80.26796,397.36,94,2026-08-30,1664,81.67
23.66188,84.29789,320.18,92,2026-06-19,1143,3.41
23.2851,85.33711,406.18,92,2026-05-21,153,81.03
19.17476,73.12004,392.87,92,2026-06-10,355,63.1
28.09896,73.07764,356.83,98,2026-09-07,1420,37.94
26.30956,91.40211,325.01,64,2026-04-10,2233,0.62
28.4054,77.33972,314.34,71,2026-01-08,6,11.62
23.18798,77.60401,406.82,92,2026-01-18,1180,60.4
19.35541,73.01399,337.91,49,2026-08-03,188,2.38
29.13878,77.0141,391.33,95,2026-01-24,692,73.2
25.32425,86.00782,376.11,88,2026-03-24,2069,30.47
22.8323,86.37536,338.07,35,2026-02-06,694,10.41
24.24054,76.45155,324.88,85,2026-08-22,793,19.86
21.12276,81.13286,392.81,92,2026-07-21,2238,27.77
23.58912,86.03306,400.7,97,2026-04-15,1437,97.18
28.12012,73.11124,405.42,95,2026-06-17,2023,80.51
28.26193,77.41002,386.08,99,2026-01-29,1786,98.34
22.07935,73.38333,374.88,99,2026-03-29,2324,70.64
16.82214,83.9545,322.45,81,2026-09-09,2053,6.82
23.56884,86.37447,378.04,91,2026-04-30,845,49.72
25.99781,72.9619,371.16,96,2026-03-05,605,55.59
22.30688,70.74278,375.93,92,2026-06-11,1000,98.53
28.26204,77.41008,373.76,95,2026-03-05,212,63.7
28.47892,77.36084,400.54,98,2026-05-03,1058,105.62
23.53818,87.47317,404.99,99,2026-06-09,830,35.79
23.41043,74.89232,336.34,83,2026-09-02,1333,13.34
21.17925,71.96091,337.29,93,2026-08-02,1543,18.71
23.66962,86.92061,380.87,93,2026-04-17,842,27.24
27.90723,73.1391,381.85,100,2026-01-22,1481,64.38
28.26396,77.16877,397.62,95,2026-06-20,272,37.71
28.25305,77.13758,389.58,88,2026-03-10,1693,30.42
30.80712,75.67531,364.3,98,2026-07-26,1245,26.36
27.188,78.08376,399.73,97,2026-07-22,1747,78.51
26.38074,73.1977,388.19,88,2026-07-23,486,76.79
23.98585,76.70862,340.34,92,2026-06-25,2224,11.01
26.72385,80.84776,378.88,96,2026-09-13,1463,29.95
21.179,71.96077,325.33,82,2026-01-01,1608,21.14
29.23571,78.17663,338.43,95,2026-03-29,76,21.18
28.6674,77.14625,359.74,89,2026-06-16,73,77.24
11.88977,78.43647,328.49,89,2026-07-16,460,20.14
22.39289,75.76175,390.2,95,2026-06-29,1879,40.05
13.00291,80.13016,390.57,98,2026-08-17,1077,57.67
28.4831,77.54382,373.85,91,2026-03-25,1416,56.92
20.8819,72.9648,375.24,93,2026-01-08,864,48.58
12.20425,81.41136,344.93,93,2026-05-10,1460,18.92
26.40086,72.8171,399.74,93,2026-07-19,151,79.71
25.29615,86.27824,398.24,96,2026-05-16,1031,39.61
23.62518,86.33587,408.87,94,2026-02-10,557,43.76
12.95619,77.6672,379.71,95,2026-05-31,1103,67.03
23.60595,85.40175,382.14,95,2026-07-20,1916,92.71
25.26382,75.8151,406.67,94,2026-02-14,340,102.1
23.60167,85.07922,366.35,84,2026-03-08,835,45.26
14.23026,81.31901,330.42,93,2026-05-27,1448,4.79
27.52246,76.642,333.01,93,2026-05-01,132,23.28
22.19201,70.84393,398.13,91,2026-07-20,822,61.4
26.90397,80.89487,409.04,96,2026-06-07,33,38.23
27.10436,75.90627,360.31,92,2026-08-24,922,27.36
26.40084,72.81714,388.11,95,2026-06-29,1919,112.42
19.98841,73.65145,369.68,86,2026-07-30,1303,42.84
29.63811,76.30292,327.83,86,2026-01-13,361,10.92
19.2378,73.17538,347.45,68,2026-02-18,1360,16.98
10.77777,77.41712,324.73,88,2026-06-28,2378,3.13
22.8401,86.19311,384.15,99,2026-06-07,1755,79.68
24.4601,87.26046,323.51,86,2026-03-14,2031,8.41
23.13314,77.44159,386.23,90,2026-07-16,1717,43.95
31.83324,74.78502,385.85,91,2026-05-22,617,101.26
30.95702,75.6012,378.51,98,2026-03-08,762,73.0
23.5536,77.08665,308.81,50,2026-06-14,869,3.89
19.90817,75.27805,409.56,92,2026-06-19,858,103.21
28.47924,77.36125,377.09,94,2026-05-28,715,91.09
20.16222,85.84311,375.52,98,2026-06-03,2299,26.57
31.33827,75.01261,373.71,95,2026-02-23,1784,23.44
22.77483,75.76523,407.19,93,2026-09-09,1622,113.79
28.84152,77.13144,319.72,53,2026-09-12,251,12.11
19.41386,73.05595,389.23,97,2026-06-08,241,73.21
23.80128,75.19776,329.2,81,2026-06-29,269,22.63
22.41375,70.76601,401.72,99,2026-07-19,34,58.89
23.91588,71.66124,343.68,84,2026-03-06,2212,4.32
28.47922,77.36094,407.26,95,2026-09-13,1974,86.31
21.63417,69.98354,338.59,91,2026-07-07,1779,16.29
18.63012,74.02338,301.06,54,2026-09-08,538,2.07
17.37916,78.70914,374.22,91,2026-06-21,1714,55.16
18.99687,73.00488,384.71,93,2026-06-21,137,58.55
20.13938,73.19418,338.39,51,2026-05-18,809,3.92
21.09438,79.3639,377.15,99,2026-09-04,2099,29.53
28.57549,77.10126,360.14,87,2026-01-04,1546,78.94
21.36422,81.68778,387.09,97,2026-04-27,270,62.64
23.40739,74.04711,340.43,95,2026-07-24,577,9.63
21.09394,78.76617,409.1,97,2026-04-11,1179,71.49
26.36472,72.9827,318.28,39,2026-07-05,1035,4.94
23.41051,74.89228,331.24,95,2026-03-19,1966,14.31
20.86427,79.12235,314.99,76,2026-08-30,1575,2.16
21.24894,72.71992,378.67,97,2026-07-14,2386,40.73
25.86109,84.70108,389.95,97,2026-06-29,1005,78.88
19.71096,75.43724,408.12,97,2026-07-25,1763,27.0
28.26267,77.00881,366.47,82,2026-08-28,428,79.27
14.23025,81.3187,344.94,80,2026-01-13,2333,23.49
27.79029,76.35807,331.19,87,2026-05-15,593,16.04
17.22911,78.50583,381.86,97,2026-05-25,2362,114.93
17.72011,83.34505,381.74,96,2026-01-23,354,69.16
23.62625,85.07257,337.95,81,2026-01-17,912,3.5
30.88623,75.92025,373.7,99,2026-08-20,1350,103.49
24.37694,84.96914,400.94,94,2026-03-10,1271,119.51
28.38998,77.44401,375.24,84,2026-07-15,1678,63.32
17.71998,83.34498,407.56,93,2026-01-29,144,30.26
22.77524,75.76478,393.51,94,2026-06-11,1076,38.83
31.56333,75.72337,388.89,92,2026-02-08,989,56.92
20.34111,72.87217,366.6,92,2026-08-19,2004,64.33
23.38424,86.7529,352.86,95,2026-05-19,2220,52.05
27.49125,77.88425,383.99,92,2026-04-22,1297,32.78
25.19026,86.18479,323.65,43,2026-05-24,122,7.11
23.53722,85.59427,379.98,90,2026-08-23,932,34.64
22.87037,75.76378,359.55,89,2026-01-12,923,79.85
29.21102,76.05701,332.48,93,2026-04-14,358,15.71
26.18865,80.42489,357.84,94,2026-09-17,2199,53.1
21.11201,81.89198,386.49,92,2026-04-20,1459,108.02
23.37905,86.01111,406.46,92,2026-01-25,1577,45.79
22.99104,87.90824,339.89,86,2026-07-05,2168,14.79
25.64119,86.36022,394.43,97,2026-08-22,572,57.44
13.84356,76.5077,322.54,80,2026-08-17,387,4.22
10.88608,76.9389,372.53,95,2026-04-15,308,70.93
23.27396,85.42104,400.24,96,2026-01-25,1896,118.84
26.26123,73.38795,374.57,93,2026-01-17,1871,32.47
28.32266,76.31004,335.27,85,2026-06-05,1845,5.75
22.56983,73.49749,306.26,41,2026-04-01,378,16.9
22.60017,75.91162,322.23,71,2026-08-11,210,3.2
31.79098,74.98183,390.03,91,2026-03-17,440,62.51
18.65306,73.87102,409.83,99,2026-04-07,1908,49.91
20.2667,73.56867,311.74,35,2026-04-18,1123,1.43
26.02511,73.21198,395.32,91,2026-06-21,1421,58.44
23.20024,72.41824,384.68,91,2026-08-21,100,51.81
22.29624,70.81687,393.41,100,2026-07-21,1881,47.23
24.46007,87.26026,332.95,93,2026-07-02,1310,10.71
23.60708,85.9418,323.06,59,2026-05-23,1878,4.94
25.29964,86.46223,333.09,73,2026-04-20,973,4.23
31.26212,75.719,307.95,54,2026-05-19,361,15.96
20.6403,85.79001,329.45,57,2026-02-16,151,13.69
26.84345,90.66907,332.2,89,2026-02-05,2356,10.49
23.1281,72.28003,373.35,91,2026-02-13,1864,36.03
18.71597,73.90317,395.64,99,2026-07-04,1921,41.33
19.09503,72.91778,385.05,91,2026-07-05,720,36.11
27.06964,73.6964,343.78,85,2026-05-15,728,23.59
23.45581,89.34995,323.55,86,2026-08-18,2320,19.18
24.73378,85.00878,409.85,100,2026-03-14,1316,52.52
21.96073,80.4943,337.3,84,2026-05-14,1900,19.7
23.57926,86.01942,342.3,64,2026-01-18,342,7.54
11.07115,77.22536,379.93,88,2026-01-03,2030,53.97
26.09524,91.78894,390.62,94,2026-08-29,6,109.47
26.29894,80.64282,377.17,94,2026-07-17,2294,34.43
25.93682,91.757,369.72,83,2026-05-18,91,70.88
22.62813,71.06931,316.16,56,2026-08-17,1769,10.41
31.01291,75.77325,373.71,96,2026-01-25,2137,91.61
12.93593,77.71491,388.59,95,2026-03-01,331,99.77
26.61754,81.08692,308.28,67,2026-04-08,1278,7.93
17.4453,75.00035,337.63,94,2026-07-20,1533,23.76
27.24122,80.85707,376.05,96,2026-02-10,1213,102.62
21.23414,79.13292,395.0,94,2026-06-19,1428,77.57
10.09306,76.10919,387.67,98,2026-02-01,791,77.07
24.56783,84.81284,396.41,99,2026-03-08,146,111.59
20.31556,72.90151,300.63,59,2026-02-21,2231,1.36
32.48698,75.85401,321.21,93,2026-07-04,696,3.7
27.77225,73.08123,314.77,60,2026-06-01,166,12.88
22.69497,72.60038,332.55,49,2026-07-30,811,4.2
30.95679,75.60111,391.22,99,2026-08-10,2271,102.88
17.6445,83.22425,384.43,83,2026-08-16,2113,18.94
19.23929,73.01102,337.84,94,2026-09-12,1124,17.25
26.09515,91.78886,397.23,93,2026-07-03,84,49.03
23.61015,85.44663,330.12,39,2026-04-19,1443,16.51
29.45523,76.934,379.01,92,2026-09-04,110,40.21
22.63183,86.22929,328.25,95,2026-06-26,1909,21.22
23.03895,69.74465,330.07,87,2026-05-19,389,18.92
22.39289,75.76196,374.94,93,2026-09-15,1140,98.16
28.54409,77.48913,340.24,37,2026-02-27,1246,10.87
22.41402,70.76579,377.43,95,2026-08-13,1956,88.05
23.53405,86.409,384.97,96,2026-06-08,155,51.01
22.73042,88.66175,346.05,37,2026-03-25,493,1.27
17.36685,78.67994,365.42,94,2026-08-29,1904,45.37
20.23046,73.17962,385.93,87,2026-02-07,474,68.42
28.75587,76.9598,312.03,39,2026-02-19,1046,17.41
27.68375,78.30731,334.25,88,2026-05-17,1508,9.01
27.49086,77.88411,393.92,95,2026-08-15,1147,89.93
22.97876,72.34592,390.51,99,2026-04-13,1201,35.96
19.71311,75.16174,355.08,94,2026-05-29,341,72.86
23.28491,85.33684,405.96,93,2026-05-22,1888,41.05
17.47637,73.02286,335.55,94,2026-01-29,1552,7.47
19.88781,75.71489,383.16,100,2026-03-29,681,29.71
28.68227,76.23959,332.2,91,2026-03-24,556,11.36
10.76394,76.9242,385.44,85,2026-01-13,1067,56.65
13.00292,80.13017,383.33,99,2026-08-01,1493,104.95
31.63801,76.92562,321.34,95,2026-06-27,1659,22.86
18.58033,73.5288,309.97,61,2026-08-04,1506,17.79
24.75619,88.09874,343.3,95,2026-08-06,787,14.23
21.13509,78.97705,403.49,97,2026-09-18,786,119.67
18.40376,74.08723,386.04,92,2026-05-09,314,46.85
21.07885,81.49278,402.64,97,2026-05-31,68,109.27
26.11921,76.87793,341.52,81,2026-05-19,1664,3.41
9.94885,76.5596,386.55,90,2026-03-22,1247,32.04
17.79514,83.13187,375.35,93,2026-08-05,856,59.48
26.48808,80.34609,378.39,98,2026-04-22,895,106.99
22.89687,88.35598,382.25,96,2026-03-13,758,103.03
17.22911,78.50615,391.18,96,2026-09-17,2024,82.5
28.54976,77.23213,374.97,98,2026-09-19,1493,61.36
19.16278,72.9609,400.29,94,2026-06-20,1575,106.61
25.29617,86.27794,401.46,93,2026-03-20,448,107.99
23.61636,87.32027,385.26,85,2026-07-04,897,23.42
25.39106,84.84909,362.15,82,2026-02-14,876,26.62
22.6069,88.12511,377.16,99,2026-01-02,91,69.16
25.60278,84.90295,401.28,93,2026-07-05,473,83.47
25.72401,86.09824,392.73,97,2026-03-19,2153,80.89
28.27711,77.03872,305.78,76,2026-05-28,1276,3.32
29.23583,78.17654,331.71,92,2026-06-13,2397,4.75
13.29734,80.59428,333.36,51,2026-03-26,217,4.49
27.12126,81.2478,313.17,73,2026-02-10,1472,4.48
21.93999,76.53368,331.04,91,2026-08-21,210,5.01
26.36214,80.59381,391.61,98,2026-01-12,2277,48.62
22.58042,85.306,344.16,83,2026-01-24,2190,3.05
18.42407,73.96713,391.86,97,2026-07-07,2364,100.43
20.80703,72.67782,399.3,95,2026-02-06,1483,62.02
23.72311,87.33525,396.18,96,2026-01-24,978,119.56
25.71723,85.30178,400.79,100,2026-04-30,2003,73.95
28.3631,77.10853,353.24,88,2026-07-23,1769,76.35
26.72394,80.84811,405.11,100,2026-09-18,2134,94.11
28.19977,77.1042,396.57,97,2026-05-26,1641,52.66
13.1194,77.63449,300.47,67,2026-04-14,1140,5.43
12.84678,80.47687,381.58,91,2026-01-17,1924,111.75
25.64122,86.36017,384.59,94,2026-02-25,1920,54.76
22.07587,87.07451,331.75,81,2026-02-01,2188,17.33
20.58209,76.08402,329.6,94,2026-06-17,858,12.92
12.87011,77.73515,390.95,98,2026-01-01,506,82.92
31.84123,75.06265,344.57,46,2026-09-15,1859,3.01
26.92414,77.70297,303.01,60,2026-02-15,2213,2.46
22.11292,88.18821,402.23,95,2026-03-29,63,52.61
19.02875,73.29401,300.62,54,2026-01-19,1061,13.14
19.1073,73.12573,387.66,96,2026-01-03,1999,40.18
23.6392,87.14477,372.02,99,2026-09-15,1956,75.53
27.50445,78.00816,337.29,92,2026-01-07,1109,24.79
25.85022,85.27587,404.13,92,2026-03-01,1038,40.77
19.29219,72.91403,384.34,95,2026-08-09,573,108.09
19.10919,72.90709,374.95,95,2026-07-03,390,46.62
25.99927,81.76243,325.81,86,2026-01-12,1680,16.44
20.02036,75.59287,381.55,82,2026-06-07,1887,12.96
13.01888,80.37519,389.97,96,2026-02-02,2132,115.43
21.23378,79.13323,390.04,99,2026-07-30,346,37.19
26.09604,73.00186,388.27,93,2026-03-31,2237,98.53
10.05616,76.30691,377.08,91,2026-06-02,435,58.59
17.41579,78.62893,392.03,91,2026-07-07,1817,68.74
18.77086,73.54616,377.48,98,2026-02-03,505,118.65
27.241,80.85715,381.75,94,2026-06-08,362,71.53
26.84359,90.66923,338.86,95,2026-05-11,1166,13.24
31.22924,75.74715,398.45,97,2026-01-21,1606,28.27
22.69483,75.94876,373.37,99,2026-09-07,1001,71.74
26.93985,75.83087,406.78,99,2026-05-05,378,91.7
22.11491,76.59722,335.07,89,2026-08-23,1535,16.88
28.37181,73.25971,344.07,35,2026-04-17,908,6.03
23.27724,85.21095,336.23,54,2026-03-13,201,11.48
25.16453,75.92855,337.54,69,2026-03-11,1331,5.97
29.52604,77.18477,342.01,75,2026-02-13,311,1.54
18.49623,73.7938,407.27,92,2026-01-07,350,53.15
28.62732,77.36188,306.96,37,2026-06-07,686,11.54
17.71814,83.46209,401.48,94,2026-02-09,1039,56.43
22.279,70.66582,393.36,99,2026-07-04,854,116.09
21.99421,70.64294,326.81,40,2026-07-02,1450,14.04
31.7969,74.95414,390.09,95,2026-06-19,1309,57.15
26.14697,80.65177,378.02,97,2026-03-08,2352,93.67
21.28705,78.8369,375.19,93,2026-02-25,104,103.69
25.63649,85.84812,385.38,88,2026-03-01,1086,16.88
20.26784,85.72701,374.39,91,2026-04-15,1366,43.5
17.31183,78.60714,382.26,93,2026-08-08,1544,93.32
26.95784,80.83307,395.81,96,2026-02-13,462,84.04
23.01125,76.02505,381.9,99,2026-08-17,616,90.08
22.61508,75.82913,385.36,97,2026-08-25,214,27.23
28.87107,77.67107,384.7,93,2026-01-30,1662,44.19
22.56021,88.19317,373.46,97,2026-01-26,19,99.25
20.67978,72.62822,326.05,72,2026-06-22,2229,7.14
29.35435,77.13599,307.94,47,2026-03-29,1999,10.69
29.17277,77.08501,381.38,97,2026-03-23,1201,58.2
13.32048,77.80962,334.23,42,2026-02-15,312,8.56
23.49022,87.09615,378.58,93,2026-03-25,1798,87.12
27.98117,73.22986,396.79,93,2026-05-25,760,66.96
28.26206,77.40991,394.67,100,2026-01-23,1568,26.64
12.11154,79.34713,338.62,89,2026-01-27,983,3.87
18.99695,73.005,382.83,99,2026-09-18,1212,88.82
28.42948,76.87652,330.23,66,2026-04-08,1336,14.62
21.28716,78.83716,396.78,97,2026-03-09,1117,66.86
25.58432,86.65171,355.07,88,2026-06-29,1015,58.34
23.27383,85.42077,376.69,91,2026-07-22,2094,38.39
18.84765,74.66059,326.57,84,2026-04-30,1443,11.98
28.55119,77.06995,392.84,98,2026-09-15,715,44.51
21.54129,81.725,345.69,70,2026-04-25,2294,16.11
22.87398,86.4238,388.88,99,2026-02-22,2205,79.37
29.63779,76.30284,338.33,94,2026-02-01,2307,5.63
19.09499,72.91783,382.19,91,2026-08-19,1760,81.25
31.5292,75.73816,396.2,92,2026-01-31,1982,69.31
25.05313,76.0639,385.4,93,2026-07-21,1601,38.09
17.7152,83.19713,372.73,95,2026-03-23,787,111.56
21.31976,78.88774,327.79,68,2026-04-18,44,13.32
28.25298,77.45619,395.39,95,2026-02-17,411,63.19
26.87388,78.34467,331.74,47,2026-02-27,2287,6.2
25.65048,86.61848,335.73,38,2026-01-06,1022,13.9
26.29878,80.64299,400.06,97,2026-06-08,1061,113.56
26.90405,80.89498,389.69,95,2026-06-28,1051,85.3
9.68677,76.39515,375.03,100,2026-01-29,2159,86.24
20.42294,85.72913,403.43,96,2026-05-21,766,40.45
18.39844,72.18954,335.51,95,2026-01-08,2324,16.53
28.12008,73.11099,386.34,91,2026-06-14,978,118.19
22.11183,72.8841,406.27,95,2026-08-10,2079,65.26
22.27673,80.74398,344.86,89,2026-02-11,950,23.27
23.53382,86.40916,397.43,100,2026-06-03,2257,39.76
18.53533,74.00771,332.75,58,2026-03-26,1121,12.65
26.84342,90.66896,325.27,89,2026-07-24,1883,6.33
22.1921,70.84404,392.71,91,2026-07-09,2024,48.46
18.50622,73.79808,374.69,91,2026-07-07,1379,54.6
26.27727,86.86946,326.09,92,2026-01-09,543,4.87
12.78976,77.53949,336.2,72,2026-05-16,60,7.78
21.41587,78.89128,376.64,87,2026-05-26,675,26.33
18.78747,74.06176,336.42,68,2026-08-19,2210,3.14
19.55612,75.57004,407.27,94,2026-05-13,1986,45.45
9.79268,76.43153,360.47,89,2026-06-21,2010,75.74
29.09998,72.43302,343.91,88,2026-03-26,97,7.6
31.79704,74.95405,388.18,92,2026-03-25,1499,42.15
23.86021,73.3046,330.81,87,2026-09-01,642,19.24
28.65393,77.09718,399.03,93,2026-09-18,522,76.49
19.39016,72.73661,323.27,40,2026-06-07,1693,4.87
25.26633,75.87751,380.91,92,2026-01-03,2262,29.31
22.27173,88.69173,321.11,78,2026-07-02,968,14.96
23.04013,77.57393,403.01,91,2026-09-18,750,70.17
27.77797,73.50543,361.37,84,2026-01-13,171,29.39
28.25277,77.45604,400.0,93,2026-07-03,2306,62.3
20.80699,72.6779,386.98,92,2026-05-29,884,55.43
28.37415,77.04715,395.66,96,2026-01-11,80,35.74
31.20693,75.30286,356.06,98,2026-03-28,2098,65.95
25.47627,85.02281,339.61,76,2026-03-18,1772,2.16
28.81616,77.4229,388.85,84,2026-05-09,682,16.55
10.05615,76.30708,394.02,97,2026-04-12,1856,34.35
25.72402,86.09779,401.27,100,2026-02-10,534,91.41
25.72522,86.22993,396.06,92,2026-02-14,1212,41.56
20.32399,72.88099,387.71,93,2026-04-30,2152,44.23
19.41397,73.05587,395.09,98,2026-04-06,2066,116.8
28.44854,77.34764,302.87,72,2026-01-07,709,16.35
28.43353,76.89337,321.18,38,2026-04-20,1783,9.59
20.00608,73.65182,403.8,96,2026-09-19,2048,56.06
23.83646,86.37797,369.26,98,2026-07-19,2253,51.17
26.15004,72.94387,405.45,92,2026-08-26,779,119.14
26.30431,80.38839,318.73,48,2026-08-10,2093,17.05
10.74982,76.64994,321.39,55,2026-04-29,1750,12.48
23.21305,84.96711,320.08,49,2026-01-18,400,2.58
28.69423,77.24298,377.27,91,2026-07-22,338,79.18
24.8071,84.70709,398.1,96,2026-01-28,1417,117.29
26.15513,72.9732,395.82,95,2026-03-29,1379,101.55
20.11603,73.9011,386.25,91,2026-08-16,1061,89.28
23.5342,86.40916,379.46,92,2026-03-06,2042,58.64
26.31394,91.75998,391.32,98,2026-08-23,1419,119.95
27.52239,76.64175,330.34,86,2026-09-13,1390,13.57
22.83853,75.88611,372.11,87,2026-05-25,1836,15.47
27.07058,72.19032,343.03,91,2026-06-11,1222,8.87
18.80503,72.69082,377.65,96,2026-05-12,1119,82.97
26.10853,80.28795,337.84,57,2026-07-18,983,9.91
23.60883,87.32722,378.15,96,2026-08-01,1373,109.63
25.60901,85.44713,394.62,98,2026-03-09,473,78.89
11.13914,77.03785,399.82,95,2026-03-10,1637,47.24
27.77107,73.39014,372.28,100,2026-06-29,1253,118.46
31.61311,74.69204,388.2,96,2026-07-01,2065,55.14
26.82968,75.82878,325.82,45,2026-02-26,2120,9.57
31.19527,75.71899,303.69,53,2026-09-04,680,7.44
10.68103,76.77361,322.28,70,2026-05-14,569,11.32
12.81725,80.43392,337.8,72,2026-05-13,628,11.66
23.41034,72.4319,334.61,80,2026-07-16,1887,9.15
24.63379,84.95692,409.2,100,2026-04-19,173,109.15
23.53394,86.40921,394.61,94,2026-01-15,1453,100.32
24.75699,85.03365,335.63,68,2026-05-29,168,10.46
23.56376,87.31465,369.42,85,2026-07-26,486,37.29
29.56442,77.10162,347.81,73,2026-07-30,1156,3.32
20.86695,72.8051,304.4,51,2026-04-30,1991,12.83
21.28679,81.65019,387.9,88,2026-02-07,1066,72.71
12.67971,77.53514,337.82,51,2026-08-01,1843,15.8
31.79092,74.98205,396.08,95,2026-07-11,965,99.73
20.11604,73.90101,373.05,98,2026-09-14,260,78.26
25.26411,75.81478,398.78,97,2026-01-27,642,77.41
12.73887,80.05187,324.15,66,2026-03-14,812,7.21
25.6379,86.05396,400.91,94,2026-03-04,859,78.61
10.09277,76.10896,398.08,100,2026-03-22,1481,40.27
25.6802,86.30581,398.5,91,2026-01-04,1447,116.4
19.55963,75.37314,334.22,69,2026-05-29,881,14.28
13.3405,80.45966,346.7,54,2026-07-15,313,4.74
28.82792,77.55195,391.12,100,2026-04-11,1982,113.35
24.73387,85.00905,401.56,93,2026-02-19,16,119.94
26.67092,80.21564,334.26,50,2026-09-05,680,11.92
19.90797,75.27813,392.92,95,2026-02-27,1699,92.59
26.02505,73.21201,393.06,92,2026-01-08,1986,29.69
26.02418,91.74898,402.27,94,2026-09-13,387,69.39
23.5339,86.40902,405.22,95,2026-06-02,2320,37.59
23.433,85.40381,388.35,98,2026-09-19,2357,100.67
19.06502,72.78282,381.37,95,2026-06-01,2086,39.09
25.79334,76.82922,324.37,95,2026-06-11,1890,20.37
23.47124,87.14303,386.12,98,2026-08-04,1446,104.68
20.66378,72.66581,307.5,49,2026-08-09,1333,3.4
26.95808,80.83288,395.04,97,2026-05-01,937,70.57
25.53718,85.26809,374.51,97,2026-07-09,152,70.52
21.29425,81.64293,407.7,98,2026-08-19,378,25.61
22.79965,88.35102,364.19,92,2026-08-04,1951,14.84
27.63168,76.19968,343.15,91,2026-06-13,850,12.66
20.98898,79.05665,382.41,85,2026-03-28,572,26.5
28.68225,76.23975,328.55,93,2026-09-04,801,16.92
26.74352,85.87801,332.8,81,2026-02-01,1440,16.49
19.85011,74.91699,378.06,93,2026-04-13,1081,44.13
25.86101,84.7012,392.97,93,2026-04-01,1526,107.46
12.84713,80.47683,405.88,91,2026-08-29,52,91.62
25.8502,85.2761,408.61,99,2026-05-31,1053,114.58
30.7988,75.97416,395.81,94,2026-01-21,1513,37.43
25.53322,86.55567,321.31,42,2026-02-15,245,2.12
23.6647,85.52621,314.9,42,2026-02-28,110,13.68
20.80705,72.67791,383.22,97,2026-04-12,762,39.75
31.477,74.86883,380.22,95,2026-05-12,797,108.14
28.74718,77.23712,393.59,96,2026-07-04,1770,112.77
20.45401,85.60018,401.53,96,2026-08-26,1233,47.55
25.16817,85.97086,407.81,97,2026-09-18,497,38.0
26.06818,91.76197,391.09,97,2026-08-07,2073,94.98
21.04939,72.69774,312.65,55,2026-02-25,962,8.64
22.61524,75.82918,377.64,91,2026-06-16,310,55.6
24.33162,87.99839,343.89,88,2026-07-31,1151,7.8
13.26323,77.44205,379.62,100,2026-02-14,838,56.96
23.595,86.73876,406.99,98,2026-08-23,2020,54.1
24.89539,85.15685,376.64,86,2026-02-19,174,33.37
19.88803,75.71491,390.47,99,2026-02-08,1649,29.94
19.34346,73.15918,312.06,50,2026-05-13,1842,13.95
20.42311,85.72877,392.66,100,2026-05-11,1400,60.03
10.7291,76.71567,374.08,91,2026-05-15,914,24.91
23.1875,70.05882,326.61,84,2026-04-04,432,10.25
18.09558,73.82245,329.03,86,2026-03-28,951,13.96
10.09286,76.10925,399.75,91,2026-07-08,474,116.8
29.36705,77.01886,397.29,92,2026-04-10,1129,78.08
31.67347,74.81109,321.09,35,2026-02-20,1016,14.58
20.68694,74.55364,321.07,95,2026-03-02,1810,17.55
28.01288,74.85722,322.61,85,2026-07-11,67,3.88
10.95828,76.9761,313.21,58,2026-03-31,509,12.19
17.72013,83.34495,408.7,99,2026-06-13,1220,92.42
28.20415,77.25024,333.3,53,2026-02-06,2387,6.11
27.7961,77.85978,337.66,93,2026-06-18,360,11.42
23.75408,87.24397,395.62,96,2026-05-24,30,29.08
23.63884,87.14491,378.46,100,2026-06-26,2122,65.38
20.37069,72.8876,379.22,82,2026-03-10,356,41.5
26.02493,73.21219,390.68,92,2026-04-27,619,76.41
28.48288,77.40585,405.55,93,2026-03-19,468,116.82
20.17397,85.53056,343.08,71,2026-04-05,65,1.58
23.58888,86.03301,401.45,96,2026-02-11,435,40.57
23.0365,77.49801,389.82,87,2026-01-02,819,22.07
29.91394,76.78279,340.47,81,2026-04-21,413,8.76
10.87324,77.07802,407.11,96,2026-04-26,288,114.43
23.80131,75.19754,343.46,91,2026-02-14,1530,21.0
24.71826,85.82151,331.38,88,2026-08-06,1589,21.61
24.63399,84.95692,376.22,94,2026-08-09,381,71.0
19.77547,71.99703,322.35,87,2026-01-26,1968,9.86
22.35519,73.21089,381.69,95,2026-06-02,2210,112.68
22.47336,73.49871,340.99,44,2026-08-13,1681,1.35
26.4725,73.30004,369.27,86,2026-01-07,153,67.1
26.82717,75.66376,384.77,97,2026-07-03,34,43.67
17.37885,78.70909,379.74,97,2026-05-15,941,111.42
23.34418,77.39996,389.81,99,2026-07-06,256,30.75
24.71794,85.82182,330.08,94,2026-06-12,2358,11.85
21.10746,72.79932,370.91,91,2026-05-16,1982,16.47
25.89514,80.26577,330.85,94,2026-05-02,668,18.56
26.51724,80.06271,327.18,49,2026-01-01,231,10.78
25.56884,85.16416,376.15,94,2026-06-25,1295,31.28
25.07136,84.84267,383.95,99,2026-03-21,1798,14.48
18.14922,79.27423,320.14,80,2026-09-17,1274,19.68
25.08579,75.85748,358.89,93,2026-02-02,69,71.01
28.28079,76.85479,379.94,97,2026-01-03,1694,42.14
28.49786,76.88221,394.37,95,2026-07-29,1271,110.64
20.16706,72.97388,376.93,96,2026-03-03,144,41.94
23.61386,86.10524,313.16,39,2026-02-03,463,13.38
25.4799,84.89738,317.01,37,2026-07-01,90,2.48
26.2608,73.38783,387.37,100,2026-09-07,410,55.98
23.56402,85.07556,374.34,96,2026-07-22,1444,37.53
26.74362,85.8779,323.21,95,2026-05-03,1345,7.33
22.49508,88.69872,330.2,49,2026-03-21,695,17.74
31.79091,74.98217,390.2,98,2026-02-27,481,106.04
26.66786,80.9621,394.89,100,2026-05-22,2025,56.66
25.01917,75.64905,372.67,98,2026-07-19,1217,104.23
22.61707,86.10783,390.63,100,2026-06-29,1205,73.31
22.23195,73.51117,387.48,93,2026-07-29,2359,41.55
28.55016,77.23212,395.29,97,2026-04-24,1714,118.84
23.22683,85.08489,377.71,90,2026-07-06,1555,53.42
16.31872,80.47941,385.72,96,2026-06-02,1272,29.79
17.98105,83.21806,389.14,94,2026-05-20,2090,36.72
16.38484,80.61911,393.43,97,2026-06-15,1646,48.07
31.83288,74.78484,388.62,92,2026-09-06,1787,32.05
26.36396,80.19815,382.25,95,2026-05-05,1689,37.1
13.79714,78.48876,330.0,93,2026-07-03,1987,3.2
23.25714,85.12287,331.73,76,2026-08-23,1597,9.68
31.49643,75.60212,309.47,78,2026-06-19,1433,17.67
16.76505,80.97604,337.81,57,2026-04-09,965,8.29
12.89517,77.3095,366.71,86,2026-01-28,68,33.89
12.93577,77.7148,398.74,91,2026-04-30,1836,75.88
22.84588,88.08184,351.74,93,2026-04-14,591,71.38
17.31204,78.60694,373.18,98,2026-01-12,1590,36.71
22.59177,88.44109,388.91,97,2026-09-13,1460,88.08
28.28081,76.85479,402.17,100,2026-01-11,264,49.98
28.56184,77.07657,326.31,44,2026-05-16,2354,16.43
29.30669,78.13413,321.76,82,2026-06-29,1699,3.98
23.60611,85.40221,391.9,94,2026-08-11,1042,112.44
31.52895,75.73811,382.22,99,2026-05-15,194,93.91
12.90838,80.07369,307.29,42,2026-06-24,1411,16.25
22.80921,86.1991,405.5,91,2026-03-13,2378,81.91
26.24581,80.31909,385.46,93,2026-02-12,1571,60.26
9.21072,75.38196,321.94,88,2026-03-06,2016,9.38
21.11176,81.89186,383.88,100,2026-04-03,1256,33.62
17.60324,78.38222,300.31,45,2026-09-03,1174,16.89
12.90635,77.85099,364.41,90,2026-08-11,1570,28.1
12.84719,80.47707,383.46,91,2026-06-13,2332,81.83
22.05677,73.49427,325.81,55,2026-01-19,553,8.41
17.46595,78.53815,390.81,91,2026-03-28,68,36.64
23.28521,85.33683,382.47,94,2026-09-03,1503,70.95
10.01244,76.11769,326.64,95,2026-01-28,5,9.81
28.26375,77.1689,383.6,95,2026-09-08,606,84.25
10.06879,76.44383,406.66,94,2026-01-07,474,86.7
22.69511,75.94914,409.22,100,2026-01-16,532,36.76
26.66791,80.96185,393.07,97,2026-01-28,407,28.36
17.26087,79.63027,344.7,87,2026-01-13,2164,3.4
17.41601,78.62923,391.84,99,2026-09-05,991,75.14
12.84698,80.47695,376.81,98,2026-03-22,2161,93.26
26.40093,72.8168,382.31,92,2026-07-02,1335,106.29
23.6088,87.32689,386.23,95,2026-02-04,2345,60.38
28.65418,77.09689,376.69,95,2026-08-02,2278,91.67
10.09291,76.10923,383.02,92,2026-04-23,2191,30.7
26.93995,75.83123,378.85,94,2026-01-05,1476,106.72
28.46378,77.14518,402.61,94,2026-06-03,1331,96.88
25.38413,86.21285,372.37,96,2026-08-14,1992,62.27
29.04191,77.13088,304.12,65,2026-02-15,1220,11.84
23.28496,85.33689,376.33,97,2026-01-22,2224,40.87
23.68483,86.9571,375.8,96,2026-09-20,317,103.53
26.31417,91.76024,380.36,92,2026-01-22,1873,54.22
25.30103,86.59398,404.81,99,2026-03-11,1421,66.69
19.46548,72.76842,305.21,74,2026-07-12,844,1.27
28.26413,77.16923,398.6,98,2026-03-07,1989,85.87
19.92189,73.93754,366.59,89,2026-01-18,1770,19.31
10.69158,77.09677,342.72,88,2026-04-20,961,24.77
19.32107,72.77321,409.35,98,2026-04-13,1939,37.14
22.3451,70.98825,403.97,95,2026-05-17,65,93.04
25.28723,75.75593,391.23,100,2026-01-30,258,54.42
25.72492,86.2298,393.02,95,2026-05-28,2261,94.79
21.15598,78.99993,373.93,98,2026-04-14,1000,86.31
12.97386,80.3611,397.72,92,2026-08-29,784,85.38
10.22406,77.6312,338.11,85,2026-04-11,695,20.57
23.43404,85.27897,392.02,99,2026-07-21,337,66.45
26.93979,75.83109,402.49,98,2026-05-13,160,55.76
22.61524,75.8291,374.55,97,2026-09-16,682,44.5
27.09162,75.68419,332.78,75,2026-03-14,1894,7.23
22.77499,75.76486,388.68,91,2026-01-13,1474,105.96
22.5431,75.77085,378.23,99,2026-01-24,179,71.48
22.58048,73.3622,376.83,98,2026-08-15,1060,13.9
20.16682,72.97407,402.24,98,2026-05-12,2144,56.59
22.62373,86.90801,340.27,92,2026-06-11,1126,5.46
19.10894,72.9072,384.82,98,2026-07-03,1584,104.09
20.51384,85.57776,374.68,92,2026-06-22,1875,92.09
12.93529,77.56211,359.59,95,2026-09-13,211,55.19
26.44975,72.71692,378.37,100,2026-01-28,1074,67.0
25.16084,75.9351,373.33,93,2026-06-21,455,65.17
31.61283,74.69215,385.59,95,2026-02-19,1145,44.34
22.3932,75.7621,398.16,98,2026-03-26,268,34.82
17.22925,78.50612,384.39,97,2026-08-02,791,77.94
23.43322,85.40415,403.64,97,2026-04-06,631,66.62
31.5411,74.87284,404.08,94,2026-07-18,195,50.14
21.45723,72.71177,372.78,98,2026-07-22,1711,107.45
19.41376,73.05601,377.94,92,2026-08-07,1481,80.1
16.39215,80.59006,374.29,93,2026-09-08,975,47.7
23.88201,86.97608,374.93,100,2026-03-21,2359,34.45
26.14988,72.9439,373.8,95,2026-01-25,1164,65.32
27.23686,78.30752,332.17,35,2026-01-13,1791,17.45
26.41869,72.75261,369.52,94,2026-03-19,2189,66.46
22.80878,86.19916,384.18,98,2026-02-02,549,113.21
26.1644,73.15619,300.16,52,2026-02-05,1426,16.06
13.01901,80.3748,387.71,99,2026-03-26,1260,108.09
30.28578,76.4759,322.45,90,2026-07-18,2027,10.28
11.84638,76.0256,333.5,83,2026-01-25,1870,7.92
26.0679,91.76201,383.33,99,2026-07-07,1211,82.94
16.98633,82.54096,342.19,93,2026-01-16,2234,17.24
27.5544,77.94275,339.2,84,2026-06-21,2314,15.16
21.55307,87.36838,320.67,91,2026-05-31,617,9.97
22.27897,70.66579,391.43,92,2026-03-04,1830,25.15
13.03491,80.61306,326.23,46,2026-03-02,2299,11.16
22.34418,88.48871,371.93,94,2026-06-20,1706,79.24
20.80691,72.67788,399.88,99,2026-07-25,1915,84.22
16.56972,80.47633,371.71,95,2026-04-26,1914,60.0
17.0796,78.22885,314.78,69,2026-07-25,2218,15.34
29.29776,76.87381,397.39,92,2026-03-21,1656,63.69
20.4561,73.05592,392.6,98,2026-06-08,151,104.59
22.73721,86.38115,394.05,98,2026-08-21,2100,26.45
23.79583,86.20996,394.32,100,2026-04-03,1509,101.68
23.83976,87.10886,404.91,99,2026-07-10,2090,99.78
25.84998,85.27611,379.33,100,2026-02-28,1426,33.5
22.30722,70.74315,407.79,95,2026-07-17,86,66.09
23.35041,84.96352,313.41,67,2026-01-11,1530,10.52
20.22305,73.61696,405.59,96,2026-01-17,1356,56.03
25.54406,86.25074,313.17,77,2026-05-15,1015,4.51
20.45289,72.83119,375.59,96,2026-09-18,1104,34.22
27.35227,74.08394,325.13,83,2026-01-09,2076,16.44
25.22711,86.20884,377.13,99,2026-02-07,1105,27.79
9.19216,75.18714,329.83,87,2026-06-14,2389,21.79
22.38619,84.26839,327.81,88,2026-03-11,2349,4.78
18.77078,73.54616,399.08,91,2026-07-23,2098,95.59
31.22882,75.74709,390.37,92,2026-04-19,1305,104.04
28.68576,77.2769,404.18,94,2026-09-10,2366,116.05
23.57195,86.18093,371.45,98,2026-02-09,1992,51.49
20.42298,85.72888,385.01,94,2026-03-20,637,88.43
10.06913,76.44393,381.02,92,2026-05-07,715,57.66
30.92903,75.5343,325.45,85,2026-05-22,2339,24.1
25.54672,85.97908,327.17,63,2026-07-08,1809,17.2
24.92817,84.88092,377.64,95,2026-03-15,1135,102.56
29.45476,76.93382,375.99,92,2026-07-05,737,35.83
22.39325,75.76218,381.52,93,2026-01-19,2247,105.66
21.27994,81.80886,390.05,96,2026-09-18,1643,32.95
21.18343,73.87308,323.39,81,2026-04-16,1804,5.67
23.54686,86.00005,378.15,95,2026-07-24,1827,78.49
24.76993,85.0299,409.67,92,2026-04-23,494,110.85
23.92055,85.52099,327.17,80,2026-08-28,2320,11.76
24.63394,84.95716,390.72,100,2026-06-23,2024,47.45
26.71922,75.75425,408.53,93,2026-04-01,409,45.54
22.73709,86.38096,398.16,92,2026-09-01,1111,39.96
30.26873,77.94546,322.19,86,2026-03-20,1251,4.06
26.88694,77.86947,328.48,37,2026-07-24,243,17.54
15.47879,79.97994,328.52,92,2026-02-09,997,12.68
19.01031,72.76792,310.77,77,2026-02-04,1714,15.24
13.16288,77.64923,384.99,96,2026-08-06,2351,44.77
11.36697,76.50685,383.37,93,2026-04-21,1483,104.43
28.49992,77.30706,401.26,93,2026-09-19,1578,64.06
29.37081,77.04793,347.39,46,2026-01-02,2060,11.35
28.72921,77.52437,327.05,66,2026-06-22,1907,13.69
26.56323,80.7301,352.95,87,2026-05-06,1318,54.74
21.96102,80.49425,327.42,95,2026-01-06,952,11.17
27.3318,77.76187,391.73,96,2026-01-24,64,64.13
17.45517,74.87722,333.94,90,2026-05-20,1459,10.39
27.19099,75.65603,300.75,71,2026-05-16,1009,2.09
29.21099,76.05693,338.43,95,2026-07-30,1321,7.46
16.51779,80.84688,394.91,100,2026-08-02,479,52.91
26.86792,80.75089,408.28,99,2026-05-20,547,117.35
19.6165,75.64102,321.93,58,2026-08-22,1075,13.89
19.99401,75.58571,367.92,94,2026-03-29,360,44.39
20.32296,85.62808,396.85,95,2026-03-22,952,110.5
23.73371,87.08406,368.34,89,2026-04-11,1924,68.72
30.8229,75.87491,389.95,100,2026-02-16,1697,73.96
25.38389,86.21319,377.44,91,2026-05-16,727,50.85
26.09857,79.05814,323.08,81,2026-05-25,794,23.16
24.66678,85.07269,389.69,94,2026-07-20,2101,30.7
25.31482,85.32416,362.68,91,2026-08-05,2204,26.19
21.13516,78.97701,379.98,97,2026-06-26,260,102.52
23.68508,86.95721,400.65,97,2026-04-21,43,46.94
19.56101,73.05909,407.69,95,2026-07-02,673,114.49
25.71721,85.30184,399.0,100,2026-05-25,1041,31.6
31.2291,75.74724,391.18,96,2026-08-29,203,64.24
23.2714,87.22724,316.15,45,2026-07-31,1712,0.72
23.56037,85.46574,340.92,76,2026-08-17,2354,7.23
24.48431,84.77664,322.69,63,2026-07-21,744,12.5
12.74029,77.24886,329.85,69,2026-08-12,2240,13.32
22.38952,70.99384,364.56,82,2026-01-19,1373,33.03
23.09723,72.56203,376.13,91,2026-03-10,1922,87.29
22.27659,79.86998,333.98,88,2026-06-25,293,22.53
19.04607,76.30796,324.91,90,2026-03-28,1990,16.56
23.57186,77.20295,385.11,92,2026-01-28,484,86.89
22.27881,70.66594,384.43,91,2026-02-01,1514,118.53
25.64116,86.36013,406.03,95,2026-01-03,1679,86.67
21.58873,74.7774,323.67,90,2026-06-22,2395,5.7
22.54277,75.7711,396.35,96,2026-09-10,1576,99.43
28.52598,77.38404,376.25,100,2026-05-31,784,64.38
27.33191,77.76184,387.79,99,2026-07-15,2052,94.98
18.27765,77.3641,324.52,93,2026-08-03,1502,17.45
17.37912,78.70878,405.01,95,2026-09-03,295,35.79
23.68483,86.95701,375.1,96,2026-07-18,163,25.55
24.69531,85.10087,362.21,98,2026-04-23,2016,52.98
23.99655,87.21524,323.15,72,2026-05-02,2325,8.59
22.6952,75.94899,383.96,98,2026-03-05,400,69.19
22.61799,88.68359,309.01,35,2026-06-20,728,0.91
25.77155,84.95493,356.4,91,2026-06-20,1392,71.1
24.377,84.96896,409.6,97,2026-07-20,1981,97.7
16.56099,80.39802,328.03,50,2026-01-15,949,16.34
23.07598,73.04617,400.47,98,2026-02-18,1676,90.75
23.7322,86.85492,325.15,59,2026-04-16,541,9.6
23.1222,77.31924,395.2,91,2026-07-10,1293,70.13
28.91056,72.28085,322.9,94,2026-09-06,1352,17.32
25.66619,85.25803,407.13,96,2026-01-15,2393,56.52
29.63782,76.30312,333.67,91,2026-03-24,766,20.52
12.86996,77.73515,398.47,94,2026-08-16,2397,27.91
23.00625,75.95877,360.73,92,2026-04-23,310,64.64
18.99702,73.00495,385.15,91,2026-03-17,861,59.96
26.00915,73.29187,400.87,92,2026-03-02,2029,41.04
31.47703,74.86896,403.22,96,2026-09-09,688,119.43
16.25378,80.31178,394.53,94,2026-07-29,1455,57.53
27.95261,73.56704,333.32,49,2026-01-04,2051,1.44
25.28717,75.75589,378.06,100,2026-07-14,275,63.08
16.52006,80.41085,408.6,94,2026-03-18,590,69.27
22.2789,70.66605,377.08,100,2026-05-19,352,73.14
25.56891,85.164,394.07,96,2026-09-14,1171,99.66
23.07588,73.046,386.21,95,2026-08-31,2157,71.1
10.09587,76.18291,406.69,91,2026-06-03,1395,95.39
26.00913,73.29214,409.28,91,2026-04-15,343,103.03
22.87856,72.31817,330.45,62,2026-08-19,1116,2.86
20.28712,73.7371,401.98,95,2026-09-10,1372,66.84
19.90786,75.27782,390.44,92,2026-09-16,118,54.28
18.99582,76.35339,343.99,89,2026-05-29,831,8.26
23.18823,77.60394,381.18,100,2026-05-31,192,78.32
26.45019,72.71716,390.67,98,2026-05-28,1424,97.88
31.46646,74.69038,385.19,86,2026-03-19,2235,73.52
22.99132,87.90829,344.86,95,2026-01-17,26,6.83
23.34324,85.39388,402.29,99,2026-03-03,2043,42.82
28.72166,77.18242,385.46,83,2026-02-12,10,73.89
20.99823,79.38874,303.77,41,2026-07-28,952,17.32
18.80478,72.6617,371.62,85,2026-03-27,2322,63.56
29.2356,78.17655,326.74,85,2026-05-30,858,15.08
21.16621,72.58901,384.22,92,2026-04-11,218,31.84
22.38596,84.26823,334.65,90,2026-08-21,912,17.16
31.23405,75.78721,340.72,54,2026-01-10,953,12.08
18.34521,83.92252,329.13,90,2026-04-14,408,22.73
17.42677,78.29281,384.29,98,2026-06-20,994,39.52
17.22882,78.50615,385.02,100,2026-01-03,1363,116.17
31.29401,75.85422,375.58,98,2026-07-30,541,29.8
17.41598,78.62902,378.47,98,2026-03-03,946,83.08
19.15343,73.20467,339.7,76,2026-09-02,2364,13.33
25.94282,91.56905,344.83,69,2026-05-28,310,10.29
31.47681,74.86896,384.1,97,2026-01-22,1485,53.66
25.17343,86.29099,367.71,86,2026-01-03,534,33.72
24.37694,84.96912,396.66,92,2026-02-28,266,67.02
21.2677,86.55894,338.36,93,2026-07-01,603,9.16
26.45463,73.25836,347.82,61,2026-03-10,908,2.29
30.80304,75.51884,391.34,100,2026-06-14,1194,112.05
24.66168,85.28832,338.41,92,2026-03-16,154,17.03
27.0462,78.06779,385.09,98,2026-09-17,1522,78.21
22.802,86.40677,389.74,100,2026-02-26,570,53.39
25.73717,86.46577,325.38,38,2026-01-09,1453,9.34
25.66581,85.25819,378.55,93,2026-02-03,2167,112.41
26.25292,91.74631,304.54,75,2026-03-10,673,9.99
23.37895,86.01107,385.63,96,2026-07-11,0,30.56
23.28481,85.33702,389.7,99,2026-01-29,567,104.49
23.62607,85.07281,331.26,94,2026-05-05,1708,22.5
27.12208,75.78099,384.14,98,2026-02-06,547,61.63
22.24211,70.82378,394.78,91,2026-08-13,543,51.81
19.98876,75.04702,403.16,93,2026-08-09,531,48.79
27.04585,78.06799,383.18,100,2026-08-07,270,67.03
19.49177,73.27075,396.46,96,2026-04-24,893,107.12
26.11889,76.87807,340.36,86,2026-06-28,2095,11.4
25.84996,85.27604,406.53,93,2026-04-01,158,106.81
30.26845,77.94523,338.18,81,2026-02-03,1999,18.86
19.10878,72.90697,381.92,100,2026-08-22,2085,38.42
26.0346,91.54618,319.43,73,2026-01-09,1475,10.59
31.61631,75.85672,358.48,89,2026-08-29,1833,17.33
22.28333,71.02362,368.31,99,2026-08-22,847,20.28
21.5534,87.36832,330.92,94,2026-05-15,1529,8.06
30.88584,75.91998,381.64,99,2026-08-03,2246,117.97
31.14792,75.51022,406.42,100,2026-03-04,1161,30.06
16.66218,80.71315,383.98,92,2026-04-02,81,33.43
17.71516,83.19699,393.07,99,2026-07-15,701,87.32
25.91099,85.44343,334.0,78,2026-01-12,70,7.45
22.19182,70.84401,408.42,96,2026-02-18,449,75.11
31.13439,75.70427,376.84,97,2026-06-01,1756,64.91
28.82805,77.55181,402.95,91,2026-06-19,534,49.58
28.48319,77.54396,383.05,93,2026-04-30,420,27.56
28.41655,77.30976,339.47,61,2026-03-05,717,13.44
23.56417,87.29131,332.45,88,2026-03-19,211,20.5
26.99089,75.51677,408.84,94,2026-03-05,439,102.06
28.39022,77.28579,316.73,42,2026-07-26,648,12.89
25.26321,75.79799,375.79,92,2026-04-11,162,102.4
21.35075,79.13095,376.2,87,2026-03-12,1960,39.57
11.99139,77.94705,328.21,90,2026-01-06,1193,17.69
28.20016,77.10402,377.74,99,2026-06-15,129,40.88
13.12189,77.8742,392.5,97,2026-02-07,128,108.29
26.26165,80.43209,340.68,39,2026-03-17,1364,12.25
22.19549,73.05302,343.82,64,2026-06-23,1359,4.8
29.21105,76.05721,320.14,82,2026-05-21,928,18.12
23.46924,85.16761,335.86,85,2026-01-31,2285,10.64
22.99432,86.36729,342.4,39,2026-02-07,972,1.84
17.42688,78.29279,401.35,99,2026-05-28,853,30.45
22.88063,72.58293,351.82,96,2026-03-09,2246,71.79
23.34383,77.34789,380.39,97,2026-01-15,895,22.21
30.11906,76.71582,321.94,93,2026-03-30,739,23.06
25.29625,86.27811,398.88,95,2026-01-22,45,31.87
19.04592,76.30784,322.41,80,2026-03-20,793,6.15
12.9611,80.21697,386.86,97,2026-09-20,2273,88.82
16.82194,83.95451,340.7,80,2026-02-16,44,23.58
16.51987,80.41097,378.97,96,2026-08-24,1353,52.93
20.1671,72.97396,382.45,98,2026-04-03,500,31.18
24.09429,84.06911,332.17,89,2026-09-10,2209,6.86
17.22903,78.50614,384.27,100,2026-04-29,841,56.81
23.60195,87.03624,378.18,98,2026-03-17,1589,27.31
19.09522,72.9181,403.56,95,2026-08-04,2168,119.13
28.50792,77.0321,401.32,96,2026-05-30,1018,60.69
20.11594,73.90109,375.97,92,2026-03-21,1576,98.34
21.3641,81.68781,399.83,99,2026-08-27,222,82.35
29.36688,77.0191,385.5,95,2026-01-19,1776,79.34
27.4909,77.88396,396.93,100,2026-08-10,2326,72.23
22.30704,70.74276,376.25,100,2026-05-26,1945,85.97
26.26121,73.3878,393.97,100,2026-07-10,1993,54.18
22.33502,73.17425,407.02,94,2026-06-26,806,43.64
20.32296,85.62821,379.02,100,2026-08-25,1552,27.79
20.20226,80.49062,321.73,93,2026-05-13,1789,20.42
27.00006,80.94381,393.79,99,2026-06-04,1784,92.7
9.21037,75.38189,342.44,87,2026-03-06,1744,6.41
27.2016,78.04754,307.77,35,2026-01-24,396,15.38
17.71516,83.19677,384.19,98,2026-04-17,428,74.34
22.56003,88.19275,381.54,97,2026-01-18,365,79.56
22.74572,72.30668,332.11,74,2026-03-03,2293,7.63
23.32001,77.58821,393.48,94,2026-03-11,1919,108.63
28.55019,77.23195,392.68,94,2026-07-02,74,38.94
23.47119,87.14297,383.98,96,2026-06-12,581,48.08
31.64995,74.64749,357.21,91,2026-08-24,2293,42.17
22.27629,79.86999,329.25,85,2026-05-06,989,15.13
25.30496,86.14083,394.58,98,2026-02-17,695,25.97
28.35208,76.94984,397.27,92,2026-03-26,2101,68.55
19.73819,74.07988,389.77,94,2026-08-01,2111,34.14
23.18783,77.6042,403.45,93,2026-08-05,789,115.23
23.19607,85.30521,383.85,97,2026-02-01,2396,52.13
13.16298,77.64916,372.69,96,2026-08-08,232,89.39
25.87664,91.56364,361.38,83,2026-03-09,483,62.6
19.57918,72.91789,384.74,97,2026-02-03,1332,112.12
19.41746,73.0779,323.86,77,2026-01-12,1479,12.5
22.07597,87.07464,328.95,93,2026-03-02,48,17.33
31.24382,75.70507,399.41,99,2026-05-13,1455,118.25
17.46584,78.53779,376.25,97,2026-08-29,1406,80.29
27.86291,73.43512,396.75,97,2026-03-14,1916,74.04
12.93579,77.71511,379.0,98,2026-09-07,32,67.07
25.72503,86.23013,375.32,95,2026-01-29,383,117.91
23.41859,85.96762,315.31,49,2026-02-02,1926,16.65
17.71511,83.1972,384.92,97,2026-01-07,402,118.51
27.04602,78.06778,393.84,98,2026-06-01,1994,109.82
20.8432,79.06786,400.55,95,2026-03-21,1570,60.74
21.36415,81.68807,374.18,93,2026-09-14,1127,88.36
23.00715,86.28393,386.73,91,2026-03-03,277,99.36
23.17639,77.27644,361.11,98,2026-08-31,1108,52.15
30.7034,75.70095,323.67,69,2026-09-16,1025,17.2
19.80903,71.75675,342.17,82,2026-09-12,117,3.75
22.86514,72.62877,379.75,95,2026-01-24,233,48.91
22.70941,75.97183,378.39,82,2026-03-22,881,25.3
26.71887,75.75381,405.85,93,2026-02-09,624,108.71
26.07,91.71377,392.26,99,2026-06-14,1074,95.32
20.02817,85.862,368.93,91,2026-07-29,1071,52.53
20.4562,73.05586,399.81,96,2026-07-04,1298,36.86
28.06888,73.34688,404.93,100,2026-09-10,979,58.74
31.50562,74.73608,353.29,85,2026-01-07,1533,19.43
26.14682,80.65196,390.48,100,2026-01-18,1113,66.11
25.19621,75.92391,374.22,98,2026-08-20,612,90.33
20.21332,82.573,342.07,80,2026-02-25,982,22.4
19.98896,75.04683,373.26,94,2026-09-15,731,36.34
23.18787,77.60385,404.7,96,2026-08-20,1233,25.1
23.32002,77.58817,396.66,91,2026-03-21,471,74.45
25.05278,76.0641,379.92,95,2026-08-31,1227,72.15
22.67389,88.27785,398.83,91,2026-06-05,827,98.76
30.84119,75.82431,374.21,88,2026-08-06,1301,58.29
17.4158,78.62904,382.66,96,2026-05-09,1202,110.28
23.46924,85.16794,330.51,95,2026-01-05,1905,24.9
25.39969,86.41755,375.24,95,2026-07-02,225,13.37
22.34513,70.98814,378.55,94,2026-04-19,1795,106.12
19.49197,73.2711,382.75,98,2026-07-03,567,116.05
31.31944,74.93991,308.76,59,2026-03-23,971,10.65
25.52163,85.21223,302.55,56,2026-08-24,232,15.0
21.00718,72.76707,395.39,96,2026-07-06,7,76.74
17.71784,83.46198,396.47,99,2026-02-07,1037,81.06
12.93612,77.71509,396.96,92,2026-09-09,52,68.79
20.91713,79.16986,380.95,99,2026-02-04,227,49.24
17.52573,78.23357,354.02,88,2026-04-28,893,72.19
26.27489,80.48894,388.12,93,2026-05-28,1318,77.38
23.60893,87.32681,389.91,95,2026-02-06,1869,67.96
27.44501,77.9691,401.1,94,2026-06-16,1081,52.99
19.96283,73.63193,391.69,100,2026-09-17,1083,103.77
21.28004,81.80901,375.32,95,2026-07-31,317,53.61
12.76265,80.61644,335.33,36,2026-01-06,710,5.47
17.51081,83.19603,387.24,99,2026-09-06,110,71.45
28.69394,77.24275,385.72,95,2026-06-02,2129,102.39
31.11829,75.77053,315.1,65,2026-07-05,2050,16.14
17.67921,83.4422,396.75,99,2026-02-20,2096,107.19
16.42863,80.75058,334.95,37,2026-03-28,1388,13.67
15.47886,79.98008,322.34,85,2026-03-23,383,23.18
23.54707,86.00015,386.43,100,2026-03-15,88,27.54
20.45276,72.83076,407.16,93,2026-02-14,180,54.41
19.85262,73.65591,351.99,94,2026-06-18,2036,63.0
31.52881,75.73777,396.21,94,2026-02-25,17,95.48
23.53778,87.4731,409.42,96,2026-06-02,1698,94.01
28.21784,77.2039,404.79,99,2026-01-08,2012,74.66
17.4554,74.87722,329.06,84,2026-05-31,1763,13.83
25.6386,85.15343,333.83,44,2026-06-19,1849,3.65
23.92059,85.52102,334.84,89,2026-01-17,1700,4.78
23.097,72.56189,400.94,93,2026-01-03,2261,80.76
10.01389,76.17401,381.68,93,2026-02-05,685,67.51
16.20083,80.80409,342.28,66,2026-05-28,815,8.28
21.09392,78.76612,406.54,100,2026-06-22,431,110.4
27.49115,77.8841,408.82,99,2026-04-14,567,108.65
28.52623,77.38404,402.2,100,2026-04-17,194,49.54
16.66213,80.71316,382.83,99,2026-08-14,2176,79.55
23.58911,86.03307,398.25,99,2026-09-04,1392,107.09
24.89158,84.82169,359.42,98,2026-02-21,2259,58.03
17.37917,78.70884,375.36,93,2026-07-02,518,70.2
22.9977,75.85565,356.62,85,2026-05-25,1504,12.77
20.16693,72.974,393.51,94,2026-02-11,413,63.45
20.42584,72.95224,394.39,99,2026-08-19,1825,79.91
26.92381,81.16077,379.24,98,2026-02-03,2055,67.3
12.84715,80.47721,401.08,96,2026-05-28,2109,52.66
23.05711,77.24093,379.09,96,2026-04-24,1880,41.44
25.30087,86.59407,405.62,95,2026-02-06,1243,69.45
20.71959,72.70681,325.2,73,2026-06-22,553,4.43
23.56698,86.40453,364.21,97,2026-07-24,312,36.14
26.1759,91.95496,388.04,93,2026-06-18,825,53.67
17.79476,83.13221,386.41,92,2026-03-08,1649,40.27
21.12313,81.13301,388.07,96,2026-07-06,879,57.43
19.41492,72.91953,307.43,72,2026-03-08,2082,3.17
13.17739,80.27128,355.12,89,2026-02-12,268,78.14
22.87414,86.42414,385.97,93,2026-08-11,1364,108.21
23.13349,85.01179,311.41,43,2026-07-09,753,17.11
23.50512,85.25286,341.82,38,2026-05-28,52,4.47
16.82185,83.95491,341.55,84,2026-07-22,1418,9.45
26.48779,80.34602,382.81,98,2026-07-27,1294,41.01
23.66207,84.298,338.74,84,2026-04-29,1213,14.84
23.63383,86.06081,396.9,95,2026-05-23,1000,70.75
23.63404,86.0612,379.53,92,2026-03-30,291,32.54
21.84959,73.88744,337.87,85,2026-06-04,672,23.68
23.07272,85.94081,312.4,75,2026-02-10,2258,7.75
22.34264,70.60595,332.46,73,2026-02-22,891,8.18
10.1788,76.30973,358.9,93,2026-08-22,415,70.3
26.99083,75.51709,381.08,95,2026-03-10,226,69.44
25.68023,86.30606,393.12,95,2026-09-17,306,26.48
28.28882,75.98591,324.47,94,2026-07-03,143,9.57
27.81913,73.37706,381.9,98,2026-09-12,1182,53.81
26.65766,75.54989,382.22,97,2026-08-08,1018,30.87
21.29423,81.64303,386.82,93,2026-07-17,1134,115.22
24.56825,84.81302,395.35,95,2026-01-17,1394,53.12
22.80225,86.40676,376.3,100,2026-01-10,569,34.06
19.10878,72.90691,375.35,94,2026-03-26,754,104.99
26.50703,80.37718,378.23,93,2026-06-27,2179,28.08
17.58924,78.47603,386.49,91,2026-07-11,895,53.64
25.32803,86.47904,377.86,97,2026-08-24,2082,36.59
25.72493,86.23019,403.89,98,2026-05-10,1670,48.82
18.3985,72.18978,333.54,94,2026-02-07,1700,3.21
25.49077,86.41755,330.8,77,2026-05-05,1168,0.95
18.11557,79.49295,333.21,91,2026-03-02,758,11.7
31.01322,75.77307,375.7,99,2026-05-24,785,118.47
15.48946,81.77209,344.76,89,2026-05-08,1798,10.3
26.47261,80.17748,300.97,73,2026-04-21,426,10.12
22.59181,88.44123,377.21,95,2026-01-23,2067,118.65
23.40782,74.04716,326.51,89,2026-04-19,666,10.81
17.71489,83.19702,405.59,95,2026-07-28,1714,52.68
27.06774,75.45595,306.54,54,2026-01-17,704,17.49
21.59297,81.89024,342.56,40,2026-01-01,2135,14.49
27.44516,77.96882,401.14,98,2026-09-12,103,68.45
25.28679,86.45822,309.72,72,2026-07-22,1414,17.08
27.96047,76.89819,321.98,85,2026-03-30,438,14.88
25.71089,85.86059,322.96,39,2026-05-15,2046,1.96
27.68385,78.30732,341.94,85,2026-04-11,2316,15.98
19.02813,72.80908,404.41,92,2026-08-27,1042,25.8
28.5902,77.26,381.28,91,2026-07-19,1218,98.44
22.67384,88.27792,373.14,96,2026-03-07,1595,31.63
20.84282,79.06819,396.88,96,2026-03-04,1413,43.14
28.00862,73.60051,382.34,92,2026-01-18,48,65.33
19.18319,72.97808,385.98,92,2026-02-25,1661,66.75
9.89314,76.51017,368.53,96,2026-06-29,461,66.87
12.20427,81.41153,334.11,92,2026-09-08,880,9.87
24.73399,85.00876,374.26,95,2026-01-05,294,94.65
23.68299,84.30743,325.04,85,2026-06-18,675,8.1
23.0799,85.54183,300.54,70,2026-07-14,1587,10.02
19.77544,71.9971,329.48,85,2026-09-06,2052,24.06
18.91495,72.71121,404.34,97,2026-05-08,1301,73.6
23.53791,87.47291,389.92,91,2026-06-01,1423,106.79
23.59491,86.73907,379.69,100,2026-07-19,17,50.54
19.57921,72.91792,386.07,99,2026-05-06,592,94.4
18.40382,74.08678,382.78,93,2026-02-05,803,91.29
21.45715,72.71206,397.54,91,2026-04-25,1994,53.07
27.1898,80.89844,341.6,39,2026-05-20,1565,0.78
29.42905,76.21476,344.86,89,2026-06-10,1001,23.97
22.19198,70.84384,392.95,95,2026-06-13,1275,91.59
25.80467,85.40573,306.85,55,2026-07-23,529,9.09
23.61399,86.80285,363.61,98,2026-02-21,2038,13.53
17.79479,83.1321,384.49,95,2026-08-06,1394,116.1
30.44605,74.45976,322.8,85,2026-02-05,1009,4.97
24.87662,75.58829,331.31,40,2026-07-17,1282,3.9
12.93705,77.78476,400.66,92,2026-05-04,2136,54.84
28.41201,77.02787,373.24,93,2026-04-13,1109,99.27
10.12312,76.48544,383.96,94,2026-09-07,1494,51.37
26.09891,79.05793,332.53,88,2026-01-19,399,8.55
19.88695,73.86875,391.73,93,2026-08-27,608,33.57
28.68579,77.27715,397.44,94,2026-01-15,78,60.53
10.05609,76.30711,393.89,96,2026-05-15,1273,113.09
24.37693,84.96911,399.86,92,2026-08-30,1100,103.68
28.52947,77.63533,334.52,67,2026-08-22,146,13.67
17.3597,83.45738,302.21,56,2026-05-07,2377,8.0
21.36401,81.68813,381.8,99,2026-05-05,1698,30.17
17.57523,83.29416,381.78,97,2026-08-27,1831,91.67
26.56432,80.04922,324.7,47,2026-07-13,151,15.1
25.63817,86.05392,392.86,93,2026-07-12,1683,48.87
24.42483,85.36907,340.25,93,2026-06-06,786,24.74
20.61413,73.03186,394.42,99,2026-08-16,1174,115.62
11.36679,76.50693,386.46,100,2026-06-13,874,73.97
22.80099,75.81024,386.52,84,2026-02-28,812,50.24
23.45302,86.91394,407.1,96,2026-05-29,598,89.65
17.50098,78.55806,399.71,94,2026-03-12,821,112.5
26.82689,75.66396,373.64,96,2026-02-28,1874,103.78
21.30942,81.89019,325.5,38,2026-09-12,656,16.03
29.3672,77.01891,397.89,92,2026-03-19,1345,80.04
23.5949,86.73913,406.53,94,2026-07-01,179,108.54
26.23788,72.93269,386.32,88,2026-01-15,1007,49.98
31.0871,75.76447,337.73,56,2026-07-03,813,10.96
25.13953,74.07132,337.53,82,2026-03-04,76,15.83
19.24914,72.47887,401.31,96,2026-06-17,1106,49.04
22.53002,73.26032,381.4,86,2026-09-03,2236,25.31
21.2057,81.86213,359.61,96,2026-04-15,498,44.52
20.61387,73.03198,373.47,91,2026-08-07,1634,37.9
28.74715,77.23712,385.61,94,2026-05-29,1743,62.22
22.93942,72.84401,300.9,50,2026-01-31,1353,5.83
27.13803,90.72886,341.46,81,2026-03-14,2083,19.9
20.32317,85.62812,383.59,95,2026-06-28,1691,50.91
28.16543,77.40281,335.59,39,2026-09-11,1375,12.9
25.53176,85.90122,370.31,91,2026-05-22,37,32.52
21.13203,81.56382,407.09,99,2026-01-14,1792,106.23
26.58875,72.82899,305.77,73,2026-01-20,2248,6.74
26.55061,80.17412,322.58,48,2026-01-02,1673,16.22
26.92396,81.16102,392.3,100,2026-09-20,2202,106.24
28.44877,77.03384,399.72,97,2026-08-12,2332,73.74
23.79617,86.21014,407.09,91,2026-09-02,1530,42.69
9.65024,76.67392,392.74,96,2026-03-31,507,31.0
31.44078,75.71118,385.5,94,2026-05-06,2376,114.9
10.06914,76.44392,379.37,96,2026-09-17,348,45.47
22.91015,75.65487,403.4,100,2026-06-02,543,47.58
18.4852,73.83644,330.83,84,2026-03-15,2166,17.75
28.48297,77.40615,401.49,93,2026-06-03,2205,47.1
19.08762,72.88383,369.19,96,2026-03-22,143,29.25
26.48782,80.34591,399.64,93,2026-09-10,1220,25.37
10.01414,76.17408,378.54,98,2026-07-17,2051,41.3
22.24185,70.82404,378.24,98,2026-03-20,1214,90.8
24.95376,75.64215,357.58,97,2026-05-23,1464,79.06
16.38488,80.61891,395.89,93,2026-04-17,2038,62.07
25.57481,81.06968,335.89,95,2026-01-16,1037,12.61
28.47884,77.36117,378.67,98,2026-01-23,453,64.34
28.44925,77.03384,388.46,97,2026-07-25,482,56.72
24.75653,88.09884,329.16,85,2026-04-09,1019,23.78
23.43387,85.27887,375.55,96,2026-01-15,1057,81.85
20.18024,75.36252,300.51,59,2026-02-16,1722,3.11
19.32122,72.77297,406.71,95,2026-03-29,1891,88.08
19.2842,74.44507,331.3,95,2026-01-07,1790,13.23
29.10028,72.43308,338.19,83,2026-02-20,2303,19.91
12.96096,80.21681,380.38,91,2026-05-20,1277,89.89
25.35841,86.67748,347.27,59,2026-07-22,834,8.37
25.03186,76.06341,306.97,69,2026-07-01,17,17.09
26.74381,75.59722,402.97,93,2026-09-17,305,75.22
31.44102,75.7112,377.86,94,2026-01-20,991,69.27
28.72402,77.60265,302.36,41,2026-04-26,1737,5.13
22.41414,70.7661,394.85,92,2026-05-31,260,110.93
22.80179,86.40714,392.53,95,2026-07-09,509,40.88
24.56817,84.81305,390.67,91,2026-03-17,1235,51.05
18.87981,72.54555,303.48,35,2026-03-01,1717,2.23
26.3049,80.47741,353.02,96,2026-03-27,56,78.53
22.63773,88.4066,388.28,84,2026-07-25,434,53.52
23.45315,86.91424,373.79,100,2026-02-04,1062,102.82
9.65005,76.67395,383.29,93,2026-01-25,1693,34.76
27.77097,73.38982,383.38,95,2026-03-06,1826,37.21
21.28718,78.83716,386.03,96,2026-02-08,574,29.83
20.32418,72.88092,385.34,91,2026-05-01,2098,26.05
16.29295,80.53687,340.75,54,2026-05-26,1008,3.44
12.93691,77.78502,390.44,99,2026-07-21,2037,88.4
27.06939,73.69621,340.17,87,2026-01-24,1466,16.23
19.75612,75.69379,398.97,100,2026-07-05,1382,101.72
18.42404,73.96679,392.25,100,2026-04-02,1982,98.32
22.39794,88.26825,331.04,86,2026-06-21,1943,8.32
17.57483,83.29413,387.21,95,2026-02-15,1859,64.17
19.98856,73.75056,331.12,60,2026-08-06,239,15.49
24.53322,88.06968,335.19,83,2026-03-19,1596,23.87
26.48824,80.3461,402.54,95,2026-08-18,1832,67.97
24.80701,84.70681,380.28,97,2026-05-18,1326,29.0
24.3317,87.99847,327.55,84,2026-06-28,167,21.81
25.16096,75.93508,381.59,99,2026-07-31,1621,106.2
25.6701,85.94217,304.84,41,2026-01-02,671,1.33
30.95696,75.60106,405.15,94,2026-04-01,2232,50.93
17.50093,78.5578,385.98,96,2026-07-10,666,89.13
22.86518,72.62922,383.85,99,2026-01-29,653,78.37
20.6594,73.19295,342.89,71,2026-07-22,1087,5.95
17.08893,78.18064,305.07,60,2026-05-23,229,6.89
16.51777,80.84679,382.85,94,2026-04-09,1442,30.27
27.44522,77.96919,398.81,95,2026-06-06,1424,72.58
26.88172,77.81144,351.36,93,2026-09-11,1967,60.17
20.09537,85.48888,335.24,38,2026-06-25,2154,13.58
21.09909,72.78307,388.6,95,2026-05-26,2106,32.6
24.63629,84.70628,385.4,93,2026-04-01,94,58.06
21.42754,72.96879,316.02,49,2026-05-30,2147,14.33
22.12774,73.06381,378.49,86,2026-04-18,1244,19.57
19.41403,73.05608,382.12,97,2026-05-22,2366,34.88
25.71737,85.85388,367.72,86,2026-08-20,676,56.56
25.05289,76.06413,408.02,96,2026-03-17,2182,91.44
21.0068,72.76715,375.11,94,2026-09-09,1337,96.33
19.71094,75.43675,397.56,99,2026-05-02,1587,87.87
21.28678,78.83713,375.98,99,2026-04-11,1959,93.0
28.34084,76.90216,316.21,74,2026-06-20,1520,7.12
18.42409,73.69912,374.5,99,2026-06-07,292,72.81
23.27752,85.23588,324.34,44,2026-06-20,2093,16.45
10.69173,77.09707,320.97,86,2026-05-04,708,19.71
16.39198,80.59018,381.73,92,2026-01-08,982,55.3
23.72308,87.33511,385.36,99,2026-06-12,868,66.53
18.80486,72.69105,373.71,97,2026-07-16,1478,41.75
25.13457,86.34907,315.03,75,2026-08-12,2074,16.06
18.39077,73.6371,334.49,90,2026-06-04,501,21.05
24.09438,84.06917,330.47,81,2026-06-13,12,12.58
28.85534,77.29965,362.77,94,2026-07-03,424,44.97
23.85404,86.7388,314.9,67,2026-06-02,644,0.98
30.67875,76.00419,357.58,96,2026-07-26,96,20.93
28.64759,77.45777,319.1,47,2026-05-09,2290,6.16
23.66224,84.29792,331.43,81,2026-03-26,452,5.59
27.86294,73.43508,382.92,100,2026-01-25,259,84.2
21.23416,79.13306,387.95,91,2026-06-05,594,77.74
30.88594,75.92011,393.19,100,2026-08-20,1883,58.63
26.63593,81.1382,374.96,92,2026-06-02,1055,108.9
26.96585,76.09935,322.92,62,2026-09-01,657,12.83
26.719,75.75399,381.42,97,2026-09-12,2313,64.3
22.11203,72.88419,401.23,97,2026-02-28,606,105.16
26.13735,80.09899,330.59,94,2026-01-29,1156,15.18
19.84975,74.91691,393.76,91,2026-03-01,1254,47.26
18.71616,73.90305,404.4,100,2026-09-13,1421,30.7
20.11602,73.90103,395.47,92,2026-05-02,2299,101.84
28.69788,77.0072,401.39,96,2026-07-05,1077,71.35
12.19357,78.51068,341.18,86,2026-04-09,1430,12.5
31.47688,74.86876,408.28,100,2026-07-23,2155,106.2
21.38451,73.07515,315.89,45,2026-07-12,170,16.97
26.09579,73.00216,374.41,95,2026-08-21,1212,71.51
25.73223,84.95947,328.04,69,2026-02-16,1861,13.41
11.31449,77.1546,339.75,41,2026-09-07,2347,17.32
22.11287,88.18795,387.58,99,2026-09-15,860,34.84
16.52017,80.41121,374.82,91,2026-05-17,2111,89.05
25.28128,86.23263,365.07,87,2026-03-31,982,21.37
18.49615,73.794,386.98,95,2026-02-02,1623,64.85
25.28716,75.75623,406.65,92,2026-02-05,229,29.66
12.90533,77.38047,369.73,94,2026-09-11,1084,28.44
25.07599,86.16027,306.57,53,2026-03-18,433,8.16
13.01895,80.37497,385.79,93,2026-07-04,144,79.08
28.38896,77.0446,317.56,69,2026-08-21,2078,6.66
22.35414,75.71878,405.22,98,2026-07-29,1780,52.14
26.16751,77.13021,322.01,89,2026-04-05,137,10.22
13.3065,80.01095,382.07,88,2026-03-17,496,24.07
22.60687,88.12479,382.56,94,2026-01-31,398,119.69
28.20342,77.36137,339.83,74,2026-09-15,627,16.02
21.0071,72.76694,374.98,93,2026-05-01,1431,35.0
31.53712,74.76111,381.11,92,2026-08-05,2292,43.61
23.69188,86.88522,407.37,96,2026-08-15,1850,68.9
25.6031,84.90313,391.21,92,2026-09-06,63,34.31
27.74475,73.18211,314.34,73,2026-01-20,1654,3.26
9.68685,76.39509,385.17,95,2026-03-29,1407,118.6
23.50952,86.45813,324.52,67,2026-01-09,432,1.42
18.11547,79.49327,327.66,93,2026-02-24,310,13.35
32.48688,75.85427,341.18,89,2026-04-02,1385,11.0
28.57891,77.26041,368.85,88,2026-05-19,1693,26.62
21.46822,73.05558,357.89,99,2026-04-14,205,48.19
22.34513,70.98804,372.98,94,2026-07-09,2048,59.2
23.56417,87.29137,343.42,80,2026-04-12,772,12.73
22.47267,75.64584,322.13,46,2026-07-04,955,3.14
23.45026,86.03264,342.33,59,2026-01-18,2167,2.73
23.85172,86.29485,374.47,91,2026-02-23,750,66.28
12.96118,80.21695,396.51,96,2026-08-07,297,36.56
22.50016,88.4731,396.52,98,2026-05-08,1079,110.0
20.80723,72.67785,403.19,99,2026-08-20,1010,36.01
26.17798,91.76221,405.99,91,2026-06-25,1760,43.38
10.88609,76.93903,403.92,95,2026-08-03,165,59.5
24.27399,86.49516,330.7,83,2026-03-09,1474,11.2
24.42438,85.36918,323.61,82,2026-09-05,99,12.25
26.48205,84.33948,321.74,84,2026-01-24,2362,21.53
19.20354,72.83696,372.08,90,2026-03-21,515,42.89
31.61311,74.69188,396.16,97,2026-01-03,3,94.39
26.24593,80.31918,389.22,100,2026-05-29,1998,76.06
27.2411,80.85694,409.33,92,2026-05-28,246,110.43
22.57281,70.87278,343.73,40,2026-01-07,283,17.84
28.17063,76.6828,304.14,54,2026-08-20,896,17.95
27.0708,72.19027,321.63,94,2026-07-26,208,22.02
18.39072,73.63697,338.34,83,2026-06-03,2069,14.71
23.27414,85.42094,386.67,99,2026-07-07,931,102.42
22.63193,86.22946,339.24,95,2026-01-27,1839,20.68
22.37895,73.33302,400.78,91,2026-03-08,1439,68.32
27.52244,76.64194,325.6,94,2026-01-24,1138,17.83
21.58901,74.77709,339.47,89,2026-06-28,1136,23.66
26.72397,80.84791,389.35,92,2026-03-29,1128,56.89
28.32229,76.31006,322.73,82,2026-04-30,1775,22.63
21.18953,72.97305,354.37,94,2026-03-10,460,47.06
24.33158,87.99816,337.06,82,2026-06-05,2335,20.1
18.50606,73.79795,391.52,98,2026-07-29,1227,70.57
28.66726,77.61396,378.79,83,2026-02-28,2143,55.86
12.87776,77.55721,403.48,98,2026-01-18,1282,74.04
23.77212,87.13318,373.61,94,2026-08-21,1460,95.63
25.26297,75.79793,391.54,94,2026-04-23,18,60.12
19.42977,73.00623,360.45,88,2026-01-21,2159,31.23
20.01014,85.72388,364.14,88,2026-05-18,1781,36.34
21.29388,81.64287,396.46,91,2026-07-08,1433,54.73
21.45714,72.71205,380.61,97,2026-02-03,165,64.5
24.56781,84.81323,396.46,92,2026-02-14,520,62.57
28.54107,77.27104,384.78,94,2026-04-23,1740,109.33
28.36301,77.28203,400.31,100,2026-01-09,1247,89.34
26.38089,80.3882,401.75,95,2026-08-18,2142,111.16
22.91003,75.65475,409.63,94,2026-03-20,1769,69.83
25.16807,85.97096,391.32,97,2026-08-13,1750,61.08
31.24377,75.70494,375.96,94,2026-01-05,1193,91.33
21.16683,79.08479,336.39,77,2026-06-27,827,4.21
20.06452,73.78339,343.52,94,2026-06-19,280,13.95
28.46421,77.14505,403.45,92,2026-05-29,597,59.89
26.99103,75.51677,374.41,100,2026-01-30,2064,48.16
28.49787,76.88184,380.36,94,2026-07-18,1961,94.39
24.24662,87.57169,321.3,95,2026-01-24,884,18.24
28.52511,77.00585,371.4,90,2026-08-08,244,44.5
16.38513,80.61893,385.45,96,2026-03-21,1284,100.77
12.76299,77.54305,363.19,91,2026-06-10,2223,43.84
20.05181,72.74404,408.05,97,2026-05-14,386,97.66
17.18735,78.22573,305.89,77,2026-09-05,2260,2.53
23.68298,84.30712,322.77,88,2026-05-21,1233,16.92
9.68704,76.39513,378.57,94,2026-02-05,647,63.44
17.44557,75.00016,342.43,91,2026-09-01,2116,5.22
19.06494,72.78318,399.89,92,2026-02-22,1327,43.22
20.23278,85.97183,373.1,93,2026-08-31,1185,40.25
25.79317,76.82928,320.66,84,2026-02-12,177,7.52
26.13797,74.82065,328.0,83,2026-02-12,1885,8.78
30.80278,75.51894,398.94,91,2026-05-06,448,116.82
24.98136,84.98027,336.57,51,2026-02-08,1907,15.46
23.12199,77.31921,378.09,93,2026-02-22,557,81.17
26.84355,90.66938,323.83,92,2026-07-24,596,22.93
20.48392,85.89023,306.99,64,2026-06-29,659,3.2
10.16533,76.38694,319.24,77,2026-07-07,2373,2.34
22.99104,87.90829,324.12,94,2026-04-04,410,20.81
28.44985,76.76081,399.85,98,2026-05-29,797,75.96
22.58055,85.30596,325.71,87,2026-06-24,1531,14.88
20.50715,72.77089,338.38,76,2026-03-17,312,9.79
31.10066,75.81163,359.17,85,2026-01-19,719,56.84
16.23755,80.89663,314.37,67,2026-09-12,62,2.51
22.73712,86.38077,381.78,98,2026-06-17,1860,90.16
23.63423,86.06092,379.56,94,2026-02-25,322,71.47
16.25377,80.31193,381.86,94,2026-01-03,2256,50.76
12.97397,80.36122,378.15,94,2026-02-19,767,93.18
22.78763,72.58233,327.48,64,2026-07-07,1495,12.75
28.50822,77.03206,372.14,99,2026-07-16,1006,37.22
26.4088,91.90325,387.99,99,2026-08-30,1844,76.95
23.49537,85.28139,321.71,73,2026-01-05,2353,17.59
26.04946,85.38413,327.08,91,2026-07-30,817,14.52
23.4104,72.43156,326.65,87,2026-06-03,2273,11.27
25.53696,85.26776,387.88,99,2026-05-28,582,116.07
11.04423,76.81425,389.4,97,2026-08-17,44,30.8
25.43061,86.25788,385.25,83,2026-08-13,1419,68.81
26.09485,91.78892,372.88,100,2026-07-14,1919,84.59
29.58372,78.43053,323.79,84,2026-09-20,1293,23.12
22.59206,88.4411,404.66,92,2026-01-07,1053,27.18
31.24409,75.70492,398.05,91,2026-04-23,1683,66.56
25.38405,86.21315,391.79,95,2026-03-17,188,34.38
17.22896,78.50591,388.75,96,2026-04-09,2155,63.26
21.17731,86.8033,337.56,95,2026-04-17,2386,19.79
28.19981,77.10377,378.21,100,2026-01-01,914,39.04
28.38967,76.97103,369.44,96,2026-04-08,87,36.74
27.73571,73.17196,374.33,83,2026-01-26,1051,78.57
28.28087,77.23212,386.33,99,2026-08-29,509,63.29
16.45869,80.9136,362.02,89,2026-06-07,1052,26.99
28.44906,77.03404,400.05,93,2026-03-01,262,117.0
10.87318,77.07822,387.65,91,2026-08-02,225,28.03
10.85423,77.11383,403.92,96,2026-01-11,1468,34.19
25.96548,91.98098,303.65,70,2026-01-17,1217,17.51
23.84003,87.10884,375.03,95,2026-07-23,2225,57.27
25.4459,86.20201,403.31,94,2026-09-20,1997,58.06
17.46586,78.53784,376.31,92,2026-08-01,1729,84.51
26.87749,78.26976,369.99,87,2026-07-26,410,33.48
22.4139,70.76615,395.04,94,2026-07-25,2201,40.11
18.99402,73.11306,386.22,86,2026-04-01,2225,70.79
31.24385,75.70479,409.1,91,2026-07-18,758,99.67
21.25605,72.68809,406.6,99,2026-05-25,303,71.66
12.88904,77.27715,384.31,92,2026-05-27,1870,45.27
27.84797,73.23222,395.78,91,2026-03-15,1040,91.3
24.05531,86.23246,343.61,93,2026-04-06,1588,15.7
17.46624,78.53782,398.14,94,2026-04-15,2126,52.14
20.97863,72.90499,376.81,91,2026-08-09,1301,52.94
28.36285,77.28192,391.67,91,2026-09-01,399,102.54
20.11608,73.90103,376.02,96,2026-08-31,1637,106.54
10.7188,77.00086,407.95,91,2026-01-14,2331,31.74
22.11209,72.88392,383.01,100,2026-09-02,1701,59.11
28.06887,73.34707,373.02,97,2026-04-08,1100,57.28
26.24502,73.16482,389.27,87,2026-07-02,1114,49.84
27.36752,77.91061,352.57,91,2026-08-04,876,60.58
22.80918,86.19918,395.66,94,2026-09-12,274,50.17
16.98635,82.54072,343.83,91,2026-02-04,1754,5.28
26.75105,75.62694,391.24,94,2026-05-17,81,110.7
22.31826,88.65977,340.66,39,2026-05-26,963,6.8
17.88537,83.44041,387.08,84,2026-08-28,30,43.72
26.0698,91.71377,389.38,100,2026-03-15,2388,111.68
23.6829,84.30743,320.06,85,2026-05-25,728,18.12
26.44146,91.50128,375.72,85,2026-04-27,228,24.23
26.71902,75.75397,402.92,93,2026-05-15,2178,36.2
26.17587,91.95486,396.13,99,2026-03-26,83,30.11
23.62511,86.33623,408.16,92,2026-02-27,149,94.07
27.09705,75.78722,407.45,97,2026-03-10,821,52.71
22.29617,70.81703,393.39,93,2026-06-16,1223,106.47
22.39301,75.76197,379.95,92,2026-02-16,342,50.44
23.68279,84.30717,329.78,93,2026-04-11,2020,11.31
17.71478,83.19707,393.2,95,2026-07-02,2132,90.97
17.30792,78.30599,356.48,86,2026-02-02,1973,16.48
22.64154,86.50046,353.93,90,2026-01-25,1858,79.9
22.48277,73.27158,375.17,84,2026-06-26,648,53.41
17.26066,79.63007,323.83,90,2026-01-19,1578,13.95
12.89749,80.10816,384.09,85,2026-08-22,1833,76.71
10.00574,76.07538,335.37,76,2026-08-08,1368,3.83
24.46522,86.23562,330.13,85,2026-03-13,1291,11.47
22.3434,78.3519,335.55,93,2026-02-14,489,16.73
23.5019,87.50908,398.02,93,2026-07-30,1010,95.52
22.64685,88.38194,379.46,98,2026-03-14,239,86.3
21.55306,87.36806,340.21,86,2026-08-07,1171,15.43
20.61007,72.90508,343.91,72,2026-04-26,1321,12.77
28.69812,77.00699,375.27,99,2026-03-26,2205,62.83
23.79602,86.2098,388.32,97,2026-02-05,2164,71.95
10.15203,76.07087,377.38,99,2026-02-01,676,98.15
21.13912,79.36434,329.99,36,2026-07-24,40,14.75
23.80103,75.19761,323.02,87,2026-03-24,2176,12.82
26.5747,80.80551,334.66,74,2026-02-10,686,1.64
26.66797,80.96194,378.57,92,2026-01-23,1383,38.84
20.18449,75.05277,324.14,65,2026-06-02,1878,15.98
25.54092,86.09809,400.95,98,2026-08-15,128,29.17
25.15295,86.5619,383.21,94,2026-06-21,1974,69.39
12.9656,77.69134,343.26,66,2026-01-25,1804,5.14
28.55001,77.23221,385.45,93,2026-04-26,532,79.37
24.928,84.88102,400.2,93,2026-03-24,1538,26.99
21.13508,78.97696,372.03,100,2026-04-21,2050,60.77
21.2528,73.00623,390.99,98,2026-09-08,1700,36.93
21.3222,72.30522,341.4,83,2026-02-07,2277,16.58
24.37695,84.96883,397.19,92,2026-01-09,1680,42.29
11.8897,78.43646,335.95,82,2026-04-10,164,9.96
27.22594,78.0979,402.12,98,2026-04-21,1143,114.39
27.41347,78.26087,367.01,87,2026-04-05,1887,78.29
11.04412,76.81383,393.47,93,2026-08-13,472,68.62
28.25481,77.25162,386.06,92,2026-03-14,2126,68.11
21.18206,78.86534,359.13,91,2026-02-02,240,70.36
21.15596,78.99989,401.0,99,2026-07-17,247,109.13
18.27941,74.12876,333.18,60,2026-01-21,132,7.1
22.31105,88.42817,324.62,62,2026-04-01,1264,14.46
25.1906,86.01761,340.11,58,2026-02-22,1281,13.58
23.52214,77.61912,359.94,94,2026-07-26,1208,65.14
26.24586,80.31884,381.18,97,2026-08-10,1237,109.81
12.79942,80.46849,379.69,83,2026-01-03,2373,72.88
25.16096,75.93512,400.12,99,2026-01-31,2293,77.4
17.36742,78.62796,305.97,69,2026-01-05,460,11.27
25.32782,86.4792,380.73,96,2026-08-20,1324,117.24
17.37913,78.70898,374.7,97,2026-02-23,2349,41.38
23.5784,86.0644,387.86,87,2026-06-24,850,22.39
22.29611,70.81676,395.86,96,2026-06-09,917,37.7
31.66688,75.84915,387.33,94,2026-08-20,598,110.25
28.55105,77.0702,394.9,99,2026-07-16,1259,50.97
27.77083,73.39014,390.2,92,2026-05-15,800,25.84
20.0645,73.78358,337.46,84,2026-08-02,1626,23.9
28.46413,77.14508,389.02,96,2026-08-11,564,49.11
28.45017,76.76082,403.49,93,2026-08-24,1676,54.94
23.91568,71.66085,342.88,90,2026-09-14,46,13.86
28.21483,73.48827,375.29,89,2026-04-17,1685,19.46
20.42297,85.72915,404.18,96,2026-04-29,2294,81.64
27.24808,78.19188,406.65,94,2026-09-03,573,97.78
17.77742,83.39284,300.15,58,2026-08-02,1871,16.25
21.40666,78.8536,379.74,89,2026-07-22,113,51.5
22.96088,77.13148,378.75,97,2026-06-20,607,76.39
17.24591,78.52053,303.46,61,2026-07-18,415,13.95
19.95573,75.28559,314.74,78,2026-07-01,2259,10.71
21.36666,72.01891,335.96,88,2026-01-12,950,3.94
21.46325,81.72782,335.01,36,2026-02-24,624,9.09
25.16115,75.93499,407.94,100,2026-06-10,1172,113.49
20.16198,85.84291,386.0,99,2026-06-23,160,30.3
19.34167,73.03674,385.07,89,2026-09-13,1558,41.79
28.65412,77.09713,384.33,91,2026-05-08,1973,47.78
17.58282,78.22854,377.13,97,2026-09-06,1992,72.9
20.85284,78.94556,343.02,55,2026-05-11,2028,11.62
25.60913,85.44712,395.32,94,2026-01-19,1360,56.33
26.29453,80.45965,377.52,82,2026-03-22,2091,59.5
25.32816,86.47907,386.63,100,2026-05-18,2031,107.57
23.77208,87.13301,398.76,99,2026-04-01,2209,38.28
28.63777,77.37282,401.72,94,2026-05-28,1317,105.54
13.12184,77.87419,389.18,95,2026-01-29,1071,100.01
29.38153,78.11557,336.89,93,2026-07-11,64,20.09
25.72523,86.23001,397.84,95,2026-02-08,1322,91.07
31.79711,74.95414,409.59,98,2026-04-19,400,95.62
26.38109,80.38799,372.16,99,2026-02-19,757,31.33
23.42237,86.12669,371.79,87,2026-07-25,1933,69.98
21.17958,73.11445,377.35,82,2026-04-19,1666,58.02
25.32229,75.51784,318.8,35,2026-01-11,2111,11.6
17.47593,73.02272,325.47,91,2026-07-17,718,15.77
21.37791,79.19377,338.77,50,2026-06-25,511,6.41
25.1399,74.07143,340.98,85,2026-08-08,1165,3.6
27.79024,76.35795,331.58,82,2026-01-31,1127,3.25
27.79718,77.76028,329.41,81,2026-05-01,673,21.92
25.32816,86.47907,388.03,98,2026-06-16,177,104.56
22.27632,80.74399,332.39,92,2026-09-06,1925,9.98
23.456,89.35006,330.39,80,2026-06-18,765,16.47
25.12971,86.70118,357.6,96,2026-06-19,317,26.02
28.40285,77.38137,357.15,87,2026-02-07,1165,61.89
22.67421,88.27784,407.95,97,2026-06-15,1686,97.9
26.15024,72.94412,402.79,100,2026-05-28,313,115.94
20.12375,71.84272,326.03,95,2026-08-15,1844,4.26
22.1922,70.8439,375.26,97,2026-08-04,971,49.53
12.93601,77.71514,376.33,91,2026-04-28,1382,100.72
17.47619,73.02301,339.82,82,2026-06-07,1878,17.37
12.92499,80.26825,396.81,98,2026-07-13,1694,113.38
22.62349,86.90811,330.35,87,2026-04-25,1619,17.94
28.0923,77.65278,312.15,62,2026-04-20,262,5.09
18.50987,73.97922,344.93,69,2026-01-27,170,8.85
25.48119,86.60312,388.38,91,2026-03-27,1056,118.65
24.46525,86.23531,333.69,95,2026-06-20,1045,7.3
23.48991,87.09593,383.84,100,2026-08-06,366,36.71
24.69244,84.87284,359.72,83,2026-04-28,18,77.85
27.24931,79.46557,341.57,91,2026-09-15,155,5.74
25.26303,75.79816,392.14,91,2026-08-25,2037,83.64
22.90983,75.65512,385.23,96,2026-06-23,298,103.55
28.52595,77.38415,374.23,91,2026-09-04,1481,58.01
18.80491,72.69083,375.83,91,2026-02-06,991,85.16
17.14831,78.70959,308.6,58,2026-08-29,779,10.32
19.91916,73.83517,402.45,94,2026-05-11,1266,37.92
23.54678,86.00023,389.75,98,2026-02-07,1016,113.99
21.98497,70.63881,391.79,94,2026-05-17,1328,33.48
31.08839,75.34185,331.85,60,2026-02-26,2213,16.16
19.41404,73.05599,395.25,99,2026-03-03,2212,117.62
26.33004,72.97548,359.27,97,2026-09-13,1145,15.09
22.11187,72.88411,391.99,93,2026-07-02,2315,103.25
32.20848,76.38003,332.32,85,2026-09-02,836,4.45
11.36681,76.5068,384.44,92,2026-01-08,2178,28.43
13.03107,80.10691,322.67,56,2026-05-24,1101,10.97
30.79894,75.97402,385.75,97,2026-04-26,498,103.78
23.34307,85.39402,390.5,93,2026-02-06,1358,98.1
23.09695,72.56183,393.47,94,2026-03-02,766,47.07
16.73038,80.44936,381.52,97,2026-01-30,2142,26.67
16.92873,82.35755,320.3,88,2026-08-02,303,24.32
21.12023,79.02198,378.15,89,2026-05-04,1548,31.79
22.11481,76.59747,322.85,81,2026-07-17,1111,11.7
22.69525,75.94898,378.31,93,2026-04-30,998,86.44
25.95042,91.66241,312.91,65,2026-01-11,683,17.82
29.4736,76.90405,313.62,51,2026-05-22,1434,8.49
25.7258,84.91868,358.69,85,2026-01-23,786,69.92
17.50091,78.55795,377.67,94,2026-09-05,555,54.42
19.21519,73.05029,355.67,82,2026-04-04,514,12.04
21.28695,78.83706,380.5,98,2026-08-19,1076,86.46
29.13881,77.01383,386.5,94,2026-09-03,1007,111.09
12.93711,77.78485,399.91,99,2026-02-01,2277,111.74
12.95575,77.66699,374.38,92,2026-09-18,1870,110.47
27.445,77.9691,388.96,99,2026-01-11,779,35.41
23.20008,72.41798,392.32,95,2026-09-14,930,69.06
21.03186,72.50183,401.01,99,2026-06-05,2104,41.89
23.49009,87.09606,391.26,93,2026-02-27,804,103.41
28.26389,77.16898,399.53,94,2026-02-06,648,119.52
17.261,79.62998,326.07,87,2026-06-18,1272,6.37
24.9281,84.88123,387.22,95,2026-04-21,1931,69.5
16.31494,80.57323,383.68,92,2026-04-26,801,34.97
22.84322,72.72696,409.79,95,2026-08-12,1393,37.27
22.96369,70.10998,322.23,94,2026-08-03,1603,21.06
23.44537,73.86451,335.49,86,2026-01-17,1167,15.01
28.59024,77.25996,388.66,95,2026-06-24,1163,103.84
24.26379,76.92163,329.94,91,2026-04-01,1358,6.86
25.57458,81.06961,334.37,82,2026-03-08,543,7.65
23.88516,85.90127,380.14,96,2026-06-17,549,63.84
17.31188,78.60708,407.16,92,2026-05-03,1610,66.96
21.13211,81.56421,382.17,97,2026-07-20,1376,101.99
22.34336,78.35171,342.24,93,2026-04-29,2111,15.58
22.11286,88.18825,377.48,100,2026-05-11,2260,103.23
30.28573,76.47573,342.26,86,2026-08-16,1594,8.37
27.04322,75.60712,396.8,94,2026-07-06,1150,109.53
12.884,80.2788,387.06,94,2026-09-15,2000,116.7
22.51452,88.47871,336.97,56,2026-03-19,2200,14.33
12.97409,80.36102,403.16,96,2026-01-02,61,62.25
23.91792,86.93316,385.58,87,2026-01-17,682,72.34
19.32124,72.77301,400.96,96,2026-08-01,592,83.77
25.1367,76.10885,344.78,66,2026-07-10,2026,9.24
16.38511,80.61905,396.76,100,2026-06-28,1925,99.0
22.23199,73.51095,408.25,96,2026-05-20,1634,65.37
22.3082,73.05471,311.56,58,2026-03-29,958,14.59
27.12825,77.77023,332.34,39,2026-06-10,1808,16.47
31.29421,75.85396,392.38,95,2026-04-16,1366,59.7
26.36409,80.19792,405.01,93,2026-02-27,2234,35.23
17.46588,82.92229,351.29,87,2026-06-22,80,72.81
27.79617,77.85986,342.76,88,2026-08-20,264,20.83
23.32639,85.08335,376.84,86,2026-03-15,300,33.17
29.51951,76.66862,354.75,95,2026-03-07,867,13.67
29.4292,76.21511,341.88,91,2026-06-04,718,12.52
29.58371,78.43051,322.05,88,2026-08-05,1772,7.85
19.88711,73.86924,406.5,94,2026-02-14,664,43.66
28.41181,77.02822,393.01,97,2026-07-11,1340,27.17
27.86233,73.17897,352.59,86,2026-05-21,280,34.98
26.30266,73.00273,375.83,89,2026-08-06,1646,70.57
23.16494,72.11006,384.54,92,2026-03-30,1332,40.13
29.58014,76.79119,398.35,92,2026-04-27,1301,32.6
17.50081,78.55809,398.31,91,2026-04-02,2285,35.13
25.1979,75.67014,407.79,100,2026-01-28,142,32.61
22.91051,88.50474,321.36,76,2026-02-14,1320,14.62
13.01918,80.37498,380.06,100,2026-01-20,54,51.74
21.32013,79.2319,360.5,91,2026-08-08,347,60.94
20.32413,72.8812,374.86,93,2026-04-12,2195,70.61
19.60212,75.60406,365.11,94,2026-06-19,1148,70.7
25.22695,86.20913,387.78,96,2026-09-18,2290,63.09
23.43301,85.40379,381.44,98,2026-04-02,2142,104.76
16.51817,80.84676,372.51,93,2026-02-18,699,50.7
28.49545,76.96683,371.65,99,2026-05-25,1334,41.23
20.23307,85.9718,393.08,97,2026-05-30,1441,35.68
30.28598,76.476,332.23,80,2026-05-24,368,5.08
22.37913,73.33298,379.57,93,2026-06-18,875,109.41
21.03181,72.50205,404.92,96,2026-05-10,1433,100.83
13.797,78.48892,325.58,83,2026-08-22,240,3.35
27.79603,77.85976,328.6,87,2026-09-10,1166,21.17
23.18812,77.60411,389.91,97,2026-08-07,272,104.88
29.28555,76.73291,384.96,96,2026-05-27,2011,29.15
17.45542,74.87761,320.26,89,2026-04-25,1420,10.6
23.08995,77.21049,375.95,92,2026-01-23,1704,55.71
22.75965,88.18501,317.91,51,2026-07-27,444,5.85
18.77101,73.54605,394.78,93,2026-08-10,48,80.98
22.34523,70.98799,408.5,99,2026-04-11,1177,66.67
29.707,77.19906,390.93,96,2026-02-18,2292,39.09
22.5002,88.47283,373.1,97,2026-05-24,671,34.03
27.7712,73.39009,404.83,92,2026-08-17,1449,76.59
19.98893,75.04698,373.26,96,2026-04-20,908,31.21
31.5371,74.76101,399.56,99,2026-08-10,2191,31.37
23.14062,77.17061,374.41,89,2026-01-06,1331,50.36
12.92483,80.26823,384.24,95,2026-05-05,786,79.03
24.56821,84.81312,374.38,92,2026-04-11,816,53.5
28.37413,77.04711,384.87,96,2026-01-31,439,40.08
28.49795,76.88225,376.96,97,2026-05-22,1773,45.79
28.74676,77.23676,378.53,98,2026-03-08,2288,37.6
31.37237,75.83291,363.24,94,2026-02-22,211,12.73
25.72396,86.09816,377.41,95,2026-05-13,1672,36.03
28.68593,77.2771,399.53,93,2026-01-26,791,69.6
17.74801,83.34018,409.78,100,2026-07-17,1348,61.27
28.27679,77.47296,377.25,96,2026-01-30,815,55.06
24.77017,85.03017,406.79,97,2026-05-29,1918,69.59
17.74795,83.34004,379.89,99,2026-07-15,1189,82.8
23.19983,72.41814,391.59,97,2026-03-19,913,65.59
28.218,77.20413,401.38,91,2026-05-14,2230,73.02
25.26292,75.79811,385.8,99,2026-09-16,2303,32.8
23.37217,86.6987,308.09,73,2026-07-16,1021,13.11
22.67385,88.27811,394.43,91,2026-05-13,2121,67.48
22.55312,70.83515,316.95,40,2026-03-23,1128,1.5
20.20893,73.10361,373.43,99,2026-02-05,250,51.0
28.37421,77.04677,395.04,93,2026-06-01,556,39.26
31.38342,75.87456,322.65,40,2026-04-15,422,16.0
26.09522,91.78901,397.95,95,2026-07-26,1072,113.9
31.4471,75.13923,375.9,83,2026-04-14,1558,63.89
19.28737,72.87621,360.86,84,2026-09-10,1889,71.4
31.66701,75.8491,398.11,100,2026-04-10,1698,117.51
23.45859,87.44888,326.79,46,2026-04-11,1124,3.04
22.97892,72.34613,406.18,94,2026-02-21,882,50.93
26.07013,91.71417,400.01,98,2026-03-29,2127,58.48
19.96301,73.63204,375.64,91,2026-05-17,656,25.76
22.33646,88.49019,329.9,63,2026-05-11,2233,15.04
29.57982,76.79097,389.49,95,2026-04-18,820,114.89
22.8398,86.19297,400.46,98,2026-06-11,2153,96.37
16.49175,80.72316,389.12,93,2026-01-10,1805,98.5
26.29915,80.64324,389.76,97,2026-01-11,1222,79.01
20.4509,85.91302,373.81,96,2026-06-14,406,85.96
25.91078,72.88187,308.49,54,2026-02-01,21,8.52
22.77475,75.76523,409.92,98,2026-02-10,525,41.61
19.095,72.91792,373.57,93,2026-04-01,1030,46.43
20.42613,72.95208,409.04,91,2026-02-25,2290,109.12
23.43302,85.40383,382.6,92,2026-09-15,811,78.14
17.69304,72.81845,338.33,90,2026-03-08,1243,15.37
9.68717,76.39492,385.74,97,2026-04-02,500,99.48
23.9856,76.70868,324.09,90,2026-03-01,539,6.93
17.60521,78.54625,397.86,94,2026-06-07,1903,88.04
23.42814,86.136,389.02,94,2026-02-21,1015,50.5
23.50197,87.50885,379.7,91,2026-05-14,504,60.54
23.5072,87.12337,356.84,99,2026-04-16,2160,51.66
17.42708,78.29321,393.36,91,2026-01-17,1616,54.16
21.25301,73.006,378.15,98,2026-07-25,353,70.35
24.56708,84.81711,370.36,96,2026-03-15,154,74.65
26.56994,80.23379,379.02,100,2026-03-28,2261,40.84
22.04197,71.06226,374.19,97,2026-04-11,237,34.78
23.06808,72.39642,346.92,66,2026-05-03,338,0.6
22.58234,85.92265,344.19,68,2026-03-17,1454,15.16
14.1247,79.39902,343.3,95,2026-07-25,308,16.77
24.46426,86.88065,329.01,82,2026-09-13,1325,9.51
22.34355,78.35183,344.52,91,2026-09-03,108,4.46
22.60685,88.12521,403.0,95,2026-06-14,1249,71.28
22.25497,88.27706,306.06,70,2026-01-06,1000,15.37
31.24779,74.92998,389.47,92,2026-05-23,1341,85.88
20.36342,73.04895,370.75,91,2026-08-17,1026,73.43
25.30477,86.14103,397.82,91,2026-07-14,2138,39.5
19.8094,71.75651,321.61,90,2026-03-06,1474,3.98
25.37954,85.88429,352.69,92,2026-07-29,2169,62.38
27.63154,76.19959,337.97,81,2026-05-13,591,7.68
26.51491,80.06449,383.88,96,2026-09-16,482,57.68
13.16322,77.64904,385.11,95,2026-09-15,1475,101.46
22.30676,70.74292,402.27,99,2026-03-14,497,118.96
20.45311,72.83117,373.04,96,2026-03-08,338,98.46
28.58983,77.25995,402.86,97,2026-07-01,438,57.8
31.02759,75.54417,311.74,35,2026-01-04,332,4.17
23.0968,72.56184,398.3,97,2026-06-18,1848,25.23
19.32113,72.77285,394.46,95,2026-07-12,2078,38.69
23.80541,87.0679,318.91,67,2026-01-21,1919,1.65
27.05716,80.75271,382.44,84,2026-01-29,731,79.19
10.33716,76.0782,340.82,86,2026-09-03,1391,9.59
22.61698,86.10815,398.59,100,2026-04-18,1151,84.48
11.06993,75.24836,326.44,95,2026-01-18,249,17.02
18.83396,73.93609,304.24,68,2026-03-27,283,15.39
22.97883,72.34579,393.13,96,2026-07-16,44,113.05
26.95788,80.83322,382.75,92,2026-04-16,1094,46.83
21.00501,79.2441,379.03,96,2026-05-07,1618,60.73
20.28694,73.73681,377.75,98,2026-05-12,1582,47.41
28.20609,73.38704,315.5,42,2026-08-03,1818,13.94
31.6129,74.69195,381.81,94,2026-04-01,656,73.23
25.25792,76.10644,314.0,38,2026-07-02,242,16.18
22.27638,80.74392,332.28,87,2026-08-18,1672,4.28
20.33209,72.65796,341.25,62,2026-06-26,1732,13.41
22.87379,86.42408,395.65,100,2026-06-02,1962,30.58
23.54719,86.0002,405.55,95,2026-02-28,93,104.9
16.40076,79.606,339.47,95,2026-09-07,2227,10.8
29.2949,77.16216,387.93,93,2026-06-26,1295,42.42
26.4008,72.81678,374.46,94,2026-07-10,1192,84.47
20.4559,73.05594,380.2,91,2026-03-14,124,38.01
18.99707,73.00496,392.53,95,2026-08-29,2165,78.41
30.71073,75.58367,344.08,53,2026-09-04,167,15.2
27.24092,80.85712,372.71,94,2026-03-07,448,101.84
11.1535,76.81909,379.91,98,2026-02-28,1855,77.73
20.97006,79.31022,400.72,100,2026-05-06,1179,57.8
28.24766,77.36676,338.35,39,2026-01-30,933,14.25
29.38135,78.11556,334.05,82,2026-04-28,2263,22.81
24.66135,85.28828,332.83,82,2026-03-05,1667,10.71
11.23876,76.86264,379.64,85,2026-03-06,236,68.51
10.33712,76.07808,328.95,90,2026-04-23,1332,19.55
17.26092,79.63003,331.29,80,2026-03-23,611,5.16
10.85423,77.11399,386.8,94,2026-04-30,793,87.08
22.86486,72.62916,404.38,96,2026-01-29,402,78.12
19.18283,72.97786,399.94,92,2026-05-25,1199,95.86
25.53711,85.26807,393.6,92,2026-06-22,1867,61.33
28.66299,77.22278,370.08,90,2026-08-05,328,29.5
18.48495,73.83638,342.33,88,2026-08-23,365,12.51
27.13806,90.72926,341.45,85,2026-07-31,119,14.67
22.69705,75.78906,393.92,95,2026-04-21,43,75.93
27.83588,73.19448,384.11,96,2026-04-17,1466,44.72
27.35261,74.08364,339.83,89,2026-09-07,992,6.71
13.12219,77.87382,376.96,100,2026-08-25,1781,111.62
26.85406,80.77691,336.9,77,2026-03-15,726,0.78
22.79971,75.90776,308.32,37,2026-09-15,671,3.99
19.34243,72.97002,358.52,86,2026-03-26,2148,38.55
19.16284,72.96122,398.92,99,2026-04-08,811,97.85
19.99726,74.02653,389.13,95,2026-02-06,1422,55.62
19.94129,75.46198,317.15,47,2026-09-04,2375,8.87
23.27387,85.42098,395.23,95,2026-09-02,1161,45.86
22.87411,86.42399,389.75,95,2026-01-24,1717,83.65
26.86793,80.75094,377.78,92,2026-08-30,1353,78.7
28.63015,76.91274,388.22,86,2026-03-25,1403,46.41
31.64551,74.60289,372.32,97,2026-03-24,2371,15.64
18.5061,73.79776,375.99,98,2026-03-01,1072,72.74
26.86817,80.75122,399.96,91,2026-01-17,1678,117.97
14.12487,79.39894,339.44,88,2026-04-15,1484,6.39
22.11514,76.59764,328.04,90,2026-04-27,914,7.11
23.68524,86.95716,384.22,94,2026-04-29,382,101.86
27.24099,80.8572,392.27,99,2026-02-08,284,89.27
20.0118,75.3794,365.52,88,2026-07-22,2109,52.6
23.41012,74.89229,342.61,90,2026-06-10,969,9.05
28.50786,77.032,388.13,100,2026-08-24,301,35.34
23.334,72.66962,311.35,56,2026-05-10,111,8.44
22.23213,73.51077,397.57,98,2026-01-03,77,84.97
27.33187,77.76205,373.85,95,2026-05-17,2207,77.88
28.48321,77.54416,391.7,97,2026-01-27,1562,101.37
25.09167,86.46698,323.17,74,2026-04-17,485,17.06
12.87782,77.55706,407.68,93,2026-09-04,741,105.43
23.37879,86.01119,403.76,93,2026-09-20,621,46.23
28.54109,77.27082,399.28,100,2026-06-27,593,68.84
18.99615,76.35326,329.15,83,2026-09-11,483,14.25
25.26425,75.81501,381.19,99,2026-08-11,2022,99.42
23.36609,85.29854,326.19,54,2026-04-10,451,4.08
10.69189,77.0969,322.74,92,2026-07-02,1443,18.04
25.42939,75.82206,316.34,76,2026-08-30,2183,5.04
21.36395,81.68787,392.56,94,2026-08-29,1262,75.91
19.23921,73.01098,328.39,84,2026-04-12,1683,23.5
25.8635,91.75766,312.86,44,2026-09-12,487,9.31
28.25291,77.45593,373.5,92,2026-05-06,969,109.24
19.80397,75.4248,389.91,95,2026-07-28,144,52.19
27.98108,73.23018,395.35,95,2026-04-23,2113,56.67
26.07594,91.55346,366.83,90,2026-05-08,1511,19.03
31.17243,75.50014,356.59,94,2026-07-13,29,55.6
23.12208,77.31915,383.74,98,2026-02-14,2349,57.97
28.3599,73.19368,313.14,42,2026-08-19,692,2.81
25.6412,86.36015,378.36,100,2026-06-04,2214,44.43
26.09484,91.78922,386.61,92,2026-01-31,2140,55.86
12.11181,79.34726,330.19,83,2026-01-29,1634,23.05
24.61865,87.09703,338.26,83,2026-06-28,651,10.92
24.66158,85.28831,322.19,94,2026-01-11,869,16.3
19.06513,72.78324,401.72,93,2026-03-24,2308,42.03
22.27879,70.66587,409.89,94,2026-06-30,2130,90.5
26.36133,80.32908,388.27,99,2026-02-24,2225,38.74
11.04417,76.81412,375.69,94,2026-06-14,1822,45.22
22.29616,70.81703,394.99,96,2026-05-10,588,57.32
25.24553,92.74803,327.71,80,2026-03-26,1044,5.39
25.66602,85.2582,388.04,92,2026-04-23,1948,88.09
22.59192,88.44121,378.1,94,2026-05-18,2326,37.13
23.38481,86.39967,335.4,65,2026-02-21,122,16.7
32.24394,76.31817,333.22,83,2026-09-15,1073,15.94
18.9844,73.20564,338.59,50,2026-03-05,2360,14.56
31.63799,76.92554,335.26,92,2026-04-05,2218,7.75
23.58886,86.03276,385.1,99,2026-01-15,1517,52.48
23.26592,77.3199,398.72,96,2026-04-05,1592,60.46
23.27388,85.42111,382.23,96,2026-02-16,1278,68.9
12.88421,80.27911,396.92,94,2026-08-20,588,75.44
25.54076,86.098,393.08,98,2026-02-04,510,87.09
28.74694,77.23695,374.87,93,2026-03-27,595,41.96
25.47973,86.12724,314.54,45,2026-05-26,2183,7.84
22.46567,73.07785,307.99,38,2026-06-15,2020,15.63
23.5242,87.2504,338.92,83,2026-01-11,642,20.52
9.68683,76.39504,401.16,100,2026-06-20,238,117.34
29.2982,76.8742,396.89,100,2026-03-20,929,115.99
29.63813,77.25518,388.36,95,2026-09-12,1646,68.13
11.04878,76.81625,386.4,94,2026-04-07,60,119.62
24.46552,86.23537,339.67,91,2026-01-11,2321,10.91
25.75404,81.86307,333.04,85,2026-02-18,822,13.78
26.43887,91.47114,304.99,39,2026-09-13,1169,2.4
20.00617,73.65221,386.5,94,2026-01-14,2257,117.27
22.80888,86.52983,401.74,100,2026-08-01,2384,30.53
28.25314,77.45602,405.37,98,2026-08-22,644,89.75
20.22322,73.6168,400.31,93,2026-03-28,779,66.43
22.96321,72.8265,365.1,97,2026-09-11,1373,41.33
22.38595,84.26858,340.42,89,2026-02-18,586,24.73
25.64082,86.36021,408.45,100,2026-07-20,1223,27.14
23.73787,87.23552,327.13,46,2026-08-24,1132,5.83
25.1802,86.39768,337.43,53,2026-02-12,131,17.8
29.48859,76.78573,355.01,89,2026-08-01,1064,74.18
19.91799,75.35422,329.66,45,2026-04-20,1919,6.57
10.73527,77.22746,318.35,45,2026-08-04,2291,6.12
22.35386,75.71902,379.48,100,2026-01-08,796,47.84
11.07004,75.2481,331.15,91,2026-04-17,2099,19.07
26.06989,91.71419,387.05,100,2026-08-19,2212,93.09
21.4438,79.31166,378.07,94,2026-01-23,1150,17.21
27.24936,79.46588,342.5,87,2026-06-02,25,19.55
10.1109,75.95986,314.4,61,2026-01-03,1459,16.27
31.31685,75.40219,381.1,96,2026-01-31,167,52.13
21.63449,69.98365,320.76,87,2026-06-25,2318,23.95
16.51797,80.84714,382.35,98,2026-04-16,905,112.03
23.60883,87.3268,383.62,98,2026-05-22,1592,47.6
17.52369,83.49287,301.73,35,2026-08-26,532,4.65
22.27896,70.66613,393.22,97,2026-03-12,300,43.95
24.57618,84.96601,381.5,93,2026-02-20,1610,31.37
11.99132,77.9467,336.81,89,2026-02-27,1972,24.28
31.79719,74.95418,400.99,97,2026-04-15,659,82.37
23.39758,77.14647,370.29,88,2026-03-23,2331,31.44
18.37851,73.69671,389.01,88,2026-08-07,2084,29.93
27.68371,78.3074,326.93,80,2026-04-06,1423,16.04
23.34189,87.04302,384.95,87,2026-06-25,1229,53.06
20.28986,73.07994,368.91,85,2026-07-10,906,71.25
27.09102,80.73042,320.77,75,2026-07-07,1399,3.8
13.26322,77.44207,393.1,95,2026-02-19,1154,46.43
21.41444,81.86916,306.16,73,2026-02-27,843,5.95
23.43285,85.40405,390.04,99,2026-02-09,1269,31.86
31.24518,75.90817,342.12,38,2026-08-19,981,13.57
22.77496,75.76486,391.72,99,2026-09-03,853,40.25
23.01124,76.02517,382.85,91,2026-01-22,1607,88.28
18.6645,73.66299,386.27,92,2026-01-14,0,42.38
25.6409,86.35985,396.57,99,2026-04-09,574,118.24
30.82315,75.87499,399.94,93,2026-08-27,1181,52.29
22.69705,75.78917,387.18,93,2026-05-07,839,115.61
19.32375,73.04797,385.54,88,2026-07-03,2013,55.72
21.50124,73.06047,339.89,61,2026-07-18,1209,15.71
19.71123,75.43689,398.48,95,2026-04-18,76,42.43
27.70041,73.63502,319.77,54,2026-07-28,1737,7.41
18.50608,73.79787,403.42,99,2026-03-23,1421,54.04
23.03912,69.74429,329.23,93,2026-08-22,2047,20.86
26.02491,73.21184,374.42,95,2026-01-19,793,35.46
26.40884,91.90317,393.38,94,2026-01-22,1800,83.55
21.2942,81.64284,401.81,97,2026-06-07,1763,108.09
12.9612,80.21697,384.74,96,2026-06-06,2202,51.1
23.00714,86.28403,394.21,96,2026-07-11,1870,79.3
20.28483,74.00756,388.09,96,2026-06-22,2127,63.61
13.13716,77.9068,316.23,71,2026-01-27,1518,12.55
27.29077,77.65921,303.89,35,2026-06-18,2193,17.73
20.59843,73.01761,382.42,91,2026-03-06,143,49.95
22.60686,88.12502,379.62,99,2026-07-07,2169,30.26
23.43523,77.37481,407.42,99,2026-01-22,1556,83.48
26.7609,80.3165,346.91,41,2026-03-31,1524,5.75
26.84335,90.66907,339.23,87,2026-06-08,1848,15.14
18.91289,72.99004,345.68,73,2026-01-12,1253,5.05
25.1609,75.93521,390.74,99,2026-08-07,932,70.07
17.24596,81.34326,326.45,80,2026-07-31,615,16.28
27.30286,78.12146,361.43,90,2026-08-10,332,58.52
22.55985,88.19317,384.89,100,2026-05-16,327,103.14
23.79121,86.82067,355.87,86,2026-06-12,1875,76.43
26.09521,91.78887,397.35,99,2026-03-27,2335,84.92
22.69515,75.94914,403.45,94,2026-01-10,1313,49.44
32.24419,76.31827,344.95,82,2026-07-12,932,18.62
30.92903,75.53409,343.67,89,2026-09-18,2197,4.58
26.48818,80.34613,401.07,97,2026-01-23,2199,45.46
23.60214,87.03621,372.87,99,2026-08-31,706,93.25
22.86497,72.62894,372.32,100,2026-06-26,87,33.52
19.88703,73.86888,372.52,96,2026-01-13,814,113.58
23.40778,74.04727,338.97,86,2026-05-09,806,17.25
31.01285,75.77288,404.41,93,2026-03-10,1453,34.87
28.65409,77.09678,385.21,93,2026-03-11,752,118.06
20.42592,72.95181,399.24,97,2026-01-12,1729,59.38
29.27347,77.10862,353.04,83,2026-03-05,2050,17.19
13.84357,76.50763,342.98,92,2026-03-19,1102,7.62
22.60699,88.12515,382.85,98,2026-09-10,551,66.27
27.9968,73.05346,316.81,42,2026-03-08,1199,7.49
18.42391,73.96685,387.81,100,2026-02-03,1104,42.11
21.00501,79.24412,395.5,96,2026-04-28,2200,108.1
22.35509,73.21121,387.71,91,2026-04-26,1129,78.78
21.26096,72.90117,344.45,37,2026-02-10,1873,2.28
26.57003,80.23418,381.34,100,2026-08-01,1077,68.59
20.58218,76.08399,324.38,80,2026-01-06,1350,15.46
21.17914,71.96098,332.67,81,2026-08-26,1334,16.09
23.6131,85.80533,326.1,37,2026-03-19,757,3.21
19.77553,71.99681,326.06,92,2026-06-26,1936,3.37
9.94624,76.2602,374.54,94,2026-03-22,288,28.78
21.16592,72.58903,384.46,99,2026-04-28,972,78.87
26.13764,74.82046,334.9,95,2026-08-26,1529,12.54
18.60658,73.97594,378.86,94,2026-05-15,893,79.63
12.92521,80.26805,382.58,93,2026-02-04,907,43.15
22.9815,72.69603,332.22,61,2026-03-16,2258,5.38
23.11106,85.31314,405.78,95,2026-03-07,29,63.7
23.69189,86.88482,399.32,91,2026-06-04,2025,77.66
22.80906,86.19925,384.62,93,2026-09-16,1637,96.3
26.3808,80.38794,376.11,95,2026-07-10,364,83.62
18.51188,73.95787,378.99,96,2026-08-15,1612,95.77
23.62498,86.33617,394.44,98,2026-08-14,2309,61.33
25.20775,90.77138,337.07,90,2026-06-19,1208,4.17
9.68697,76.39487,375.34,95,2026-07-07,352,70.52
12.73409,79.88191,388.92,96,2026-01-31,831,52.59
23.34377,77.40001,376.79,99,2026-08-20,2206,93.22
20.45085,85.91297,404.96,93,2026-05-03,748,48.53
21.03216,72.50203,397.0,91,2026-02-14,1312,102.01
16.662,80.71296,381.6,96,2026-02-24,2059,51.14
25.56877,85.16376,375.42,97,2026-06-15,1570,71.95
31.49956,75.54413,315.35,40,2026-09-13,1723,6.08
20.28789,85.73196,372.49,92,2026-02-15,755,80.57
20.05188,72.744,400.55,100,2026-07-01,555,83.89
13.00292,80.13003,384.56,100,2026-08-16,2019,91.05
28.18563,77.66271,315.21,72,2026-08-28,1810,11.31
28.4681,77.17177,346.89,38,2026-04-29,2093,11.71
27.56638,75.06486,343.3,90,2026-08-08,1296,14.44
32.49156,75.58244,341.72,84,2026-06-20,153,16.89
26.74377,75.59682,390.24,97,2026-03-30,1484,114.28
25.53707,85.26803,382.04,94,2026-05-18,1309,117.87
20.35948,85.62434,382.03,90,2026-07-15,262,40.48
26.95781,80.83277,390.86,97,2026-03-29,706,107.36
24.9279,84.8812,394.47,98,2026-02-15,53,103.07
16.39216,80.59024,386.36,96,2026-08-22,1726,40.9
24.76987,85.0301,386.09,91,2026-03-29,1097,86.26
31.52216,75.13562,357.31,91,2026-04-05,659,19.58
24.46445,86.8809,331.54,91,2026-02-12,1294,19.01
23.19581,85.30524,380.26,93,2026-02-09,1958,95.2
23.84016,87.10876,389.25,92,2026-09-02,149,96.79
20.28778,85.73181,405.46,100,2026-03-24,1375,113.2
17.5064,78.25731,385.77,86,2026-03-05,1716,22.58
28.66301,77.13843,342.59,62,2026-06-11,2377,13.95
31.02006,76.00099,385.35,100,2026-02-06,940,84.84
20.02916,85.83198,319.05,72,2026-03-01,410,14.15
26.96019,78.06803,347.25,47,2026-08-21,2328,15.5
31.29421,75.85412,378.74,97,2026-09-17,349,82.21
23.23653,72.44068,388.12,96,2026-03-06,2296,69.02
21.25861,81.64999,329.83,39,2026-03-21,1975,2.12
23.3201,77.58806,387.29,93,2026-09-12,1233,57.08
23.88031,85.96207,352.87,91,2026-03-25,2225,23.88
18.84785,74.66056,322.61,95,2026-01-12,1383,3.18
28.50798,77.03217,382.08,96,2026-09-19,1325,52.58
20.45381,85.60003,392.36,99,2026-02-17,2024,68.26
27.24796,78.19183,388.76,97,2026-03-18,2358,87.11
23.34413,77.39988,373.64,100,2026-05-05,461,62.91
13.20684,77.81593,365.17,95,2026-08-04,329,44.11
23.18783,77.60414,373.66,98,2026-02-22,64,58.72
19.28412,74.44508,337.19,93,2026-04-01,1030,19.7
22.77519,75.76491,409.51,91,2026-03-27,613,96.9
22.11293,88.18817,399.86,97,2026-06-24,2055,81.22
22.77626,75.60035,304.66,35,2026-01-21,2084,0.53
26.32092,72.8824,347.64,63,2026-01-24,995,6.21
30.74923,75.82716,402.95,91,2026-08-06,1288,33.95
21.11216,81.89214,408.68,99,2026-06-15,691,112.35
10.15175,76.07079,379.4,92,2026-07-03,1285,99.33
28.74706,77.23706,375.07,92,2026-06-03,67,43.82
10.84894,77.2688,333.04,78,2026-03-07,1005,6.05
20.68687,74.55341,321.08,91,2026-07-24,600,9.31
20.16689,72.97388,373.71,92,2026-08-10,1108,69.4
25.3048,86.14095,384.61,95,2026-02-15,510,72.15
31.17776,75.97699,351.3,91,2026-06-06,1608,62.23
18.65492,74.01365,338.45,37,2026-07-13,1548,5.61
17.18061,78.55459,351.01,87,2026-02-23,863,32.13
22.88895,88.18545,312.02,43,2026-03-20,2113,14.86
20.11611,73.90104,396.56,98,2026-04-14,2005,98.82
22.60681,88.12514,400.68,98,2026-04-20,1324,86.26
26.1551,72.9732,406.04,94,2026-01-13,490,52.03
24.14173,74.92173,327.67,88,2026-06-13,249,15.28
23.96601,85.82528,300.8,46,2026-01-27,2335,2.92
17.4272,78.29322,386.15,93,2026-02-26,101,45.19
17.5008,78.5579,399.29,97,2026-01-13,463,26.03
22.80897,86.53024,409.62,100,2026-07-13,1016,27.2
28.37393,77.04678,402.08,95,2026-04-08,1179,108.65
18.08057,72.03516,329.86,81,2026-07-09,1214,23.16
27.07063,72.19028,324.44,82,2026-03-19,2343,15.27
19.0282,72.80885,376.64,95,2026-07-21,1467,95.93
12.88396,80.27919,389.87,93,2026-09-04,939,31.19
27.63159,76.19988,329.51,94,2026-04-01,2393,23.89
26.43023,91.99048,381.65,90,2026-04-11,2263,45.47
26.23967,72.82352,304.97,68,2026-02-07,1114,4.58
20.23288,85.97187,407.59,93,2026-03-01,883,45.24
16.52008,80.41096,392.35,98,2026-03-16,1730,60.63
29.68443,77.06087,332.68,68,2026-04-02,2114,11.64
25.83525,85.16193,362.08,97,2026-08-09,1437,31.03
23.11078,85.31312,389.25,93,2026-02-23,314,83.95
23.05974,86.2284,379.68,93,2026-01-30,1186,72.95
21.3566,81.58058,326.06,53,2026-02-26,270,2.68
18.97029,72.86161,378.44,82,2026-06-03,2256,67.3
20.80679,72.67813,397.91,91,2026-01-16,1403,42.71
15.47909,79.97991,322.19,84,2026-07-21,397,24.64
19.86384,75.60074,310.41,53,2026-06-18,1689,14.38
22.80937,87.10188,323.54,93,2026-05-10,2049,11.0
23.57698,87.17479,375.38,88,2026-05-14,2182,44.91
25.19624,75.92387,372.75,91,2026-05-24,1453,113.09
26.75113,75.62703,388.4,99,2026-08-16,1599,67.99
20.28268,72.93941,306.23,73,2026-03-05,1656,9.49
26.26102,73.38815,381.21,95,2026-05-16,1477,94.91
22.35516,73.21084,383.05,98,2026-01-13,48,82.32
17.09962,78.38055,322.36,39,2026-04-18,1466,5.39
20.16583,73.69378,376.03,93,2026-07-09,1246,35.64
31.53688,74.76101,409.76,97,2026-03-18,1224,66.77
30.79904,75.97395,401.81,92,2026-07-30,494,72.88
23.37881,86.01081,405.82,93,2026-03-29,1975,76.82
26.40917,91.90313,406.88,95,2026-01-10,58,56.1
28.5116,77.29958,385.33,92,2026-05-12,628,51.99
25.03859,84.65163,315.43,65,2026-04-08,1545,12.6
21.17599,72.56464,319.24,50,2026-04-24,616,13.06
22.70394,88.27177,337.45,75,2026-07-27,395,14.99
21.28722,78.83716,386.2,95,2026-03-20,793,97.25
19.02792,72.80902,407.58,93,2026-04-17,666,47.71
19.1491,72.77055,336.9,56,2026-07-26,567,10.85
16.39205,80.58986,406.84,99,2026-03-10,1190,119.03
11.88972,78.43606,343.24,87,2026-05-11,2068,10.21
26.06823,91.7621,389.6,99,2026-05-02,278,97.9
21.98518,70.63882,377.19,96,2026-07-03,1046,59.57
28.82805,77.55201,409.94,92,2026-02-04,1460,77.4
12.98133,77.33384,337.85,48,2026-03-02,2321,7.05
26.72415,80.84822,375.25,95,2026-02-11,408,80.77
18.48482,73.8365,344.44,81,2026-02-20,1380,24.61
23.60576,85.40194,379.26,97,2026-09-09,413,118.05
22.83116,72.33021,361.18,85,2026-09-07,1712,22.71
28.65413,77.09703,396.01,99,2026-03-10,1494,64.59
20.998,86.94407,335.53,83,2026-03-24,1975,7.32
21.9015,73.70685,321.45,80,2026-02-08,1612,22.27
19.55578,75.56983,374.91,97,2026-04-12,2279,44.88
26.23552,91.81149,302.91,72,2026-05-12,152,16.03
10.15181,76.07112,390.89,91,2026-06-29,1592,91.24
21.38522,81.40281,389.55,94,2026-07-15,1025,52.14
20.0641,75.30867,379.97,97,2026-09-16,152,23.23
28.32269,76.31004,336.74,86,2026-07-21,1785,12.33
22.76903,72.29341,333.62,68,2026-07-08,365,11.26
22.62157,75.74839,362.7,84,2026-08-16,1189,40.16
23.88183,86.97582,372.15,99,2026-04-02,1236,37.93
21.09896,72.78287,389.38,98,2026-04-06,1423,82.35
31.04983,75.58811,314.45,62,2026-03-01,1416,17.39
26.66778,80.96193,405.06,94,2026-07-02,1294,67.99
19.02353,73.10164,353.85,93,2026-01-13,2386,41.5
28.37405,77.04687,391.58,96,2026-07-12,539,93.31
18.92585,72.70957,323.51,69,2026-03-31,2399,2.7
26.40093,72.81715,394.47,93,2026-06-10,866,106.45
9.64977,76.67394,403.07,99,2026-08-19,1390,116.41
17.67882,83.44222,394.61,99,2026-07-13,2223,108.7
28.44982,76.7608,392.96,95,2026-03-17,1342,62.77
10.76563,77.24633,353.79,90,2026-01-14,981,47.7
24.46012,87.26014,334.27,80,2026-05-06,964,17.41
28.69393,77.24275,406.69,93,2026-03-18,1748,85.88
22.64694,88.38199,390.17,91,2026-04-02,892,96.92
25.22724,86.20918,379.33,99,2026-08-24,816,81.18
21.09403,78.76609,380.8,96,2026-02-27,1788,57.4
24.14186,74.92143,324.86,95,2026-06-06,252,9.88
21.53198,81.75485,353.6,82,2026-02-14,1884,16.56
23.1221,77.31917,386.39,91,2026-06-09,1612,46.42
17.89359,83.16403,306.58,35,2026-05-01,1741,4.19
23.19581,85.30507,376.87,97,2026-08-22,125,107.39
27.04319,75.60699,400.2,96,2026-02-08,1679,83.86
25.26393,75.81476,385.44,95,2026-09-01,10,55.32
22.60706,88.12515,396.12,99,2026-06-29,464,38.39
27.86289,73.43486,383.32,93,2026-04-30,1390,114.63
11.13897,77.03794,386.05,94,2026-01-09,373,95.42
26.95823,80.83294,391.5,95,2026-01-12,1648,49.83
27.04595,78.06824,392.87,100,2026-07-19,2237,54.27
22.32187,72.84391,319.95,50,2026-07-17,1209,3.27
25.3838,86.21294,379.17,98,2026-05-09,943,117.55
23.60223,87.03578,389.54,94,2026-08-11,1914,38.89
20.51423,85.57789,391.37,97,2026-09-07,2328,59.25
23.33761,85.99812,329.26,64,2026-09-20,2151,11.49
20.06635,73.01544,318.19,50,2026-06-27,1516,12.71
26.07006,91.71403,409.72,99,2026-03-21,1146,29.01
20.04388,85.66164,370.56,92,2026-09-12,1817,77.34
13.19924,80.54381,364.69,88,2026-08-10,2352,34.58
22.11281,88.188,389.54,96,2026-04-28,1287,27.24
22.366,73.1472,394.21,97,2026-06-05,1305,84.21
25.75392,81.86301,325.48,84,2026-04-17,1359,16.53
24.26984,86.06524,328.17,94,2026-09-19,1911,20.26
22.58691,75.88108,375.39,96,2026-03-19,2394,45.28
23.07591,73.04584,374.85,98,2026-09-03,1050,42.37
11.07022,75.24849,338.38,89,2026-06-30,808,7.68
28.46805,77.09298,403.24,95,2026-07-31,389,93.0
25.68814,85.10123,372.45,83,2026-05-02,883,53.73
18.99172,72.92552,376.5,95,2026-05-03,355,53.75
26.11882,76.87835,320.36,90,2026-02-26,1945,17.77
27.13775,90.72926,332.16,83,2026-06-25,2383,9.13
26.48407,73.03283,314.91,75,2026-05-03,1604,2.13
26.65013,80.91494,363.9,83,2026-08-12,982,13.14
20.12399,71.84261,336.61,92,2026-07-23,2377,17.96
24.46007,87.26049,338.54,89,2026-04-03,2303,11.24
23.26578,77.31986,395.41,93,2026-05-12,1250,47.29
22.1716,71.12775,335.78,60,2026-02-27,1485,9.36
20.42617,72.95224,382.4,98,2026-05-02,2239,96.77
23.606,85.40205,376.65,100,2026-07-10,390,66.11
12.99303,80.36096,389.89,97,2026-04-07,2016,108.35
23.12254,77.15036,324.17,58,2026-06-29,2018,16.96
23.91548,71.66083,321.46,84,2026-07-23,1174,10.86
18.51221,73.95782,406.05,93,2026-03-12,218,107.45
29.23571,78.17655,339.47,94,2026-03-28,691,21.26
28.917,77.44981,328.06,69,2026-04-27,81,14.11
21.27976,81.80878,392.16,94,2026-07-17,491,97.78
20.42322,85.7289,400.16,99,2026-08-16,1803,27.18
23.75405,87.24393,391.87,94,2026-07-29,750,35.8
22.69715,75.78885,384.34,93,2026-04-17,1284,74.37
26.45011,72.71711,398.63,99,2026-03-06,1749,32.41
19.49217,73.27099,387.74,98,2026-06-11,1332,99.77
21.24912,72.71977,402.65,94,2026-08-10,2134,37.26
26.13764,74.82041,321.39,87,2026-01-10,1310,24.1
28.36324,77.28176,407.24,97,2026-04-24,784,33.54
16.51996,80.41104,406.62,98,2026-08-01,1455,91.95
22.28608,73.18375,404.84,97,2026-09-17,2090,104.63
22.81344,88.12419,375.15,98,2026-09-18,2268,21.5
18.50525,73.89126,356.36,93,2026-05-12,704,45.31
19.24895,72.47912,396.2,92,2026-03-26,1806,93.39
18.29922,73.58315,359.74,82,2026-07-27,1392,40.75
23.7539,87.2441,389.83,92,2026-01-25,141,111.03
18.99596,76.35321,331.98,83,2026-01-07,658,14.99
26.95488,80.8872,339.74,62,2026-05-03,1110,2.06
23.43411,85.27897,400.64,98,2026-02-12,1446,76.1
29.55838,77.23075,337.09,55,2026-07-15,1658,10.13
26.92389,81.16122,406.36,98,2026-01-31,679,67.86
27.96013,76.89829,343.91,87,2026-08-21,774,21.59
21.07917,81.49311,385.83,99,2026-04-25,152,65.15
26.12696,91.49656,332.6,37,2026-05-24,1177,16.56
23.4785,85.4339,368.75,86,2026-02-28,2331,47.19
26.364,80.19805,396.03,98,2026-05-07,632,63.06
9.79328,76.51651,302.57,52,2026-02-23,847,3.41
13.13773,77.36718,313.4,65,2026-05-21,1340,14.74
26.93983,75.83105,383.99,93,2026-04-03,1418,66.78
16.67752,80.55227,357.83,86,2026-07-05,1439,64.25
18.48901,73.56707,303.51,69,2026-03-06,1851,2.04
21.09395,78.76613,386.2,95,2026-08-27,673,105.73
17.51121,83.19598,377.06,100,2026-07-22,1278,61.75
17.4553,74.87766,329.48,81,2026-07-28,1228,14.59
10.77769,77.41711,333.13,87,2026-01-31,2027,9.7
30.74922,75.82696,373.9,100,2026-02-07,514,66.26
22.95519,72.6878,382.81,98,2026-01-20,1581,67.27
16.56013,80.73608,374.83,93,2026-08-13,649,13.13
25.09503,72.20659,337.83,92,2026-09-10,454,13.53
10.22422,77.6309,322.89,88,2026-08-22,1456,13.75
22.5922,88.44114,387.11,99,2026-03-04,710,48.12
25.15496,86.73587,363.02,87,2026-09-14,1100,69.61
25.19792,75.67006,379.07,91,2026-06-24,270,102.35
29.1003,72.43302,323.9,95,2026-05-23,1230,7.98
24.73406,85.00882,399.55,95,2026-01-04,1613,35.38
21.28312,81.44005,321.09,37,2026-07-31,323,10.46
22.86514,75.51952,336.15,67,2026-03-09,2141,13.57
17.13964,78.40096,330.97,64,2026-08-26,1558,11.77
25.36571,86.09946,353.12,91,2026-02-03,1058,76.18
17.04955,78.23533,315.63,62,2026-04-09,921,5.9
24.71782,85.8215,335.5,90,2026-06-04,2135,5.8
28.88511,77.26763,301.35,40,2026-06-16,609,1.89
25.54105,86.09798,392.74,96,2026-05-01,322,34.01
25.48111,86.60292,378.05,98,2026-09-20,1150,101.01
28.46793,77.09286,376.75,95,2026-09-03,739,111.11
16.25376,80.31213,398.68,95,2026-07-30,1666,44.71
21.96097,80.49432,322.73,88,2026-08-20,211,12.26
25.08275,86.23521,319.84,61,2026-08-23,2273,16.84
17.41475,79.83319,333.96,92,2026-07-12,1465,24.54
31.02019,76.00081,400.82,91,2026-09-19,850,55.31
21.1256,81.9474,324.63,45,2026-03-31,1366,17.04
25.86104,84.70113,391.97,98,2026-05-04,957,88.19
16.31503,80.57298,373.69,95,2026-06-07,858,67.05
20.88176,72.96509,374.67,96,2026-07-19,1477,53.32
23.02159,85.9661,369.99,94,2026-04-05,424,16.44
27.17959,75.4593,334.56,70,2026-01-29,1293,7.16
20.16606,73.69416,409.56,99,2026-02-03,1201,44.52
28.69415,77.24318,380.36,93,2026-05-20,1938,95.33
26.52795,80.20171,336.91,38,2026-06-01,2110,17.94
28.87089,77.67091,372.92,96,2026-04-20,1160,32.6
31.47708,74.86888,401.44,97,2026-08-24,344,113.96
10.75785,76.82438,306.37,47,2026-07-28,1216,3.97
18.14931,79.27419,339.61,89,2026-09-09,991,24.78
27.86309,73.4349,399.56,95,2026-07-12,1179,79.4
28.44895,77.03402,405.21,98,2026-05-01,174,69.14
22.8092,87.10189,325.41,84,2026-06-22,2357,7.85
23.11085,85.31309,400.91,91,2026-08-15,33,81.48
31.41113,75.55682,364.09,84,2026-03-26,809,72.5
26.44869,79.05965,333.42,94,2026-02-22,1914,13.24
23.60599,85.40195,383.09,93,2026-07-17,2136,46.14
31.294,75.85388,373.43,95,2026-07-29,254,94.51
29.2978,76.87381,395.79,95,2026-01-05,2252,51.1
22.30721,70.7429,372.12,100,2026-04-12,648,44.94
28.89542,77.49916,380.25,88,2026-08-22,692,43.45
27.18824,78.08401,372.45,99,2026-03-21,1728,54.7
31.51678,74.71238,310.73,54,2026-05-01,108,11.79
28.21819,73.54206,321.84,50,2026-02-10,1455,17.97
25.60918,85.44676,409.61,92,2026-06-17,2104,51.85
23.27388,85.42111,387.26,100,2026-08-24,495,109.22
27.84778,73.23178,398.05,95,2026-08-19,64,51.43
29.13911,77.01393,399.65,95,2026-06-19,1108,54.02
18.48496,73.83639,332.42,87,2026-05-06,1074,8.01
19.03644,73.19534,311.3,73,2026-01-17,881,7.77
28.2811,76.8552,376.65,96,2026-04-04,1604,76.77
17.60502,78.54624,394.0,97,2026-07-14,2065,53.15
28.48301,77.40596,386.7,94,2026-03-14,793,57.94
25.99942,81.76238,333.09,80,2026-05-08,2039,6.65
12.99277,80.3611,393.15,96,2026-05-07,2244,102.48
9.77633,76.40057,344.52,51,2026-08-10,1880,12.33
19.51099,72.89084,380.17,97,2026-04-01,1090,51.76
26.009,73.29196,374.38,92,2026-07-29,1852,115.66
10.0928,76.10886,386.41,95,2026-01-19,1719,40.58
29.7069,77.19896,394.12,97,2026-08-03,2216,117.68
28.8776,76.95118,361.43,97,2026-02-16,2366,62.84
31.7818,75.03644,304.81,44,2026-03-20,637,9.95
18.27739,77.36405,332.85,91,2026-05-28,755,5.26
20.16579,73.69392,385.3,96,2026-01-06,625,88.0
13.02978,77.48045,355.13,96,2026-06-09,285,14.41
25.63798,86.0542,397.12,100,2026-01-18,1374,68.26
21.27985,81.8089,392.06,99,2026-08-26,956,98.31
24.05495,86.23249,343.76,81,2026-04-01,2065,7.55
9.90268,76.16372,374.15,98,2026-06-28,2304,19.6
12.95616,77.66692,382.12,95,2026-07-13,1200,99.89
19.16282,72.96091,389.4,92,2026-03-16,787,72.6
25.54117,86.09816,396.84,100,2026-08-15,2187,63.25
23.50207,87.5091,390.91,98,2026-03-27,1549,119.58
19.91567,75.23067,330.75,40,2026-02-10,463,2.68
31.2482,74.92985,405.6,93,2026-05-04,2238,68.16
26.06983,91.71382,382.77,92,2026-01-04,1082,57.73
21.94009,76.53365,330.11,94,2026-01-06,997,16.99
26.04981,85.38438,341.53,87,2026-03-30,994,18.91
30.82313,75.87477,399.58,93,2026-04-22,1024,114.51
23.69175,86.88482,384.79,93,2026-06-11,1822,44.83
21.07596,81.74359,339.45,72,2026-05-02,884,13.76
21.27978,81.80897,400.11,93,2026-04-06,1593,103.28
22.20748,80.03341,328.69,85,2026-06-26,1636,3.38
22.68454,72.41334,307.1,49,2026-09-20,1558,2.66
29.36701,77.01905,402.94,94,2026-06-05,1915,86.42
16.64805,80.33306,339.25,72,2026-09-08,1246,17.47
28.63729,77.61791,378.21,93,2026-07-26,1020,33.63
23.46114,85.92226,387.6,89,2026-02-09,1341,72.72
31.44114,75.71089,409.84,91,2026-09-14,1418,36.85
28.49795,76.88214,387.86,99,2026-01-18,2048,55.88
22.62812,86.0317,363.47,90,2026-02-21,541,25.05
21.1963,79.05512,312.64,61,2026-03-13,945,17.24
16.5178,80.84705,404.08,93,2026-01-10,1812,116.31
25.60308,84.90303,378.47,99,2026-01-01,107,71.75
19.11858,72.72431,341.48,62,2026-01-07,50,5.66
23.12584,85.40853,338.95,76,2026-06-05,1348,2.04
11.04895,76.81609,390.67,94,2026-08-12,2281,33.31
12.89652,80.30746,341.96,38,2026-08-29,1539,11.66
22.55976,88.19276,406.48,95,2026-03-26,2384,74.29
19.2029,72.82255,385.85,84,2026-07-08,1060,42.4
21.98477,70.63919,406.38,99,2026-07-14,1855,62.49
25.01907,75.64879,392.48,93,2026-06-30,206,42.35
22.82887,86.00988,314.48,65,2026-04-03,889,8.63
26.47911,80.34579,359.65,91,2026-04-12,2106,36.46
22.71007,88.1103,326.29,35,2026-09-18,776,8.05
12.99306,80.36099,395.42,98,2026-08-09,1426,39.32
22.28579,73.18389,396.3,97,2026-04-18,98,92.17
20.35152,72.96842,339.77,66,2026-05-01,523,12.4
26.34046,80.1508,371.83,98,2026-07-23,447,57.02
13.0758,80.3754,334.51,55,2026-03-27,2389,15.34
31.15471,75.67094,346.55,48,2026-02-28,1145,14.19
23.77211,87.13311,406.48,95,2026-05-05,293,89.23
26.99473,78.23351,360.76,97,2026-01-06,2009,77.75
13.84379,76.50797,321.87,92,2026-04-15,632,12.21
9.19197,75.18716,337.91,92,2026-07-22,1753,4.53
26.17804,91.76224,372.19,92,2026-08-01,1315,27.52
22.87414,86.42419,374.32,93,2026-08-10,1140,113.77
28.69385,77.24321,382.54,95,2026-04-22,1162,108.64
27.90699,73.13903,378.24,96,2026-06-29,697,81.0
25.30101,86.59417,378.31,99,2026-07-12,600,45.96
25.79319,76.82923,337.62,83,2026-03-14,1677,19.03
20.05221,72.74425,403.78,94,2026-03-25,1949,57.26
19.88815,75.71523,374.81,95,2026-01-29,2272,79.78
21.09401,78.76606,376.75,98,2026-09-01,1437,73.83
28.06925,73.34707,399.31,93,2026-04-08,547,39.79
20.10555,73.84163,352.11,88,2026-05-13,884,15.41
21.98477,70.63915,376.86,100,2026-07-15,2170,44.94
18.29274,73.87481,376.41,89,2026-01-26,2289,64.84
19.42381,86.70899,330.5,92,2026-02-03,761,7.08
17.44305,83.44462,346.88,73,2026-07-30,257,2.54
26.00895,73.29199,382.83,93,2026-02-18,1243,67.51
26.36185,80.5939,380.75,91,2026-08-19,1304,119.33
28.2178,77.20398,407.32,93,2026-04-16,53,96.86
25.71722,85.3019,375.67,95,2026-05-04,2046,94.8
28.50016,77.30676,401.94,98,2026-01-13,1965,55.84
25.69097,85.01271,351.19,93,2026-06-08,987,60.56
18.77108,73.54609,376.96,98,2026-03-29,1919,35.66
19.18295,72.97808,380.98,92,2026-01-16,1898,118.63
27.55433,77.94294,329.64,91,2026-07-07,385,8.2
19.80379,75.42523,400.71,99,2026-08-27,607,117.32
31.0786,75.705,329.8,61,2026-03-26,811,10.45
21.17627,81.53061,359.34,96,2026-03-08,2365,39.71
28.37524,77.40397,351.89,94,2026-08-26,1889,48.1
21.33567,81.37984,365.37,92,2026-02-23,31,58.09
22.0101,73.48869,319.54,59,2026-05-08,1168,15.06
23.60184,87.03605,406.63,92,2026-07-11,2003,30.39
20.88222,72.9652,375.63,95,2026-01-09,1394,35.09
22.83596,75.58967,308.82,40,2026-06-03,390,11.89
21.185,72.66969,314.58,41,2026-02-01,1559,16.06
10.69175,77.09687,336.05,85,2026-04-15,59,5.85
23.43307,85.40407,387.03,96,2026-09-14,1295,72.48
27.79697,77.76026,320.28,88,2026-09-19,1183,16.87
11.88995,78.4363,322.87,89,2026-07-23,276,4.71
12.19367,78.51054,339.16,90,2026-01-25,1036,17.14
23.61471,85.32398,388.08,98,2026-03-09,1057,78.07
22.91088,85.97034,377.12,91,2026-02-13,265,76.71
21.93982,76.53397,331.64,88,2026-01-23,1974,20.38
25.15295,86.56204,372.19,95,2026-01-28,975,59.95
17.57506,83.29416,383.01,92,2026-04-07,1567,116.08
28.63808,77.37277,387.03,93,2026-04-22,686,117.19
20.20225,80.4907,340.07,85,2026-03-12,886,11.53
22.67384,88.27794,405.39,98,2026-01-10,1086,62.55
28.50628,76.78175,306.31,66,2026-09-17,1054,11.09
27.44499,77.96886,384.09,91,2026-02-04,271,112.58
23.66798,86.28865,381.45,85,2026-02-03,854,50.97
20.45278,72.83099,376.83,96,2026-09-08,2098,84.54
19.88712,73.86915,376.58,96,2026-06-08,95,53.64
23.16519,72.11013,376.35,98,2026-02-06,1245,98.28
25.19608,75.92379,393.59,98,2026-02-28,2042,108.49
23.05678,77.24096,394.39,98,2026-07-09,426,28.03
24.92813,84.88091,388.73,99,2026-03-05,1128,45.59
23.00689,86.28392,400.43,95,2026-07-03,503,44.62
20.8429,79.06802,381.08,96,2026-05-23,1159,104.48
23.68488,86.95704,390.28,96,2026-08-27,300,118.22
24.89594,84.95911,310.69,67,2026-06-06,15,8.22
28.48289,77.54376,379.5,99,2026-04-11,500,96.62
20.52826,72.97655,370.55,85,2026-09-01,887,34.51
29.51853,77.17041,303.7,60,2026-06-02,1271,4.17
24.24676,87.5714,336.39,82,2026-01-01,343,22.68
12.884,80.27909,384.06,94,2026-06-19,734,36.98
27.08054,74.01363,334.21,83,2026-03-19,1239,3.87
12.96123,80.21676,392.45,94,2026-02-05,1813,102.96
28.48293,77.54386,377.37,95,2026-06-22,1867,105.58
27.0698,73.69622,337.37,81,2026-01-18,662,23.4
18.71609,73.90304,399.46,94,2026-07-19,1233,32.55
23.33764,87.47446,356.68,86,2026-07-07,951,43.92
12.88887,77.27697,385.74,91,2026-08-22,1254,112.98
12.20423,81.41169,338.09,89,2026-03-17,1350,4.37
23.44554,73.86457,336.0,90,2026-07-18,952,12.1
21.2993,72.57106,388.0,93,2026-09-02,11,70.85
28.69387,77.24279,409.76,100,2026-09-14,331,25.79
18.08042,72.03551,333.75,82,2026-07-19,477,14.99
24.61839,87.09701,328.29,80,2026-03-26,376,5.47
17.2462,81.3434,337.88,84,2026-05-22,639,23.82
21.36637,72.01882,337.19,82,2026-01-03,2389,21.18
28.21784,77.20415,375.91,92,2026-02-27,546,106.89
22.24211,70.82414,385.18,97,2026-08-31,1975,116.59
11.04407,76.81398,379.94,91,2026-01-07,1270,39.05
23.60889,87.32714,376.18,94,2026-05-04,456,40.99
12.11171,79.34741,335.82,90,2026-03-02,1967,11.78
23.07584,73.04594,383.29,96,2026-04-27,2038,66.22
23.16483,72.11021,377.75,92,2026-05-24,2048,29.59
23.04516,85.42916,369.43,93,2026-07-04,85,23.47
10.92666,77.24946,369.14,91,2026-05-14,753,68.59
9.91531,76.32447,327.93,50,2026-09-16,1430,16.7
30.74917,75.82715,389.32,91,2026-02-17,1904,56.29
19.17501,73.12025,398.73,96,2026-07-24,1905,111.14
20.61385,73.03176,383.25,95,2026-08-08,1214,79.69
29.23567,78.17651,342.39,91,2026-08-03,1266,15.24
25.48103,86.60293,379.29,96,2026-05-25,2379,119.74
27.81892,73.37717,400.87,95,2026-02-01,979,60.76
26.18756,91.39751,316.38,36,2026-01-11,176,17.4
26.719,75.75401,406.56,97,2026-09-01,1900,37.31
23.34316,85.39402,398.1,97,2026-04-10,1625,48.84
18.02969,72.19534,326.5,88,2026-09-03,1348,9.82
25.26417,75.81493,406.88,99,2026-06-25,2009,65.92
22.8971,88.35601,401.5,95,2026-05-15,144,58.4
17.24605,81.34319,325.8,81,2026-07-13,613,13.21
19.71108,75.43717,406.22,99,2026-01-27,2389,68.13
27.24565,79.2189,338.64,90,2026-07-30,2371,9.01
28.67381,77.10934,361.7,94,2026-08-27,2285,55.64
19.8739,75.32666,322.38,71,2026-08-04,1449,10.85
26.50685,80.37705,385.74,92,2026-08-10,1854,105.05
16.49215,80.72306,403.39,94,2026-03-12,1743,91.71
22.75138,76.14131,303.24,67,2026-03-04,577,15.5
19.89435,74.07616,351.27,96,2026-09-17,594,38.0
22.39806,88.26786,338.5,92,2026-03-28,1217,6.07
22.38613,84.26863,332.19,94,2026-02-09,1149,3.48
17.95687,83.41578,316.89,75,2026-04-02,1324,15.69
22.92066,75.78494,339.95,54,2026-02-13,1744,1.73
19.96308,73.63203,383.12,94,2026-05-04,599,59.42
26.86367,80.83657,369.05,99,2026-09-14,831,30.09
20.18544,75.00571,310.16,48,2026-05-13,342,14.76
19.9716,86.06817,314.71,40,2026-08-20,495,1.6
22.55977,88.19304,378.05,98,2026-07-01,1564,80.45
23.79608,86.20988,388.0,96,2026-02-23,1487,55.05
24.46552,86.2354,342.49,91,2026-07-14,1250,11.17
29.13917,77.01402,376.18,93,2026-05-24,1551,36.54
18.81155,72.68289,303.25,71,2026-05-12,1966,16.16
22.73713,86.38092,381.84,91,2026-03-15,2336,54.92
23.34424,77.40009,408.35,99,2026-04-26,319,55.93
28.74038,77.26313,389.49,93,2026-08-08,1961,72.97
26.16762,77.13036,335.62,91,2026-03-18,1518,12.56
22.48075,86.03883,324.28,46,2026-01-23,740,1.61
19.71092,75.43706,395.92,91,2026-09-19,82,112.93
21.84958,73.88733,342.86,93,2026-02-14,1070,19.98
23.62504,86.33594,383.68,91,2026-03-29,1610,33.91
27.55448,77.94277,321.94,92,2026-01-11,440,20.77
18.71584,73.90304,375.87,100,2026-08-11,1024,31.26
22.69686,75.7892,380.22,91,2026-03-23,1532,69.28
21.25324,73.006,394.69,95,2026-09-09,1152,66.36
20.45585,73.05603,381.41,97,2026-06-09,1461,61.25
21.03194,72.50208,385.81,95,2026-04-02,361,113.75
18.87864,73.21875,300.45,61,2026-03-07,501,12.69
27.44521,77.96909,375.18,92,2026-05-29,757,32.52
17.67922,83.4421,398.89,95,2026-02-02,1839,113.3
23.34278,85.39377,387.4,99,2026-07-08,1061,101.17
23.25914,72.84289,372.78,92,2026-06-27,1225,29.58
19.18314,72.97815,392.07,100,2026-01-25,739,97.15
25.30102,86.59398,376.35,91,2026-03-23,2045,118.03
19.80411,75.42494,386.77,99,2026-02-27,1734,39.26
10.87286,77.07813,396.46,100,2026-02-25,2135,64.88
22.95092,86.26782,303.13,75,2026-04-05,1973,16.52
28.25294,77.456,396.21,96,2026-07-12,1509,114.61
29.29787,76.87409,377.12,98,2026-07-03,1035,101.27
22.11217,72.88394,388.74,99,2026-07-29,1569,88.43
22.69296,88.47091,401.77,100,2026-01-11,923,61.42
22.37686,70.59891,352.14,89,2026-05-13,1833,57.05
32.24404,76.31827,323.81,81,2026-08-13,1739,16.96
23.96924,86.97072,342.15,48,2026-05-01,2368,7.32
27.13791,90.72899,324.63,82,2026-04-24,880,21.92
17.44568,75.0001,326.91,95,2026-01-02,1133,13.24
26.17607,91.95516,408.24,93,2026-09-11,728,119.63
21.32493,71.76839,327.28,82,2026-03-26,660,3.09
13.1946,77.53393,347.34,55,2026-07-15,2354,9.22
23.33601,87.48898,306.46,35,2026-04-12,1693,7.92
31.29402,75.85398,400.73,98,2026-06-03,540,102.25
25.21702,86.41651,351.62,82,2026-07-19,1281,23.05
25.35802,75.67055,375.7,86,2026-07-29,2384,16.3
16.98651,82.54073,339.89,95,2026-04-23,227,19.16
22.73577,86.36168,328.78,65,2026-04-23,885,15.19
23.52396,87.25063,344.5,90,2026-05-28,1735,6.5
28.55001,77.23212,387.9,97,2026-06-04,2384,97.6
20.45581,73.05624,382.93,94,2026-07-26,113,37.28
17.41597,78.62879,398.5,91,2026-04-29,2139,63.16
20.28811,85.73206,395.02,100,2026-01-12,1376,34.91
21.46121,78.80162,323.19,47,2026-02-14,389,10.97
23.56402,87.29161,325.55,91,2026-04-18,394,18.05
19.17517,73.11977,384.57,99,2026-02-12,719,62.02
28.65422,77.09715,390.63,95,2026-05-23,1006,78.52
25.09521,72.20657,336.18,84,2026-02-10,2107,13.34
17.72007,83.34512,398.45,100,2026-05-01,1632,79.38
26.56995,80.23412,406.87,98,2026-02-10,728,34.13
26.17618,91.95516,376.9,92,2026-07-07,1744,113.78
11.08499,76.96228,317.46,50,2026-06-17,2154,14.24
20.18103,73.53568,303.89,47,2026-07-15,1242,11.07
22.80926,87.10199,334.66,83,2026-08-04,2297,18.67
27.33211,77.76222,372.17,100,2026-05-06,1208,92.84
12.73413,79.88224,373.01,92,2026-03-26,1027,42.69
27.79725,77.76025,343.22,81,2026-01-03,1102,5.72
17.80643,83.23441,330.73,42,2026-03-30,416,12.05
9.7642,76.47507,305.45,73,2026-05-11,2368,16.86
23.2662,77.32018,379.42,100,2026-02-27,598,92.96
23.23516,89.22557,340.96,80,2026-07-17,384,14.56
23.83978,87.10897,372.57,94,2026-08-02,1230,111.29
27.15064,77.71454,323.25,49,2026-09-17,1562,6.22
20.05223,72.74384,400.15,95,2026-05-08,1,41.12
9.84636,76.17855,317.71,39,2026-01-01,760,11.69
16.51776,80.84724,373.93,94,2026-03-25,1446,96.93
27.56644,75.06517,344.13,88,2026-06-11,827,3.02
22.77233,76.1151,313.74,55,2026-02-22,1529,4.65
28.26393,77.16893,387.02,98,2026-05-20,891,36.66
27.56639,75.06523,335.44,86,2026-03-26,1037,20.12
20.16713,72.9742,386.92,100,2026-05-20,390,89.72
18.65287,73.87104,379.08,95,2026-08-09,1565,109.61
28.20003,77.1041,402.69,99,2026-01-21,2071,89.9
20.84314,79.06798,372.16,93,2026-03-14,1527,66.72
22.44089,75.63952,354.49,83,2026-06-29,839,69.13
26.95786,80.83285,398.43,97,2026-07-24,344,38.35
24.50683,87.36088,327.89,89,2026-02-15,463,9.43
21.36614,85.05044,337.46,94,2026-05-27,184,24.83
16.92895,82.35721,337.12,86,2026-02-27,2093,3.72
30.8029,75.519,373.01,95,2026-08-25,1570,34.32
17.58923,78.47589,376.34,99,2026-08-31,1941,51.02
13.01886,80.37489,381.25,94,2026-08-10,327,74.89
25.15345,86.28928,353.23,98,2026-01-25,1305,55.27
21.00504,79.24425,403.83,95,2026-04-26,2346,63.45
30.64222,75.88167,331.87,56,2026-02-16,139,6.93
28.26184,77.41024,394.35,99,2026-05-02,601,28.8
28.41217,77.02786,387.64,98,2026-09-08,1235,93.41
26.13772,74.82032,336.4,90,2026-05-22,1042,13.04
25.661,84.92821,355.59,86,2026-02-05,732,48.95
22.20754,80.03353,326.35,86,2026-04-08,2251,16.44
27.24822,78.19201,376.82,94,2026-01-02,164,34.19
23.11083,85.31305,389.3,91,2026-03-18,1777,45.76
28.06918,73.347,409.29,95,2026-01-18,2343,102.46
23.44519,73.86417,343.8,87,2026-01-17,1734,8.83
11.84629,76.02543,322.6,91,2026-04-12,1617,9.54
22.2859,73.1839,409.74,98,2026-04-18,2325,40.54
19.04612,76.30785,326.99,94,2026-08-03,1533,8.48
18.80522,72.69088,383.56,92,2026-07-28,1382,100.4
19.10903,72.9071,375.78,92,2026-02-09,679,32.15
29.59548,76.87013,345.96,70,2026-07-17,556,6.6
27.04281,75.60679,381.06,95,2026-08-11,1778,52.29
22.40918,73.64614,406.67,96,2026-08-06,2303,87.93
16.25375,80.31215,396.07,97,2026-01-13,2272,107.2
21.15609,79.00001,376.38,96,2026-02-05,2115,86.3
26.48188,84.33954,326.21,89,2026-01-02,1903,13.76
27.86319,73.43495,403.28,98,2026-08-15,2376,93.15
25.7248,86.22976,395.63,97,2026-08-07,721,90.65
23.35973,85.42357,363.92,83,2026-02-11,746,41.72
9.65024,76.67385,395.98,95,2026-03-22,829,101.82
31.79114,74.98211,380.25,92,2026-08-18,731,73.58
21.19477,71.88439,332.4,93,2026-08-13,818,14.98
12.87792,77.55707,398.11,97,2026-06-27,1246,84.49
15.48971,81.77191,331.51,83,2026-06-15,144,9.39
25.16908,76.02052,329.76,58,2026-07-12,1865,11.43
28.52753,77.21597,324.98,74,2026-03-28,2099,15.83
19.32105,72.77322,376.1,98,2026-06-16,705,101.62
21.29386,81.64324,406.41,96,2026-03-29,355,117.49
10.85417,77.11422,391.95,94,2026-07-25,624,119.65
22.97881,72.34622,393.67,93,2026-02-07,665,37.81
20.16593,73.69404,392.43,97,2026-09-16,2020,28.01
21.32506,71.76821,325.8,91,2026-02-08,2116,7.06
31.14784,75.50995,393.22,92,2026-08-21,2328,88.39
22.61696,86.10779,375.51,94,2026-03-07,1033,36.96
20.42317,85.72875,398.63,92,2026-01-04,823,25.36
26.69392,75.71782,329.52,62,2026-06-03,1962,6.22
26.75115,75.62697,409.53,100,2026-03-01,39,52.88
23.50256,77.47506,328.78,59,2026-03-20,2114,17.93
20.61401,73.03214,380.8,95,2026-02-14,285,38.31
27.75044,73.17573,354.02,98,2026-09-07,1278,13.32
17.79482,83.13213,372.48,95,2026-01-19,553,25.61
23.19607,77.2332,320.68,58,2026-06-02,1340,2.2
28.13724,77.50546,328.88,44,2026-02-11,59,2.61
22.83602,88.19147,356.64,96,2026-09-05,4,71.9
21.24878,72.71984,399.15,95,2026-08-24,2232,106.38
20.2879,73.97168,331.21,37,2026-04-07,492,12.66
22.42602,70.96203,342.22,59,2026-03-09,59,0.63
20.42583,72.95213,391.5,91,2026-02-15,1223,98.68
22.11513,76.59733,338.95,80,2026-02-04,1678,11.12
28.37422,77.04684,376.45,93,2026-09-07,2179,27.03
31.01291,75.7729,409.52,99,2026-04-04,146,43.32
28.36393,77.35008,343.58,78,2026-05-31,142,4.47
20.11073,72.93304,308.28,77,2026-04-26,1532,7.16
11.36686,76.50696,381.39,94,2026-06-06,9,80.22
19.6612,75.18514,314.78,58,2026-09-10,1626,2.15
26.74383,85.87829,336.75,90,2026-01-12,1368,9.11
26.719,75.75389,381.73,91,2026-05-06,1671,44.06
18.02971,72.19514,324.89,82,2026-03-27,466,20.02
24.53196,85.29131,317.57,58,2026-08-11,1573,3.93
27.49091,77.88396,392.21,100,2026-02-12,1112,76.03
21.15128,72.63808,347.73,54,2026-04-05,1445,14.73
25.20758,90.77136,333.82,89,2026-02-14,195,18.17
25.01913,75.64921,378.42,97,2026-03-11,829,49.49
18.65285,73.871,409.61,100,2026-05-18,849,77.85
25.30499,86.14093,376.72,93,2026-02-17,1771,88.56
17.65779,83.16197,307.43,56,2026-07-31,776,7.28
23.52064,87.4552,342.48,66,2026-03-22,393,5.41
31.54096,74.87286,401.97,96,2026-04-06,67,98.46
22.24714,70.85131,301.88,63,2026-07-26,1084,13.96
19.02808,72.80915,406.78,92,2026-02-07,1082,87.8
31.79103,74.98205,385.02,91,2026-07-09,2238,27.58
21.19474,71.88442,332.76,93,2026-02-28,1970,19.66
20.17696,85.62247,301.35,38,2026-07-21,543,8.2
26.27726,86.86953,333.28,92,2026-03-24,83,8.78
23.62601,85.07293,326.82,87,2026-02-15,1557,8.7
19.75618,75.69406,380.36,91,2026-08-30,2285,50.74
22.29134,73.39935,323.28,91,2026-08-16,317,23.21
23.46859,77.3903,342.76,42,2026-08-01,1874,8.1
31.61302,74.69185,392.86,97,2026-01-04,389,111.17
22.54321,75.77088,392.36,96,2026-04-06,328,84.68
26.82703,75.66384,403.9,94,2026-03-10,752,48.95
28.36293,77.28215,379.36,94,2026-05-18,1798,41.46
10.09297,76.10879,401.09,98,2026-07-03,1258,54.98
18.86165,74.0534,325.68,54,2026-02-13,1340,15.86
23.33856,87.6102,372.17,91,2026-04-18,6,65.78
21.11214,81.89195,395.53,96,2026-03-11,952,116.38
22.63218,86.22924,330.74,91,2026-07-01,1171,17.4
25.75426,81.86291,332.92,81,2026-03-04,1245,12.18
10.01422,76.17378,382.27,96,2026-07-24,135,36.47
26.93797,77.75869,319.96,68,2026-06-30,1100,1.14
17.79499,83.13217,381.68,98,2026-03-07,2078,83.56
22.37891,73.3331,399.83,92,2026-01-08,1238,91.49
23.3431,85.39422,392.77,94,2026-05-09,365,41.89
24.92792,84.88124,403.43,92,2026-02-26,691,79.7
24.42483,85.36892,322.38,85,2026-05-15,1837,5.86
25.199,86.7666,361.31,87,2026-01-22,471,15.27
21.36672,72.01907,322.27,81,2026-01-09,770,7.19
25.49652,86.25353,362.79,86,2026-06-23,1104,28.68
23.60579,85.4019,390.11,95,2026-04-24,662,93.84
17.13142,78.59986,320.88,49,2026-04-11,820,2.11
19.91916,73.83483,395.85,95,2026-08-14,254,78.2
16.38563,80.87029,341.39,51,2026-07-16,1715,1.17
25.34537,75.7647,362.12,93,2026-04-07,110,66.2
20.34492,85.84218,311.1,37,2026-06-17,28,12.76
28.3097,77.23212,327.43,35,2026-06-13,1991,4.88
23.58477,86.42519,375.87,89,2026-04-08,106,37.28
22.71066,76.13283,352.8,93,2026-04-18,344,36.69
27.22609,78.098,403.63,91,2026-03-05,1245,105.21
27.14032,80.68432,327.5,44,2026-02-06,1542,16.02
22.11282,88.1881,386.96,97,2026-02-15,633,67.42
27.02984,81.0364,353.51,97,2026-08-14,2396,76.97
22.23208,73.5108,378.96,97,2026-03-08,1713,115.98
13.2628,77.44176,405.31,96,2026-05-13,308,55.19
22.99096,87.90804,332.26,93,2026-04-15,1645,20.65
10.05607,76.30683,404.15,97,2026-08-31,583,68.6
26.07466,73.3431,328.79,78,2026-09-14,1622,11.57
21.25624,72.68783,389.77,98,2026-06-20,1069,103.43
20.45284,72.83119,396.1,99,2026-05-03,1916,31.25
21.234,79.1331,374.46,92,2026-05-13,852,48.98
21.84946,73.88753,340.54,87,2026-04-09,343,8.09
23.72322,87.33511,374.0,92,2026-04-23,1809,100.93
12.97329,77.64198,331.71,46,2026-02-06,5,8.25
26.94016,75.83089,401.49,96,2026-06-20,1271,27.71
16.40108,79.60601,324.47,90,2026-02-23,1756,10.59
26.76699,75.55117,380.5,90,2026-03-01,57,41.52
22.27657,79.87018,325.53,90,2026-06-01,1386,8.67
31.6129,74.69222,401.71,94,2026-03-18,1405,35.98
25.02138,75.99601,305.98,70,2026-02-03,992,5.55
14.23029,81.31876,344.58,84,2026-01-08,596,5.47
25.14123,84.89745,305.54,49,2026-07-26,1427,13.5
31.01656,75.75027,311.17,77,2026-08-14,482,8.74
23.62978,86.85247,378.37,94,2026-02-03,873,50.19
19.94757,85.66649,324.0,78,2026-03-30,198,11.65
26.31425,91.75995,396.27,91,2026-06-03,1937,61.78
10.85425,77.11387,389.36,95,2026-02-25,407,70.96
31.31713,75.40201,378.12,98,2026-05-28,5,87.2
23.63894,87.14492,382.03,97,2026-02-10,2026,60.32
21.07884,81.49324,403.95,92,2026-07-31,775,46.01
23.22849,72.57845,303.79,44,2026-04-09,1515,15.18
20.9983,86.94379,325.27,88,2026-01-11,994,6.37
20.16189,85.84283,388.5,91,2026-08-02,73,46.41
22.59183,88.44116,381.67,98,2026-03-04,807,71.76
27.79702,77.76028,322.14,88,2026-03-21,1121,24.42
24.92812,84.88109,390.72,98,2026-08-02,1057,74.51
27.33204,77.76205,409.5,96,2026-06-26,684,114.49
22.29128,70.79425,335.65,43,2026-09-12,1701,10.31
22.89684,88.35588,403.63,100,2026-07-18,1416,83.83
19.75592,75.69422,378.9,94,2026-08-20,2069,58.15
23.83986,87.10914,377.21,97,2026-09-20,871,106.33
21.09884,72.78318,398.9,96,2026-01-24,744,33.31
19.16277,72.96119,408.09,96,2026-09-14,2140,46.83
22.40877,73.64575,399.64,100,2026-02-27,1492,29.85
19.42342,86.70906,331.45,88,2026-03-24,1037,13.06
26.02117,73.21974,326.58,45,2026-04-10,374,16.28
12.66452,77.81306,346.95,62,2026-08-11,942,8.59
17.45541,74.87765,334.45,92,2026-03-31,2151,24.89
28.81506,77.70279,318.83,65,2026-01-13,793,10.98
25.24531,92.74838,329.72,90,2026-01-23,233,20.33
23.34401,77.39975,380.69,97,2026-08-08,654,37.17
22.58051,85.30581,327.48,84,2026-07-19,197,13.33
23.62515,86.33615,389.6,94,2026-09-18,1351,60.02
28.50705,76.87429,332.0,66,2026-01-27,958,11.37
16.49222,80.72322,386.27,93,2026-05-02,1794,48.1
19.27011,73.04876,358.56,88,2026-07-31,368,50.84
23.68509,86.95681,399.92,98,2026-01-24,1403,84.25
27.77076,73.38978,378.2,96,2026-04-16,326,101.94
18.78849,73.81773,316.93,62,2026-02-25,2353,1.34
22.69281,88.47113,408.08,95,2026-06-11,1910,113.85
24.62959,86.498,330.41,84,2026-06-02,2344,6.8
26.40339,91.53411,310.65,74,2026-02-17,748,13.19
13.20015,80.3134,336.27,72,2026-06-07,2045,7.48
26.64569,80.15355,303.13,60,2026-06-21,1400,2.0
22.61709,86.10805,403.5,95,2026-03-30,1624,55.37
12.84962,80.42987,360.92,83,2026-09-02,1105,74.15
18.39099,73.63703,335.37,90,2026-01-22,383,5.14
10.1521,76.07078,405.81,100,2026-07-05,1049,63.72
19.88697,73.86907,380.76,99,2026-01-23,2090,63.68
25.24532,92.74794,332.45,82,2026-04-28,1733,13.67
21.13193,81.56383,407.75,92,2026-09-07,1139,105.45
20.4509,85.91311,400.49,100,2026-06-03,483,84.48
26.17793,91.76176,394.13,99,2026-03-05,108,87.94
23.43519,77.37518,399.98,95,2026-07-30,713,37.44
22.84308,72.72694,390.35,93,2026-09-20,1181,118.54
20.91703,79.17001,405.47,94,2026-01-05,1801,106.58
13.00296,80.13007,387.46,94,2026-04-07,46,73.69
28.50008,77.30679,381.19,91,2026-07-04,1425,28.81
22.29578,70.81711,379.65,93,2026-03-26,2276,79.97
17.42678,78.46273,335.62,46,2026-01-01,1394,11.97
19.963,73.63223,397.41,97,2026-03-08,1314,55.52
23.44535,73.86413,344.92,91,2026-01-29,173,5.07
13.19077,80.38486,301.99,53,2026-02-08,1268,16.3
21.4091,81.4094,354.1,85,2026-03-17,512,62.05
23.86204,87.55764,334.84,62,2026-06-20,831,14.92
26.40086,72.81722,399.12,96,2026-08-02,469,54.45
23.19994,72.41777,384.05,91,2026-07-08,736,89.67
25.56784,85.18593,387.83,93,2026-01-28,1272,59.93
21.24707,81.80852,383.15,84,2026-06-21,1652,77.83
22.35512,73.2111,402.11,92,2026-08-31,1414,46.16
20.2131,82.57273,325.24,91,2026-09-12,1590,23.94
11.06915,76.93195,304.4,67,2026-07-22,57,12.45
17.50921,78.64471,313.41,37,2026-04-24,1857,6.16
12.87825,77.55686,375.13,97,2026-06-09,1603,87.89
21.32536,71.76866,337.35,91,2026-07-04,735,12.76
22.27637,79.87028,341.68,92,2026-06-01,775,6.52
13.00278,80.12975,384.25,95,2026-05-02,181,43.26
20.4508,85.9131,406.85,92,2026-06-14,1563,95.91
25.37746,85.8616,339.22,75,2026-04-09,1562,13.51
18.42396,73.69905,380.82,98,2026-06-07,872,63.51
22.30689,70.74285,378.82,91,2026-07-10,451,68.58
19.88676,73.86889,381.47,98,2026-09-13,2255,63.18
31.31679,75.40179,394.65,98,2026-03-28,1504,81.47
20.05194,72.74391,394.19,95,2026-02-27,2224,84.85
28.68247,76.23976,326.68,82,2026-07-07,462,11.61
24.62949,86.49835,335.02,89,2026-01-15,1154,5.79
20.13414,85.57613,355.35,88,2026-02-05,1843,27.6
28.06903,73.34702,373.44,99,2026-04-03,402,112.51
30.80287,75.51877,388.57,96,2026-04-08,2106,95.78
17.51122,83.19584,377.72,97,2026-09-08,192,36.12
21.9572,70.6881,301.22,63,2026-03-18,1909,15.82
22.54309,75.77116,373.85,96,2026-09-07,1342,79.59
21.23405,79.13319,401.95,93,2026-05-30,287,109.62
19.90788,75.278,403.98,94,2026-07-12,2107,26.3
25.26318,75.79794,394.27,98,2026-02-17,1789,77.5
19.24876,72.47912,403.66,99,2026-09-12,1901,48.64
16.66199,80.71314,391.77,93,2026-03-27,1484,71.04
29.29507,77.16185,408.16,98,2026-01-24,2299,42.78
20.88223,72.96519,382.75,92,2026-08-19,1744,42.73
28.2799,77.35282,373.86,84,2026-05-05,2295,62.22
28.25301,77.4561,381.15,100,2026-05-06,2159,86.47
23.62491,86.33601,388.52,92,2026-07-24,796,43.77
23.45282,86.91379,373.56,99,2026-07-11,370,30.89
30.82323,75.87519,401.52,93,2026-02-19,1485,115.52
28.32248,76.31004,342.97,90,2026-04-05,2128,4.48
20.24915,72.82983,366.38,93,2026-02-03,45,33.27
31.01994,76.00086,407.26,98,2026-09-17,92,67.03
12.93715,77.78489,392.68,95,2026-05-07,354,54.64
30.94357,75.99099,305.11,49,2026-08-22,318,5.14
19.04589,76.30801,333.14,84,2026-08-09,179,5.09
22.84319,72.72698,405.6,99,2026-05-14,1890,93.85
28.63805,77.37281,394.33,98,2026-05-14,650,97.79
18.99723,73.00494,409.79,95,2026-02-02,1794,35.74
18.99299,73.0101,310.3,66,2026-07-24,1760,8.56
23.53421,86.4091,391.72,97,2026-01-02,1312,86.04
10.22409,77.63125,344.86,85,2026-04-24,529,3.36
17.46615,78.53816,409.54,98,2026-02-01,340,111.21
23.21755,77.07644,345.47,75,2026-03-10,1831,13.64
22.67408,88.27823,376.34,95,2026-06-18,1214,83.46
21.24309,72.73133,309.35,47,2026-07-13,562,13.85
26.94747,75.62772,307.66,48,2026-08-26,2369,4.92
25.30103,86.59411,376.01,91,2026-08-29,936,82.69
22.74931,75.66772,377.38,90,2026-06-18,1730,44.01
21.90153,73.7068,333.5,81,2026-09-19,812,20.69
22.32702,70.59145,369.09,97,2026-08-13,1779,33.89
25.51925,86.58644,327.86,45,2026-03-19,1765,4.18
26.99124,75.5168,379.03,100,2026-06-14,1576,109.85
22.33497,73.1741,404.49,95,2026-03-12,627,38.06
18.91483,72.71081,391.48,94,2026-06-22,737,31.97
12.73418,79.88187,386.28,94,2026-03-23,1411,37.59
13.37615,80.27171,389.67,94,2026-05-30,392,71.22
25.81301,91.56624,333.47,45,2026-02-10,1433,13.36
23.64414,85.9369,381.34,90,2026-02-27,2336,69.16
11.36701,76.50699,375.72,97,2026-08-25,50,25.21
10.04011,76.31984,332.18,45,2026-01-04,588,1.55
25.06358,85.02721,340.6,64,2026-06-11,1393,4.41
28.67804,77.19672,358.37,98,2026-05-21,265,41.49
25.22831,75.64088,387.48,92,2026-01-24,1153,66.96
28.468,77.09319,386.16,95,2026-03-04,830,25.55
25.161,75.93516,382.51,98,2026-07-13,2331,90.41
23.53797,87.47316,406.17,91,2026-07-16,1373,104.21
19.80401,75.42476,409.03,91,2026-05-17,917,32.67
21.90161,73.70675,323.2,86,2026-02-22,909,19.72
26.04964,85.38397,329.78,91,2026-04-14,2335,7.93
26.17807,91.76193,381.46,95,2026-04-09,1663,89.33
25.49411,86.56326,385.44,85,2026-09-11,1937,55.98
30.92881,75.53383,337.12,95,2026-08-29,1250,4.84
10.71881,77.00123,386.81,95,2026-02-27,1167,32.25
26.66808,80.34558,308.1,76,2026-05-14,2321,8.82
19.88822,75.71523,396.03,93,2026-04-03,331,76.58
28.58255,77.12765,311.69,57,2026-07-03,572,17.82
25.71691,85.30178,406.07,95,2026-03-24,1840,44.18
24.61829,87.09677,329.29,90,2026-06-25,882,16.71
10.09603,76.18315,388.1,98,2026-03-31,2299,88.46
31.14793,75.50993,384.36,92,2026-09-19,1322,93.1
22.2237,73.2711,368.98,98,2026-07-27,621,37.38
21.24892,72.7201,386.87,98,2026-05-10,1450,43.24
22.16742,70.90539,358.82,92,2026-03-23,1585,62.14
23.48314,77.19016,366.13,92,2026-04-06,1135,34.87
28.62377,77.4781,361.53,84,2026-04-09,1106,39.96
31.12148,75.27176,316.67,44,2026-08-02,8,13.51
16.57396,80.95742,322.63,52,2026-09-13,80,15.64
19.65147,74.02546,339.83,55,2026-06-19,2174,17.04
28.37531,77.58314,325.92,36,2026-03-27,791,4.1
19.84994,74.91711,396.38,95,2026-09-12,1928,77.07
22.9038,75.67732,345.62,39,2026-07-15,1927,3.45
16.49198,80.72315,378.26,100,2026-02-20,599,105.73
24.27408,86.49516,328.43,84,2026-06-09,2226,19.98
27.24562,79.21904,344.98,87,2026-03-31,1664,16.92
13.30669,79.99383,368.41,97,2026-01-25,588,14.16
31.22916,75.74687,394.02,100,2026-04-19,2269,92.07
23.34136,85.24192,355.35,99,2026-06-22,875,68.49
28.49822,76.87262,372.82,92,2026-02-22,1703,49.72
27.49114,77.8842,385.43,91,2026-01-20,1069,90.67
18.42411,73.96716,387.66,95,2026-09-03,539,84.23
20.36515,71.9313,338.67,83,2026-04-23,358,18.1
22.62339,86.9081,336.62,84,2026-08-26,729,10.4
28.60694,77.5502,323.96,68,2026-06-04,398,3.68
12.99687,80.34522,356.29,92,2026-07-03,2181,40.1
27.22884,78.3078,371.89,99,2026-01-19,1956,16.92
21.29421,81.64277,404.63,93,2026-06-21,660,104.87
31.19748,75.41097,340.55,61,2026-03-30,2374,3.23
28.50775,77.03204,388.17,96,2026-03-23,1182,112.09
17.08374,78.4374,336.81,62,2026-03-16,954,1.59
23.63415,86.06093,381.06,94,2026-03-29,1506,108.76
28.68623,77.27696,384.98,94,2026-04-03,273,115.27
20.44566,73.18275,320.8,49,2026-01-16,258,9.39
22.28625,73.1838,392.96,92,2026-03-26,623,108.13
23.45303,86.91393,388.48,99,2026-07-03,676,41.65
25.66514,86.13067,355.16,96,2026-05-30,384,41.81
26.63578,81.13802,403.45,99,2026-09-04,58,38.57
21.24885,72.72018,407.81,99,2026-03-10,484,50.55
27.3648,78.06679,378.67,99,2026-03-04,1434,48.56
12.99283,80.36089,394.57,97,2026-03-03,1690,74.4
12.88883,77.27713,392.18,92,2026-08-08,793,74.28
26.02507,73.21215,396.54,97,2026-06-25,1856,29.13
20.60718,73.0989,384.16,92,2026-01-08,864,34.34
24.76986,85.03011,400.13,96,2026-05-24,905,84.43
19.19872,74.78939,325.6,86,2026-01-15,1066,23.24
20.84322,79.06786,376.38,95,2026-04-19,1762,66.76
19.88819,75.71483,373.33,94,2026-08-01,2301,81.83
26.56996,80.23395,388.08,100,2026-01-30,1904,38.8
29.41804,77.06824,312.82,50,2026-04-21,2188,13.46
20.58215,76.08427,337.98,82,2026-06-24,1259,13.01
22.52028,88.65495,302.84,69,2026-02-09,747,5.72
23.99773,85.85983,339.74,42,2026-09-20,1207,16.33
12.73552,80.28168,336.56,71,2026-01-29,198,14.65
23.60888,87.32697,381.65,99,2026-04-19,742,60.75
20.32296,85.62816,405.39,99,2026-06-22,1869,78.02
18.02945,72.19505,322.55,92,2026-08-30,1003,12.39
22.80223,86.40696,405.73,97,2026-01-12,249,103.5
29.21533,77.24846,373.04,89,2026-03-30,1867,14.08
24.26369,76.92184,331.78,87,2026-01-02,545,6.18
23.03262,75.72415,313.3,72,2026-05-27,1903,11.41
25.63783,86.05376,398.11,100,2026-08-17,1809,84.87
20.21193,74.05951,385.02,89,2026-07-05,1592,40.32
23.80088,75.19782,338.52,86,2026-02-27,2281,12.61
20.45125,85.91287,384.27,95,2026-05-28,1843,116.04
31.16862,75.51433,341.04,47,2026-08-17,2,14.3
19.12626,72.73676,362.38,87,2026-09-05,134,46.05
20.96994,79.30999,379.44,98,2026-01-03,550,38.68
19.91881,73.83511,376.21,94,2026-02-18,218,93.71
20.80687,72.67809,379.11,93,2026-08-30,1717,85.65
12.84696,80.47711,381.45,97,2026-03-27,347,35.88
26.4197,72.91866,366.28,86,2026-03-10,1004,13.05
20.66332,72.80865,354.34,96,2026-06-09,707,33.54
27.04624,78.06785,401.56,92,2026-05-24,1854,48.21
12.96117,80.21711,391.89,97,2026-03-03,1905,25.72
21.0095,81.64551,344.58,64,2026-08-01,631,15.24
24.62922,86.49798,340.8,85,2026-03-30,1898,3.91
25.56923,85.16409,375.45,92,2026-03-27,1916,117.23
27.04606,78.06784,399.18,96,2026-08-17,1764,66.35
21.97258,70.79167,324.82,56,2026-09-04,1404,5.22
27.24937,79.46562,341.8,90,2026-05-18,1977,22.1
23.32002,77.588,396.32,99,2026-08-06,1765,109.18
11.13906,77.0378,390.64,98,2026-07-07,76,85.67
23.076,73.04613,403.98,99,2026-06-15,1993,109.45
17.50118,78.55792,385.05,100,2026-07-24,1071,104.87
26.57314,76.06458,341.45,37,2026-08-29,831,16.72
22.97899,72.34594,407.01,98,2026-06-20,692,47.22
27.09724,75.78694,382.86,95,2026-09-02,969,51.02
25.64078,86.36005,397.9,99,2026-09-01,2299,89.7
28.41195,77.02797,386.66,93,2026-04-22,2269,73.43
28.35199,76.95001,377.91,99,2026-03-01,1202,86.81
31.65298,75.06834,331.01,81,2026-03-03,2010,21.92
31.49152,75.78548,370.2,82,2026-07-05,1259,34.36
13.16311,77.64896,375.94,96,2026-06-07,1427,74.52
31.44101,75.71084,394.43,91,2026-03-08,2297,109.54
31.24824,74.92984,379.72,98,2026-02-19,967,83.99
19.98876,75.04688,381.19,100,2026-04-07,2327,41.12
23.06656,72.46701,314.48,45,2026-01-04,1463,8.04
22.11295,88.1881,383.37,93,2026-07-05,1041,46.67
22.3797,70.54762,352.82,89,2026-01-31,1222,59.73
17.71819,83.46203,383.18,97,2026-02-27,2233,71.42
20.16216,85.84324,395.43,98,2026-04-23,1994,94.61
23.1961,85.3051,407.01,99,2026-07-07,349,61.61
31.3172,75.40187,402.29,94,2026-06-17,58,83.23
22.97773,77.55906,361.91,98,2026-07-03,439,33.29
19.47118,73.16795,384.22,98,2026-07-11,1654,74.46
31.34473,75.56182,318.95,49,2026-06-03,1682,6.15
25.99921,81.76231,334.14,86,2026-03-06,2186,18.01
22.61478,75.82889,384.47,91,2026-01-10,2335,99.8
18.27749,77.36408,344.8,89,2026-03-25,1861,22.12
22.69276,88.47119,400.34,91,2026-05-19,848,44.7
28.48279,77.40596,372.85,98,2026-07-26,133,95.5
26.09606,73.00179,405.85,92,2026-09-07,111,36.56
19.74941,73.60771,368.12,98,2026-06-23,441,54.39
22.80906,86.19906,404.07,99,2026-03-18,1339,83.98
23.58017,77.2548,319.12,40,2026-02-03,946,2.35
23.59476,86.73925,395.97,98,2026-07-22,1552,62.54
23.92026,85.52135,337.76,86,2026-09-17,1020,12.48
10.05604,76.30709,389.98,96,2026-04-13,977,63.69
20.41533,85.61405,385.93,91,2026-03-29,22,52.06
23.25969,72.64514,356.92,89,2026-03-03,1864,32.88
25.72397,86.09782,374.61,97,2026-02-28,673,118.29
19.33222,72.83197,329.52,78,2026-05-06,2124,1.48
9.92754,76.29266,380.86,95,2026-06-27,1596,20.69
19.18305,72.97775,373.61,94,2026-08-01,1213,46.42
23.60818,77.2465,347.34,60,2026-06-10,1268,17.75
19.28667,72.72551,346.49,71,2026-01-07,1707,14.21
19.00953,72.89854,303.11,77,2026-04-08,67,11.94
31.83296,74.78518,399.98,99,2026-03-17,520,96.41
17.79504,83.13179,376.26,93,2026-06-23,781,54.16
31.22889,75.74712,392.36,98,2026-02-06,872,41.49
24.80703,84.70699,372.85,97,2026-05-11,1735,83.45
21.634,69.98379,332.19,81,2026-07-09,586,24.39
20.45378,85.59989,385.57,93,2026-08-11,451,112.49
21.03184,72.50194,374.66,91,2026-04-20,1489,32.58
25.15277,86.56203,383.01,94,2026-07-11,1278,99.95
28.68261,76.23945,320.38,80,2026-04-03,772,22.54
25.60904,85.44687,391.08,93,2026-03-15,850,115.03
20.16622,73.6939,372.76,97,2026-05-28,893,51.66
28.77112,77.66995,375.15,88,2026-08-15,371,32.07
23.65178,85.93659,374.44,91,2026-08-03,573,65.69
28.37414,77.04703,391.67,100,2026-08-27,1163,104.26
26.14702,80.65219,406.47,100,2026-01-28,1040,70.02
26.63603,81.13777,382.95,91,2026-03-24,1628,39.77
22.95519,72.68801,387.72,94,2026-08-09,252,74.72
27.18811,78.0839,402.31,99,2026-03-14,1992,62.82
19.90775,75.27819,405.29,93,2026-02-03,594,109.66
25.60906,85.44707,404.8,97,2026-05-07,378,96.39
28.26202,77.40979,386.72,98,2026-06-27,856,67.65
27.02497,77.72376,381.89,99,2026-04-23,31,41.85
20.28805,85.73224,385.48,97,2026-08-22,185,78.04
11.04888,76.81596,400.91,97,2026-04-08,921,49.61
24.09405,84.06887,325.35,89,2026-07-15,434,12.02
20.32378,72.88123,393.74,95,2026-04-21,906,110.81
20.96988,79.31006,386.84,99,2026-08-24,614,53.25
22.05566,70.73081,377.24,97,2026-05-28,517,68.83
26.71899,75.75406,391.19,95,2026-03-11,238,79.58
27.28295,78.11244,307.0,75,2026-02-12,800,15.54
31.45557,75.34203,357.86,99,2026-07-20,1588,16.32
29.29508,77.16197,374.72,96,2026-08-28,1255,46.9
23.34307,85.3942,408.63,95,2026-08-29,510,46.35
26.13766,80.09901,334.52,87,2026-06-03,2049,3.76
26.92285,80.77995,352.13,94,2026-08-09,213,25.03
23.58908,86.03276,372.5,91,2026-07-27,2276,84.09
31.42578,74.61732,354.88,99,2026-04-26,1450,52.89
19.36324,73.13414,342.78,48,2026-04-28,947,6.39
22.77305,86.03845,325.29,39,2026-03-23,1982,4.62
25.38401,86.213,383.64,93,2026-03-29,1591,47.4
18.65286,73.87111,379.29,100,2026-09-20,2307,83.38
12.84384,77.40739,333.51,59,2026-04-25,3,14.58
10.87285,77.07791,388.86,100,2026-05-04,760,93.55
27.08019,74.01342,336.72,88,2026-08-27,593,23.31
20.6871,74.55326,333.99,85,2026-08-15,1383,13.8
18.09562,73.82271,335.19,84,2026-01-29,1803,15.28
11.04886,76.81606,390.28,97,2026-03-02,2128,41.59
19.17492,73.12019,403.64,97,2026-09-18,1713,85.08
13.79695,78.48886,320.91,94,2026-01-06,2257,16.87
21.21715,72.54632,376.38,97,2026-07-04,1035,64.68
22.32066,73.14092,341.15,71,2026-05-23,8,8.32
28.35192,76.94981,372.47,92,2026-08-29,1506,36.51
27.36522,78.06711,400.46,99,2026-04-26,1914,70.08
21.18337,73.87297,336.54,81,2026-03-07,850,14.29
23.56416,87.29131,333.61,95,2026-02-26,68,5.38
24.56817,84.81319,390.57,100,2026-02-19,528,31.69
18.01507,83.37068,338.02,57,2026-05-12,102,5.5
25.89517,80.26558,326.93,84,2026-06-22,2068,4.49
24.57584,84.96593,384.09,100,2026-06-15,1036,85.14
26.96437,81.00041,378.18,86,2026-08-18,2278,32.75
26.33314,80.01165,313.74,43,2026-07-07,1929,16.49
23.03328,86.08683,333.17,41,2026-07-16,500,0.54
23.51229,86.89317,313.67,54,2026-07-02,566,17.28
31.17616,75.83065,326.27,50,2026-03-16,1603,0.89
26.52279,80.01902,316.56,41,2026-01-31,1633,1.55
20.32398,72.88123,400.82,95,2026-07-25,435,92.22
27.33206,77.76187,382.67,91,2026-05-14,1174,115.16
23.2092,77.21652,384.38,94,2026-03-14,2111,27.8
25.94096,72.71454,320.26,43,2026-02-08,1087,1.42
28.52596,77.38421,384.24,93,2026-03-11,245,111.07
17.50076,78.55824,384.53,97,2026-05-13,1918,59.85
17.35689,78.47262,369.03,98,2026-04-01,537,57.94
29.7072,77.199,394.62,99,2026-03-08,1927,25.97
28.4682,77.09277,380.54,98,2026-03-31,1804,92.65
31.63831,76.92578,338.54,90,2026-09-14,1761,13.06
18.64805,73.82312,363.3,85,2026-09-18,1520,63.62
23.41092,86.95284,368.51,88,2026-05-14,1325,34.74
21.25611,72.68821,385.38,99,2026-07-30,1907,89.97
21.26745,86.55878,341.36,95,2026-03-28,653,18.44
28.91056,72.28117,333.99,88,2026-03-09,2020,18.73
29.57986,76.79086,376.81,95,2026-02-28,1769,79.7
21.27024,79.11786,320.41,55,2026-03-01,1471,11.54
22.23183,73.51078,398.83,99,2026-03-16,2055,118.92
25.22711,86.20908,380.43,96,2026-06-02,862,98.55
24.10103,84.26473,343.37,89,2026-09-05,1654,16.93
20.23834,73.56298,312.66,69,2026-08-24,1521,10.84
30.8859,75.92023,388.28,98,2026-01-18,1021,73.46
23.43389,85.27918,407.69,99,2026-06-18,1358,86.44
23.27415,85.42122,389.48,91,2026-08-26,1810,62.48
23.20001,72.41791,396.55,91,2026-03-19,1228,105.2
19.98888,75.04709,385.63,98,2026-09-09,2084,85.67
24.99471,75.89088,377.36,98,2026-02-07,637,26.34
21.17887,79.00288,321.65,65,2026-01-13,165,2.94
23.07588,73.04581,406.69,92,2026-03-04,2157,104.71
25.28713,75.75588,383.43,92,2026-04-10,53,67.29
10.01416,76.17415,381.33,99,2026-05-06,390,93.12
18.71576,73.90311,407.91,99,2026-01-27,1972,112.93
23.30133,87.53904,369.6,91,2026-08-09,40,45.3
21.16613,72.58922,382.83,97,2026-07-16,531,48.85
24.50657,87.361,328.97,80,2026-01-02,1479,12.3
28.74688,77.23695,403.29,96,2026-09-01,1994,69.35
20.20253,80.49095,332.52,86,2026-05-28,532,18.84
27.18814,78.08388,372.01,96,2026-02-06,1184,106.04
17.37913,78.70889,397.54,92,2026-02-07,462,65.22
26.56983,80.23404,400.21,97,2026-01-11,1218,45.01
16.492,80.72293,389.88,98,2026-08-26,1043,58.44
25.52823,84.10648,338.34,81,2026-03-02,1740,5.52
16.21162,80.38479,388.84,89,2026-05-29,2331,45.48
17.42499,82.99813,373.42,85,2026-01-06,1107,44.43
27.40574,77.71112,313.47,71,2026-01-03,225,12.24
31.66705,75.84898,387.0,93,2026-08-16,2028,90.31
23.7541,87.24385,394.46,91,2026-07-16,303,54.11
22.99143,72.8625,338.38,68,2026-04-28,1175,16.3
26.15019,72.9441,396.42,99,2026-05-26,2127,88.08
22.35521,73.21096,381.2,100,2026-03-03,500,41.38
28.707,77.32014,323.75,72,2026-03-26,1674,13.46
29.2979,76.87375,409.68,94,2026-09-02,228,89.6
20.90915,79.02309,324.04,60,2026-08-13,24,14.06
23.50182,87.50924,391.09,92,2026-02-20,1984,100.64
28.82825,77.55185,396.79,95,2026-06-28,170,67.24
24.46517,86.2356,326.45,80,2026-07-26,1137,11.5
22.96393,70.11018,328.81,88,2026-08-04,1235,17.94
26.44887,79.05963,344.8,89,2026-06-25,98,5.63
20.32304,85.62818,384.44,100,2026-05-05,1435,97.69
13.25922,77.69023,310.44,56,2026-01-28,823,10.11
22.99122,87.9084,326.74,82,2026-08-06,586,6.74
13.33672,80.55308,329.34,37,2026-04-22,1875,5.64
25.30479,86.1412,405.07,100,2026-09-16,2185,89.67
21.13183,81.56392,407.75,96,2026-03-30,201,79.3
10.06886,76.44389,406.72,97,2026-03-13,2203,114.8
28.41198,77.02777,399.19,93,2026-07-26,2342,52.62
27.80777,73.06293,372.99,83,2026-05-29,356,16.41
17.41457,79.83331,323.94,84,2026-05-18,1885,6.49
26.90413,80.8951,397.07,94,2026-01-01,308,38.11
26.84051,75.92853,360.48,83,2026-04-16,1276,31.43
23.6622,84.29811,322.11,80,2026-07-14,2376,18.54
22.80209,86.40701,396.02,96,2026-07-17,1833,74.27
28.52332,77.51275,371.87,83,2026-03-31,464,76.11
20.80699,72.67785,376.03,91,2026-03-14,1884,25.78
26.90405,80.89517,409.13,100,2026-06-17,2315,38.79
28.44878,77.03407,404.71,91,2026-01-31,2382,56.26
22.28625,73.18416,379.81,94,2026-07-04,321,102.54
25.68023,86.30608,378.27,92,2026-05-26,2220,88.13
24.63337,85.04101,389.73,91,2026-07-10,1211,33.86
28.22319,77.0141,311.34,54,2026-05-25,1584,4.88
23.1958,85.30494,398.75,92,2026-05-15,1172,83.19
22.555,73.07597,369.08,83,2026-06-30,431,64.76
17.62352,78.71393,332.48,65,2026-06-22,412,8.31
26.34936,80.24698,376.48,86,2026-06-11,2259,41.55
30.79901,75.97418,382.85,93,2026-07-16,1621,82.74
16.40102,79.60566,337.31,94,2026-02-04,638,22.42
22.41392,70.76584,396.11,96,2026-02-17,483,34.26
28.52252,76.9845,363.63,94,2026-05-02,827,33.05
19.57916,72.91816,385.07,99,2026-05-06,658,28.74
28.50008,77.307,399.0,97,2026-04-19,149,65.09
17.52999,78.66254,340.49,66,2026-04-29,1961,5.01
19.06475,72.78285,409.28,100,2026-03-03,818,38.52
28.76581,77.59198,314.41,76,2026-06-30,1605,12.27
23.63394,86.061,401.14,93,2026-05-17,869,92.48
10.71899,77.00078,391.77,99,2026-08-16,650,64.57
25.68705,86.19884,385.37,99,2026-08-08,1944,33.26
23.98585,76.70866,337.56,84,2026-09-15,904,20.66
22.41413,70.76593,400.7,96,2026-09-09,823,94.98
16.31512,80.57308,409.95,98,2026-01-15,838,32.99
19.32094,72.77276,385.98,95,2026-07-09,1178,91.21
24.14208,74.92172,335.2,93,2026-01-01,972,19.82
23.47119,87.14313,395.77,93,2026-05-09,615,97.28
20.97001,79.31007,374.55,100,2026-07-26,2212,93.41
20.36485,71.93091,324.3,93,2026-09-11,558,7.92
17.11711,78.46523,317.79,38,2026-05-12,346,12.15
25.72481,86.23013,383.43,92,2026-04-03,732,114.63
23.4709,87.14291,374.59,95,2026-03-18,1551,94.26
28.35206,76.94985,406.63,93,2026-08-28,533,50.46
27.72977,73.32467,315.64,72,2026-06-26,1501,9.53
26.36218,80.59408,400.6,91,2026-08-11,1581,112.86
25.13987,74.0713,341.19,94,2026-02-23,2367,9.49
31.79118,74.98201,409.79,95,2026-07-30,861,90.35
13.12202,77.87378,407.54,95,2026-03-31,611,106.56
28.87113,77.67113,378.1,97,2026-08-26,2383,63.74
23.01078,76.02525,384.76,100,2026-06-23,1166,44.96
22.33925,88.20163,345.96,54,2026-01-20,430,15.63
28.69775,77.00725,405.74,95,2026-09-05,2169,57.52
19.8881,75.71479,392.4,98,2026-02-24,1803,27.11
31.46282,75.33659,360.23,83,2026-02-20,1113,74.55
18.99717,73.0049,385.9,93,2026-04-12,714,43.73
22.44493,88.38278,303.73,71,2026-06-26,2160,10.83
26.29876,80.64281,380.29,94,2026-08-12,1726,71.13
27.81917,73.377,389.84,91,2026-01-04,715,41.35
17.26086,79.63013,324.91,95,2026-08-23,286,22.63
25.2981,86.41028,339.82,70,2026-05-04,2084,7.85
25.01493,85.16175,340.07,73,2026-08-20,1396,11.87
18.34505,83.92273,324.95,93,2026-08-31,773,6.9
22.86492,72.629,381.83,95,2026-08-15,32,81.06
25.39692,75.88691,372.86,94,2026-03-16,548,36.11
21.25308,73.00607,406.53,99,2026-08-21,758,47.24
21.45681,72.71181,395.89,93,2026-02-19,1750,56.99
29.63584,76.9042,409.99,100,2026-07-15,886,26.49
26.80167,81.02163,304.8,71,2026-05-28,2242,12.68
24.71782,85.82171,335.83,90,2026-01-17,2222,23.9
25.72393,86.09798,398.78,99,2026-09-03,2331,54.64
28.56977,77.24649,300.91,63,2026-08-13,1750,15.94
26.57015,80.23412,397.38,94,2026-07-15,449,114.09
11.04404,76.81424,387.17,93,2026-07-04,51,105.15
26.94009,75.83085,378.94,99,2026-06-06,1934,111.93
12.97421,80.36088,388.78,94,2026-07-25,876,63.57
23.46932,85.16784,321.46,94,2026-05-21,1721,11.93
30.8858,75.92009,402.54,91,2026-08-17,1319,95.11
17.79155,82.933,356.61,89,2026-02-13,679,63.86
31.24392,75.70476,383.8,95,2026-01-17,2390,75.75
23.60612,85.40217,372.89,92,2026-05-25,872,45.98
17.60498,78.54611,409.64,96,2026-04-30,1444,75.35
18.99596,76.35341,333.26,92,2026-06-22,1228,7.57
32.49147,75.58263,339.35,94,2026-05-05,675,22.87
12.84714,80.47683,395.5,100,2026-01-27,1422,47.59
26.90423,80.89488,406.06,100,2026-08-24,943,87.83
25.26382,75.81486,398.64,97,2026-02-09,2209,36.31
10.71879,77.00105,399.06,98,2026-03-18,1763,52.43
28.34362,76.97704,374.66,84,2026-01-20,1106,13.6
26.15504,72.97304,394.57,97,2026-02-15,390,109.83
12.96083,80.217,377.16,94,2026-03-29,1856,99.38
20.84323,79.06802,388.29,98,2026-06-18,1579,81.3
26.0681,91.76201,388.93,91,2026-06-17,1886,74.71
20.45395,85.5998,395.29,97,2026-01-23,1240,117.52
20.95245,79.41984,324.66,49,2026-03-19,902,4.64
23.77203,87.13302,385.74,98,2026-03-08,1656,33.15
30.82285,75.87516,398.74,95,2026-09-10,2196,46.43
17.52623,78.2889,330.16,69,2026-04-01,303,1.49
19.89918,73.70849,300.65,55,2026-02-01,1045,6.21
30.96203,75.90788,316.97,41,2026-02-11,2315,8.14
17.57512,83.29405,388.09,97,2026-06-27,1261,112.8
25.75421,81.86284,336.34,95,2026-01-12,1574,3.97
10.22425,77.63127,333.4,94,2026-08-29,1243,17.76
26.86801,80.75079,407.1,91,2026-03-26,1348,93.56
22.27913,70.66588,403.96,96,2026-03-20,957,111.57
26.09583,73.00187,406.98,91,2026-03-30,2142,69.32
19.16296,72.9608,380.0,100,2026-09-08,753,32.31
24.46413,86.88098,324.41,93,2026-07-14,1867,24.97
26.63585,81.13811,397.33,92,2026-05-03,394,29.3
27.79585,77.85998,324.63,88,2026-04-09,403,22.2
25.43342,85.25896,385.46,82,2026-03-23,598,50.06
26.91382,75.52083,310.91,77,2026-09-09,349,6.05
10.06906,76.44423,408.95,94,2026-04-12,188,72.27
29.38291,77.08882,307.31,37,2026-01-30,1840,3.69
17.58983,78.56002,357.87,93,2026-05-11,1961,51.8
22.539,86.48741,339.38,70,2026-08-09,2020,15.27
28.55098,77.07001,375.13,93,2026-07-01,1755,46.97
22.89702,88.35621,406.83,92,2026-03-04,1042,109.85
31.01317,75.77303,391.37,91,2026-04-26,951,113.29
30.92994,75.95042,385.09,98,2026-02-19,1496,73.56
22.62334,86.90788,335.34,94,2026-05-14,1166,13.3
26.26117,73.38775,397.64,96,2026-06-18,1009,68.96
28.66752,77.25581,378.19,85,2026-05-30,2369,23.62
19.85,74.91676,383.33,98,2026-01-13,1941,59.26
17.72007,83.34525,380.01,94,2026-03-25,872,65.66
23.98589,76.70852,321.44,93,2026-07-19,1152,7.54
23.04013,77.57413,408.95,95,2026-03-18,1207,118.55
21.50998,81.33278,385.93,98,2026-07-07,960,79.91
25.10499,76.04135,371.64,82,2026-05-02,1672,23.24
22.59326,86.24759,325.56,63,2026-01-20,935,0.99
23.43523,77.37514,376.24,93,2026-06-25,953,29.25
27.22586,78.09817,396.39,91,2026-03-13,1318,36.25
25.6145,85.19811,368.83,90,2026-08-20,1672,66.81
31.79083,74.98203,390.51,93,2026-04-24,1916,113.77
26.75119,75.62683,385.22,100,2026-06-27,443,56.8
25.57478,81.06962,337.47,82,2026-03-14,35,10.17
28.87098,77.67077,372.21,98,2026-09-06,1764,76.25
22.8398,86.19307,398.17,100,2026-03-10,1637,39.1
28.50023,77.30695,378.54,91,2026-07-30,1134,55.45
31.24423,75.70488,384.25,96,2026-09-03,2189,95.37
28.59023,77.26024,405.65,100,2026-07-13,64,74.9
29.70677,77.19904,391.61,99,2026-07-10,1397,49.53
31.02014,76.00095,381.44,98,2026-08-27,1631,82.43
28.46807,77.09283,403.04,99,2026-07-25,1091,46.25
18.65304,73.87093,374.15,100,2026-05-17,768,82.81
12.97416,80.36079,377.87,99,2026-04-05,982,61.91
19.47886,72.71777,338.33,46,2026-03-08,1900,12.13
10.88605,76.9391,404.9,96,2026-03-24,159,63.32
22.29109,73.39923,333.13,81,2026-06-02,2381,9.6
12.94455,80.1226,371.07,98,2026-02-21,963,51.16
27.981,73.23014,378.12,91,2026-07-02,83,105.67
24.77023,85.02987,378.66,92,2026-03-31,538,77.7
29.63777,76.30279,334.01,85,2026-01-01,1023,19.31
24.80725,84.70701,395.56,100,2026-03-03,174,26.72
23.50207,87.50877,374.41,95,2026-01-30,1440,71.53
23.77206,87.13282,387.37,92,2026-02-02,153,105.67
23.79597,86.21006,384.3,91,2026-05-25,1125,61.6
22.3658,73.14719,403.2,98,2026-02-25,1553,58.42
27.09697,75.7872,403.74,97,2026-05-08,706,30.58
22.6152,75.82912,394.12,94,2026-01-10,1452,41.79
10.09366,76.05349,355.17,85,2026-08-10,2294,44.52
23.67143,87.19969,356.0,90,2026-07-12,1091,20.92
22.89679,88.35617,384.31,98,2026-06-28,1771,25.87
26.82526,75.63224,318.05,43,2026-09-05,965,6.89
29.29781,76.87405,409.91,92,2026-03-26,437,32.86
27.55452,77.94292,344.68,84,2026-02-27,2023,5.53
19.23917,73.01099,342.97,88,2026-07-26,439,19.52
20.61412,73.03213,379.36,97,2026-01-02,1862,66.46
12.8468,80.47685,385.26,98,2026-03-18,2076,113.96
24.33418,74.98842,342.79,84,2026-07-11,854,17.83
23.7367,87.22693,367.79,99,2026-03-21,1305,44.46
23.03992,77.57386,406.47,92,2026-08-27,2376,67.5
24.42439,85.3691,336.71,82,2026-02-27,11,20.82
23.34388,77.40024,380.89,91,2026-01-12,1647,93.13
25.63817,86.0538,389.0,93,2026-07-25,1289,43.1
28.21805,77.20383,404.88,94,2026-05-05,215,112.74
21.07912,81.49318,406.22,94,2026-08-15,310,79.95
28.698,77.00688,408.89,93,2026-05-30,988,52.69
26.69659,75.9061,361.78,87,2026-03-02,1071,73.74
23.76502,87.35312,309.2,35,2026-03-15,1320,0.77
30.74916,75.82716,381.88,94,2026-06-17,2196,61.68
22.91535,76.04542,339.32,55,2026-08-13,282,13.42
20.08172,85.85373,303.51,75,2026-07-28,2291,10.63
22.11179,72.8839,377.84,93,2026-03-10,1953,65.32
29.38152,78.11561,321.08,92,2026-03-10,2354,3.49
17.71787,83.46206,392.81,100,2026-02-23,1443,79.95
27.04302,75.60688,401.64,94,2026-01-30,1790,46.94
23.88215,86.97624,382.89,100,2026-02-27,609,118.36
20.65506,72.68191,343.02,65,2026-08-04,1678,4.23
26.92415,81.16091,385.55,92,2026-04-18,1903,31.03
12.8891,77.27689,382.36,93,2026-01-03,216,26.46
20.58127,73.03801,341.56,75,2026-04-21,712,17.2
22.56842,86.22818,385.73,86,2026-03-31,865,15.05
22.76682,72.78523,360.25,91,2026-03-23,1285,74.86
29.10021,72.43266,340.75,91,2026-08-16,199,21.81
26.0241,91.74914,397.32,97,2026-01-13,964,31.43
25.54583,85.37475,351.66,92,2026-06-19,2064,70.9
28.48621,76.95242,358.96,88,2026-09-13,2197,36.78
22.20753,80.03344,333.21,87,2026-06-18,254,22.52
22.84323,72.72692,408.69,91,2026-08-03,537,108.67
22.8399,86.19283,386.21,93,2026-01-14,1522,93.83
25.10328,75.79407,328.16,37,2026-05-09,20,17.41
25.72415,86.09783,384.17,97,2026-05-20,1926,115.58
19.86083,75.13752,351.33,95,2026-06-23,428,27.16
29.58378,78.43058,340.98,87,2026-05-19,749,5.75
23.49017,87.09587,393.2,94,2026-09-08,1243,35.46
18.49599,73.79377,396.12,95,2026-01-25,417,33.24
11.07006,75.24811,341.72,87,2026-05-07,1091,13.12
21.19433,71.88482,330.2,94,2026-02-06,1866,3.66
19.16323,72.96121,386.39,99,2026-08-28,280,89.74
13.14665,80.44545,375.68,92,2026-02-08,359,13.69
21.12302,81.13277,406.97,95,2026-07-01,1976,71.86
26.9978,78.21516,321.18,65,2026-07-18,1054,9.56
17.41586,78.62878,374.18,93,2026-06-11,1974,55.59
21.98502,70.6392,383.93,96,2026-01-20,2248,34.85
32.4872,75.85436,336.63,81,2026-03-01,1902,12.13
28.74724,77.23708,389.51,95,2026-02-27,927,35.77
25.60285,84.90321,380.65,92,2026-08-10,1227,46.83
18.40394,74.087,381.6,97,2026-03-12,1904,104.67
28.55108,77.07011,404.48,94,2026-03-28,1286,55.75
25.68002,86.30603,392.59,94,2026-08-17,219,73.01
23.21758,87.32629,321.04,55,2026-05-16,2120,0.52
21.34343,81.61106,310.61,43,2026-09-09,1025,5.3
21.13487,78.97722,379.35,96,2026-06-15,1467,29.21
18.84774,74.66045,339.71,85,2026-08-10,1451,18.2
26.72353,81.07834,327.4,76,2026-05-28,394,4.74
21.15491,79.03381,355.77,87,2026-01-24,2087,41.78
26.99995,80.94393,374.27,93,2026-09-01,1553,56.25
11.11827,77.09949,361.95,90,2026-09-12,1628,18.68
24.33163,87.99845,328.71,84,2026-08-31,1301,12.23
23.43422,85.27911,386.46,96,2026-06-13,1350,44.51
30.80302,75.51908,393.33,93,2026-08-22,496,42.27
24.24068,76.45151,321.58,91,2026-02-13,438,11.76
22.95491,72.68813,404.53,97,2026-04-05,44,83.66
22.83995,86.19312,392.9,91,2026-07-11,436,48.53
22.03165,72.90973,311.14,50,2026-08-05,404,14.85
28.7469,77.2369,388.78,97,2026-09-02,789,26.97
20.61386,73.03194,388.48,97,2026-08-14,726,39.17
23.88182,86.97594,392.88,96,2026-02-11,1718,83.42
25.65296,85.38817,379.36,98,2026-05-11,2216,117.48
23.19996,72.41811,384.82,98,2026-08-22,1662,67.92
26.17473,91.71074,354.27,90,2026-03-07,1484,78.74
28.58894,77.10946,366.38,96,2026-07-21,1040,68.17
29.45512,76.93381,403.64,97,2026-03-14,330,115.66
23.20537,87.30783,301.34,43,2026-07-26,2258,4.58
21.23404,79.13275,396.85,97,2026-06-19,2124,66.65
13.26315,77.44197,389.34,95,2026-02-23,2280,77.95
22.35496,73.21088,404.88,98,2026-08-27,2042,61.76
21.1231,81.13315,406.87,99,2026-01-15,996,66.91
29.13484,77.13136,332.11,70,2026-04-04,2064,9.78
23.60204,87.03615,383.05,97,2026-04-09,18,98.86
25.52839,84.10665,330.95,89,2026-01-29,770,20.93
23.83991,87.10904,384.19,93,2026-06-03,612,110.55
28.46375,77.14489,394.16,93,2026-04-06,767,86.33
23.07592,73.04617,392.04,97,2026-09-01,402,104.61
23.49744,87.38722,377.95,90,2026-01-22,1648,38.87
24.9136,84.82399,337.31,49,2026-06-08,2024,9.24
27.90693,73.139,391.68,92,2026-06-09,618,99.96
16.71028,84.16869,322.67,85,2026-01-14,241,3.3
20.68136,72.76727,372.33,95,2026-01-27,2252,34.39
30.81946,76.13985,360.44,94,2026-06-25,1519,46.5
18.02955,72.19519,320.36,85,2026-04-22,589,21.96
10.01725,76.1682,317.4,71,2026-04-12,1903,12.71
30.61096,75.72645,362.5,98,2026-05-08,171,74.14
31.52883,75.73793,392.3,93,2026-06-29,2263,45.29
18.34509,83.92252,325.29,93,2026-04-13,208,5.58
22.50006,88.47285,397.93,91,2026-03-24,90,112.32
23.47125,87.14307,383.69,92,2026-06-18,1677,51.03
26.9401,75.83113,404.27,99,2026-09-05,1636,50.63
10.09576,76.18325,372.47,95,2026-06-20,184,117.27
20.9334,72.72911,351.69,87,2026-03-24,477,65.53
26.99098,75.51708,391.86,92,2026-05-21,1472,57.84
27.86312,73.43509,374.88,94,2026-06-29,2118,36.06
12.9562,77.66719,381.5,99,2026-06-30,1791,103.16
25.31784,85.31126,355.36,86,2026-05-21,235,39.93
22.04449,80.19053,322.81,82,2026-09-01,1898,8.77
27.07331,81.14188,388.96,91,2026-09-03,1143,20.39
25.44891,85.13416,306.93,62,2026-01-05,2316,6.02
26.44861,79.05965,342.83,91,2026-05-09,2069,7.13
25.20746,90.77139,335.14,95,2026-07-15,1275,5.85
22.11217,72.88382,379.52,100,2026-01-17,423,28.18
23.86035,73.30429,340.73,92,2026-01-05,208,7.64
19.1505,72.70597,332.74,65,2026-04-26,2041,15.91
18.51182,73.95803,401.95,97,2026-06-10,2389,51.25
19.80379,75.42484,398.87,100,2026-08-23,1002,99.09
19.43217,72.98302,301.26,76,2026-03-19,746,8.02
29.21089,76.05739,332.98,95,2026-08-22,2004,15.4
25.84989,85.27596,383.87,99,2026-05-30,1483,92.18
12.73401,79.88221,390.78,94,2026-07-17,2080,89.29
22.24183,70.82397,374.95,95,2026-01-08,1339,39.84
28.52614,77.38414,404.36,99,2026-02-12,219,111.85
23.44543,73.86437,332.84,82,2026-04-19,1626,17.91
19.74013,74.01877,335.44,59,2026-09-07,604,5.99
28.50009,77.30714,388.72,92,2026-03-14,1578,64.22
31.14824,75.51007,372.5,94,2026-01-06,1392,113.37
25.23731,86.3123,368.95,92,2026-02-05,1505,67.1
24.92901,75.55892,315.11,50,2026-08-26,1900,12.09
19.28431,74.4453,324.23,89,2026-08-20,1277,21.69
26.15501,72.97308,395.04,98,2026-04-14,1008,100.65
24.33437,74.98824,325.58,88,2026-08-27,599,18.24
19.75609,75.69401,399.9,100,2026-03-27,793,97.7
26.09892,79.05829,322.43,91,2026-05-27,458,16.2
20.16179,85.84279,373.1,93,2026-08-01,995,107.24
22.11461,73.2376,334.33,57,2026-09-11,27,17.2
28.54988,77.23213,384.62,94,2026-03-26,270,56.72
25.71788,86.45816,324.77,49,2026-08-05,195,16.65
28.30011,77.29062,371.9,87,2026-07-07,169,58.49
25.33913,76.10926,364.46,98,2026-08-11,970,41.06
12.88893,77.27708,376.49,95,2026-02-13,1024,91.79
18.9972,73.00513,396.85,99,2026-01-04,2366,60.54
26.66824,80.96205,398.55,94,2026-02-08,1684,100.67
22.61482,75.82924,392.44,96,2026-04-20,2022,116.39
31.85511,74.78416,344.3,37,2026-01-25,1575,11.56
25.56883,85.16404,380.37,97,2026-08-01,639,90.1
22.49981,88.47309,384.86,91,2026-09-19,190,105.07
10.21657,76.19495,359.4,93,2026-06-21,2008,26.0
31.83301,74.78477,376.57,99,2026-01-30,1955,88.13
24.37688,84.96897,397.65,93,2026-01-18,1509,90.47
23.06227,86.22718,386.0,94,2026-05-01,2114,26.55
10.10944,76.01159,322.31,48,2026-08-13,1637,4.96
16.67791,80.87599,351.25,85,2026-02-05,1605,61.36
23.75726,86.78796,360.67,84,2026-03-14,618,66.59
22.59971,73.38943,376.54,86,2026-03-18,350,25.88
21.07903,81.49285,401.21,93,2026-08-13,1026,25.04
29.63588,76.90397,383.47,99,2026-04-05,1710,29.22
19.96291,73.63219,382.32,94,2026-03-17,611,91.79
25.79323,76.82909,320.38,85,2026-07-29,2060,13.57
22.27305,88.04848,303.38,46,2026-09-16,2046,1.64
20.42278,85.72916,390.71,95,2026-01-20,342,85.59
25.30105,86.5939,409.13,93,2026-01-31,258,64.73
17.4161,78.62903,373.48,95,2026-04-11,47,72.71
17.74817,83.3401,378.41,99,2026-04-28,457,113.89
26.40882,91.90312,401.82,94,2026-01-08,67,28.67
21.18337,73.87303,341.22,80,2026-04-01,1919,13.59
30.74903,75.82675,401.7,92,2026-02-26,1310,71.71
18.80484,72.69098,384.87,100,2026-09-18,244,52.88
26.38087,80.38812,385.23,97,2026-02-07,882,58.1
17.57254,78.1591,332.01,37,2026-01-05,1360,13.45
18.68297,73.96476,302.39,58,2026-02-25,721,4.21
28.50817,77.03193,395.14,95,2026-04-13,1491,115.3
26.17618,91.95496,388.85,98,2026-04-14,137,77.94
27.04616,78.06777,376.59,97,2026-07-10,877,83.82
25.37512,86.54997,301.29,35,2026-06-01,604,10.39
24.05517,86.23228,334.76,85,2026-09-04,1340,20.45
27.24923,79.46552,327.28,83,2026-04-15,2179,3.34
17.46595,78.53824,408.24,96,2026-07-04,351,32.47
22.54299,75.77106,377.81,96,2026-01-10,788,56.68
28.87777,77.50999,328.86,62,2026-07-02,2092,10.46
19.29186,72.91424,388.32,91,2026-04-30,1100,86.49
26.44997,72.71717,396.33,94,2026-05-22,776,70.32
26.90422,80.89524,407.12,98,2026-01-12,1496,87.7
23.4558,89.3499,322.07,93,2026-03-31,1207,15.97
17.7949,83.13218,380.3,91,2026-08-19,419,70.49
26.96115,78.04597,309.35,65,2026-01-08,485,3.45
20.09585,85.71215,303.78,67,2026-02-04,2351,16.06
23.42082,85.5628,306.53,42,2026-01-12,1217,8.7
26.15017,72.94401,383.51,98,2026-09-19,2287,71.75
31.53717,74.76093,374.89,94,2026-07-12,1716,99.65
26.74395,75.59704,393.1,94,2026-01-28,945,86.45
26.24619,80.31922,378.52,99,2026-07-11,1866,32.14
9.80192,76.55812,334.07,69,2026-09-15,1462,3.79
26.827,75.66398,379.27,100,2026-03-05,950,62.36
16.51784,80.84681,378.64,99,2026-03-14,1113,69.29
23.55078,84.96685,334.05,73,2026-04-25,1376,17.51
26.14687,80.65193,382.34,100,2026-07-17,1115,64.47
20.31858,85.49361,305.83,63,2026-04-07,1098,4.41
26.14702,80.65198,380.18,93,2026-05-07,916,29.93
23.1873,70.05844,343.3,84,2026-05-05,170,12.87
22.20753,80.03322,328.56,94,2026-07-24,2057,5.18
19.02825,72.80913,397.53,98,2026-07-30,608,36.04
18.42411,73.96722,383.46,93,2026-01-24,22,39.58
23.01114,76.0248,385.11,96,2026-08-18,2363,72.45
20.5095,85.64595,363.85,99,2026-08-21,1974,47.88
24.53354,88.06951,342.07,89,2026-02-15,837,15.6
31.24776,74.92989,403.42,93,2026-04-19,1691,42.79
12.73405,79.88175,384.75,94,2026-08-03,2102,87.32
22.10742,73.25717,359.48,94,2026-01-05,998,48.96
31.14069,75.75292,337.71,37,2026-08-10,567,15.63
13.16308,77.64895,382.22,97,2026-02-25,637,56.66
26.29571,80.07127,332.75,78,2026-08-30,561,5.25
23.23495,89.22538,328.83,86,2026-07-08,1805,10.24
19.4922,73.27103,382.16,98,2026-02-26,1791,84.57
27.35226,74.08373,340.93,87,2026-06-14,2325,18.58
16.66218,80.7131,372.46,96,2026-03-20,938,93.42
22.27671,80.74364,335.43,90,2026-07-18,561,17.73
13.00526,77.6146,371.35,97,2026-07-25,1899,25.79
26.50553,80.65596,340.6,73,2026-07-16,807,12.35
22.737,86.38125,392.75,100,2026-08-13,102,80.18
22.56,88.19295,398.24,91,2026-05-28,1172,64.86
28.42748,77.36851,373.86,94,2026-02-03,1724,19.48
19.57881,72.91815,377.79,92,2026-06-05,1547,83.78
21.45686,72.71204,390.42,97,2026-07-04,362,39.79
21.01343,81.48279,305.39,42,2026-05-22,1380,3.3
25.56878,85.1642,380.86,91,2026-07-25,1142,39.91
20.1432,85.69504,311.86,50,2026-09-08,664,1.85
22.27905,70.66612,373.08,97,2026-09-12,270,30.35
26.38115,80.38794,394.56,98,2026-08-16,1540,93.44
18.11527,79.49297,330.28,89,2026-02-14,1328,17.68
29.57994,76.79118,392.43,91,2026-04-14,1586,30.35
25.26918,86.45173,375.01,94,2026-05-27,1132,72.26
18.49601,73.79411,378.23,100,2026-03-27,1264,51.03
25.43172,85.32491,332.94,59,2026-09-03,2139,10.34
14.12467,79.39893,335.9,94,2026-03-02,1038,3.97
30.26845,77.94554,340.53,89,2026-08-10,2235,17.83
26.36176,80.59394,376.69,91,2026-06-11,855,29.46
23.42778,86.13591,395.88,91,2026-05-03,2232,35.81
23.70279,86.4148,315.67,73,2026-03-27,1033,13.6
23.66192,84.2981,327.19,84,2026-02-24,1302,4.07
17.74791,83.33978,386.3,98,2026-01-09,1642,58.74
22.2112,70.89507,357.7,89,2026-01-31,118,12.97
23.54447,87.07609,384.63,92,2026-07-01,1984,77.26
27.23474,75.71175,335.41,68,2026-05-12,621,2.9
29.70685,77.19881,402.44,91,2026-02-19,248,53.38
13.0032,80.13023,404.42,96,2026-06-25,1805,58.58
23.23519,89.22532,321.09,87,2026-06-12,1705,3.68
21.36582,85.05032,323.47,80,2026-07-03,1740,21.53
25.153,86.56194,382.07,100,2026-05-13,1488,44.48
19.06491,72.78288,407.27,97,2026-01-31,268,106.61
31.01308,75.77294,407.68,92,2026-01-18,92,37.01
12.88324,80.12769,380.7,97,2026-04-02,1441,21.83
17.68064,78.3881,379.19,87,2026-02-03,766,31.31
22.54282,75.77088,407.98,95,2026-03-31,1804,46.69
20.88204,72.9652,405.28,100,2026-06-09,1537,42.36
19.91893,73.83492,392.1,93,2026-03-27,1397,64.17
19.49199,73.271,375.79,91,2026-08-25,286,81.12
19.80423,75.42507,397.83,91,2026-06-14,1298,78.62
21.15568,72.50267,320.31,58,2026-01-31,1657,4.35
12.11173,79.34725,326.41,91,2026-09-12,1043,16.74
25.48117,86.60293,403.61,100,2026-07-31,698,88.4
18.09581,73.82282,340.3,82,2026-05-04,457,22.91
27.02337,81.02732,302.93,55,2026-03-17,1501,10.88
26.13748,80.099,342.3,93,2026-07-14,1814,8.18
27.21305,75.48944,322.06,70,2026-01-01,1928,1.21
23.50202,87.509,405.68,91,2026-01-15,1798,109.85
23.72311,87.33485,376.16,96,2026-04-16,640,54.68
12.11181,79.3473,325.54,80,2026-01-20,1082,16.83
25.86082,84.70079,387.3,96,2026-03-09,61,32.56
11.04912,76.81594,388.27,95,2026-08-02,2053,29.45
25.16784,85.97113,374.22,92,2026-02-28,2318,93.77
13.00288,80.13021,384.53,91,2026-06-19,37,70.82
30.70452,75.56578,368.39,90,2026-04-20,2148,36.57
30.957,75.60118,395.45,99,2026-05-06,497,32.37
26.24666,72.80864,335.41,62,2026-03-15,1588,8.52
23.26622,77.31981,378.25,97,2026-08-20,462,40.8
23.05761,86.45601,355.28,98,2026-04-23,195,44.27
18.11548,79.49325,324.88,80,2026-07-05,641,3.22
16.7103,84.16878,328.34,89,2026-06-09,1973,21.53
12.97382,80.36122,384.78,96,2026-05-26,19,90.87
19.0952,72.91823,384.47,97,2026-01-23,661,115.97
28.54076,77.27097,403.9,96,2026-06-02,1659,72.32
29.55199,76.69658,318.33,52,2026-01-31,3,17.97
28.59011,77.25981,394.12,98,2026-07-29,144,34.4
28.68618,77.2772,381.74,95,2026-07-16,1887,29.57
28.281,76.85519,377.3,98,2026-04-02,854,36.96
20.08912,75.63034,327.52,73,2026-06-23,746,2.46
22.64707,88.54729,357.08,97,2026-07-06,558,64.11
17.69536,83.41381,331.78,70,2026-08-29,890,6.19
10.85379,77.11389,407.02,95,2026-02-10,274,30.75
30.74893,75.82705,405.85,95,2026-02-09,391,46.57
18.99627,76.353,329.74,81,2026-01-27,608,10.86
23.22595,77.39679,338.97,69,2026-03-05,943,10.74
22.5431,75.77088,402.95,92,2026-08-14,2067,90.88
28.48277,77.54399,376.96,92,2026-03-02,1997,67.05
21.38504,81.40321,397.68,97,2026-05-01,1432,111.16
22.19185,70.84412,377.47,99,2026-09-17,1029,94.47
27.06985,73.6965,342.94,80,2026-01-26,280,14.68
27.50437,78.00852,343.51,83,2026-05-12,1038,19.9
16.22464,80.89936,341.05,74,2026-05-18,113,6.16
23.88225,86.97613,389.18,92,2026-06-18,588,59.49
20.96996,79.31006,379.6,100,2026-03-08,1853,94.77
23.85814,87.07547,320.66,47,2026-07-10,1517,14.07
20.00577,73.65204,382.64,98,2026-04-13,1181,48.17
19.82482,73.52512,336.93,69,2026-09-16,1757,14.58
16.30741,80.87927,361.26,82,2026-09-12,542,39.98
28.35182,76.94998,406.48,91,2026-09-04,771,107.62
22.86477,72.62893,398.36,97,2026-01-29,1445,75.81
25.34465,86.07253,367.82,96,2026-01-07,2032,36.21
23.12819,72.28025,401.41,95,2026-03-17,109,69.04
25.15305,86.56182,391.81,95,2026-03-29,1377,71.74
27.84805,73.23199,404.45,96,2026-02-25,513,113.83
22.69292,88.47078,396.26,99,2026-08-01,2087,110.75
23.54695,85.99999,407.48,100,2026-02-08,634,29.75
10.0962,76.18312,398.49,100,2026-06-15,1164,56.03
12.95619,77.667,406.34,99,2026-07-21,1117,40.16
31.27372,75.86853,352.74,82,2026-06-15,1799,75.63
24.10097,84.26463,325.29,81,2026-03-29,1311,15.06
25.15324,86.56215,397.27,92,2026-04-06,1993,117.24
22.97888,72.34605,375.9,100,2026-07-30,786,64.77
20.45386,85.59997,399.27,92,2026-03-14,439,37.94
9.64989,76.67404,388.53,91,2026-06-19,1781,31.22
28.80526,77.54148,311.77,37,2026-01-30,1821,13.85
20.85146,73.0011,302.86,40,2026-07-19,298,4.16
20.28821,85.73193,385.85,96,2026-07-26,357,91.12
31.3169,75.40211,407.39,96,2026-01-03,252,37.36
22.69496,75.94899,399.94,100,2026-06-21,1663,47.04
20.36518,71.9309,330.86,93,2026-09-09,1744,19.63
27.12214,75.78076,374.04,100,2026-03-23,1751,72.77
27.77116,73.38997,390.72,95,2026-08-21,300,83.49
29.30633,78.1342,334.11,87,2026-08-08,1519,21.36
25.28702,75.75617,399.56,94,2026-08-20,785,94.1
25.87504,85.39487,363.99,99,2026-01-17,1234,26.99
24.96482,85.29739,315.68,41,2026-07-11,1211,2.88
17.57518,83.29405,373.14,91,2026-04-29,1557,96.52
9.68723,76.39487,391.48,95,2026-08-19,254,107.66
25.16811,85.97115,389.3,100,2026-01-23,1722,28.02
10.15181,76.07103,393.9,94,2026-08-05,1857,108.8
20.01583,73.50633,388.48,95,2026-02-02,2115,30.87
9.68687,76.39508,374.27,97,2026-05-13,357,73.87
30.80311,75.51903,391.98,97,2026-01-13,410,67.35
25.09505,72.20645,340.0,80,2026-07-07,1438,4.96
31.14817,75.5101,394.36,93,2026-04-26,1141,92.8
27.36483,78.06693,378.13,100,2026-07-27,512,45.08
25.48118,86.60284,401.02,92,2026-03-22,1455,86.88
27.52232,76.64189,339.19,84,2026-04-18,1483,16.48
31.66715,75.84889,385.64,97,2026-03-28,2178,54.22
17.79508,83.13214,385.15,100,2026-06-24,1569,42.86
24.50679,87.36064,331.58,92,2026-09-09,1455,9.41
23.62503,86.33611,386.62,93,2026-08-08,55,46.7
21.36601,85.05012,336.35,81,2026-05-23,1400,6.4
29.70714,77.19911,396.35,98,2026-06-09,1542,39.5
17.69317,72.81856,342.7,92,2026-08-05,432,9.24
21.45857,72.719,306.9,39,2026-02-23,1513,16.17
28.47913,77.36107,393.74,95,2026-05-23,1661,69.78
18.34679,73.62513,314.43,42,2026-06-06,1838,13.09
21.32515,71.76831,339.09,84,2026-01-17,2276,20.67
23.47103,87.14322,384.29,96,2026-08-05,1093,74.22
12.73911,77.93999,315.39,38,2026-06-20,1950,12.53
28.55099,77.06999,408.75,95,2026-04-12,256,43.0
31.79112,74.98214,389.61,93,2026-05-07,778,67.92
25.13514,86.21414,377.79,87,2026-04-21,1804,31.38
25.19779,75.67011,392.58,91,2026-02-01,2026,90.51
28.36849,76.86896,304.13,63,2026-04-02,1264,5.62
22.35376,75.7189,378.82,95,2026-09-04,1959,46.99
26.00885,73.29202,387.0,93,2026-07-24,301,113.45
22.6968,75.78921,399.57,96,2026-08-02,62,114.1
31.01997,76.00114,395.18,97,2026-05-24,1680,101.89
28.27336,73.33296,310.56,39,2026-02-18,1210,7.76
26.09521,91.78911,382.78,99,2026-01-07,2251,43.17
20.2228,73.6168,403.66,100,2026-05-08,1889,51.02
21.33016,81.73774,351.65,93,2026-03-14,1747,28.36
21.63401,69.98368,338.71,83,2026-02-21,339,20.37
26.74409,75.59698,377.98,95,2026-08-15,1523,85.73
24.53336,88.06981,337.29,89,2026-01-31,1345,24.73
23.92027,85.52111,343.56,87,2026-02-06,904,14.07
28.50925,77.52143,313.25,60,2026-09-20,130,14.27
22.54279,75.77087,400.04,96,2026-04-25,2247,31.29
22.06003,70.7528,310.75,66,2026-04-30,465,17.37
22.34354,78.35183,322.64,80,2026-01-28,2168,17.64
19.17514,73.12015,388.07,92,2026-03-14,1313,106.07
27.24536,79.21921,332.68,91,2026-03-25,859,22.84
31.83281,74.78503,392.41,99,2026-03-29,2140,89.27
25.52402,85.81839,300.4,50,2026-06-13,1588,0.59
21.07093,81.72128,372.04,93,2026-04-20,957,36.93
26.92891,81.15047,375.28,97,2026-02-16,0,28.15
26.64769,80.9673,309.57,69,2026-06-29,996,9.06
20.32393,72.88086,375.74,97,2026-07-17,1305,74.82
22.60855,72.85322,308.12,43,2026-02-03,1351,1.19
19.90802,75.27808,403.16,96,2026-06-28,1685,35.43
23.00683,86.2841,407.3,91,2026-02-23,162,40.53
19.32076,72.77307,406.27,91,2026-09-09,859,96.94
17.31214,78.60721,380.55,100,2026-09-12,2083,34.54
26.90382,80.89503,395.69,98,2026-01-08,457,56.45
24.49561,85.20391,366.26,86,2026-08-27,919,37.12
31.22888,75.74684,394.75,98,2026-01-27,810,51.44
17.4149,79.83346,340.93,93,2026-01-19,564,3.54
25.38399,86.21286,388.29,99,2026-03-08,106,40.82
17.41606,78.62885,379.77,91,2026-06-07,2051,58.16
21.00522,79.24421,383.84,91,2026-05-08,1557,99.07
31.49274,75.8048,318.27,58,2026-03-09,1429,6.24
21.63439,69.98348,330.81,84,2026-08-10,2118,5.28
23.42598,77.58603,368.18,96,2026-04-02,1843,61.98
12.92504,80.26815,373.1,100,2026-06-26,1225,72.55
11.11884,77.06988,379.96,89,2026-02-24,1175,32.21
18.18271,74.03896,317.97,59,2026-07-28,540,4.89
24.2634,76.922,333.64,93,2026-09-03,247,24.85
22.69491,75.94875,380.61,95,2026-09-15,2056,98.29
19.56107,73.05922,404.43,99,2026-02-28,392,63.75
9.80931,76.04493,371.79,94,2026-04-18,1650,79.54
21.09402,78.76617,404.0,91,2026-07-19,1366,45.15
23.63883,87.1448,388.16,95,2026-05-29,793,35.55
26.80738,80.95949,384.06,93,2026-05-10,497,39.76
26.5661,80.46447,356.11,86,2026-03-25,1580,62.24
21.35895,81.78475,312.6,59,2026-06-08,828,7.74
23.8604,73.30425,340.25,89,2026-08-01,2168,13.33
21.16597,72.58913,382.67,97,2026-04-22,50,91.73
28.51522,77.51956,369.89,84,2026-03-06,1091,32.17
26.1468,80.65182,381.1,96,2026-07-14,832,104.68
25.26378,75.8151,383.16,92,2026-09-15,300,56.05
17.71819,83.46193,387.48,92,2026-01-26,2222,109.55
10.09313,76.10893,409.83,100,2026-09-04,1315,102.53
26.155,72.97285,376.84,93,2026-09-14,2315,76.35
26.27733,86.86968,334.77,95,2026-08-09,1965,7.28
20.2231,73.61713,406.28,91,2026-09-19,853,57.13
26.34752,91.92142,361.45,82,2026-05-13,1886,12.31
31.01317,75.88967,356.14,83,2026-03-30,1823,24.29
21.46637,72.7198,363.83,99,2026-09-14,1978,59.78
20.36068,85.85949,356.42,93,2026-08-15,1229,30.83
21.17902,71.96091,335.63,80,2026-02-28,717,11.96
23.63415,86.06116,374.55,92,2026-06-14,38,56.1
24.46415,86.88086,342.69,95,2026-07-02,1051,8.74
22.50013,88.47301,404.84,95,2026-03-27,1809,88.12
31.44107,75.71124,401.62,92,2026-07-27,924,101.49
24.46445,86.88094,341.25,82,2026-05-29,169,13.3
10.85397,77.11408,378.79,94,2026-05-10,471,66.6
27.49079,77.88383,398.07,91,2026-09-13,619,85.67
25.47044,86.10346,328.2,41,2026-06-11,784,11.85
23.39366,87.58817,323.8,76,2026-04-11,1646,6.47
25.67975,86.30605,383.35,99,2026-04-09,1227,91.3
20.8995,79.10015,332.36,51,2026-09-08,1810,7.56
20.88202,72.96498,407.41,95,2026-08-24,1345,72.41
9.19214,75.18722,328.07,82,2026-06-25,2232,17.57
17.715,83.19725,377.53,94,2026-04-30,210,25.55
22.38054,73.01694,381.42,95,2026-09-16,539,36.28
21.3222,72.30523,320.76,89,2026-08-19,2134,19.57
31.24799,74.92986,408.36,91,2026-08-18,1178,70.23
30.65232,75.98667,378.61,83,2026-08-08,1328,34.45
19.13927,72.60992,378.43,99,2026-05-16,3,39.71
25.7631,85.22678,310.84,49,2026-07-27,637,13.29
25.67982,86.3062,390.29,91,2026-03-20,2305,108.6
23.20756,85.48647,367.55,92,2026-03-02,769,60.09
28.06899,73.34717,408.77,92,2026-03-08,1823,59.77
24.75641,88.0989,327.53,93,2026-06-26,85,12.88
28.55109,77.06979,385.39,91,2026-02-11,2208,106.63
28.58988,77.26017,389.78,100,2026-09-04,1174,49.63
28.47237,77.64728,317.73,60,2026-01-19,2198,16.86
24.80712,84.70705,402.6,93,2026-04-01,1618,119.07
31.22891,75.74712,390.14,94,2026-03-03,561,118.16
25.55006,86.24304,338.85,37,2026-01-11,2113,6.17
22.39311,75.76196,401.23,92,2026-05-29,253,84.46
30.28567,76.47589,329.85,92,2026-03-23,995,24.94
28.2002,77.10424,381.41,96,2026-03-30,910,63.4
23.63911,87.14496,409.28,99,2026-01-01,2148,55.19
10.87317,77.07809,406.52,94,2026-06-14,2098,111.77
21.00507,79.24406,405.77,99,2026-06-21,1470,39.32
10.09606,76.18324,406.5,91,2026-01-21,1566,78.51
28.18278,77.1025,325.22,49,2026-09-11,1427,11.28
28.46807,77.09305,372.23,94,2026-06-06,2204,71.53
26.16231,73.2865,339.77,74,2026-07-13,1741,9.11
25.481,86.60293,403.54,99,2026-05-29,1161,100.47
28.55106,77.07008,385.88,100,2026-06-14,134,113.51
20.91678,79.16998,382.08,94,2026-01-06,575,105.42
21.05269,73.06887,338.78,50,2026-02-25,1854,16.82
20.45605,73.05608,394.87,99,2026-04-27,1602,55.27
27.07092,72.19,323.49,91,2026-08-16,1269,13.71
28.01283,74.85721,320.73,83,2026-06-23,1997,14.35
26.99076,75.51705,387.22,93,2026-02-28,2163,51.66
10.06911,76.44422,373.55,97,2026-07-15,2241,42.07
23.34382,77.39993,381.08,96,2026-02-16,106,54.54
27.96062,76.89835,325.09,86,2026-02-15,823,20.74
31.38228,75.22164,308.99,62,2026-06-24,1267,13.42
22.05307,70.99608,323.14,65,2026-06-01,2200,14.78
27.18781,78.08387,374.69,99,2026-06-28,1091,27.65
19.96309,73.63176,384.34,94,2026-05-30,189,72.18
23.60208,87.03617,377.9,93,2026-04-28,175,90.14
25.48116,86.60301,392.05,93,2026-03-08,720,39.65
21.13488,78.97691,380.91,99,2026-08-31,1288,82.86
28.48311,77.40604,376.22,98,2026-09-14,1596,116.23
23.12793,72.28009,379.44,93,2026-09-16,485,31.03
24.79792,86.07406,340.5,88,2026-04-03,2264,8.33
25.30108,86.59419,402.36,100,2026-03-29,2271,58.2
23.24572,77.55363,323.77,74,2026-04-07,482,11.54
25.66603,85.25809,401.88,95,2026-04-21,519,112.13
23.2662,77.32016,391.66,98,2026-08-03,1391,104.54
27.18803,78.08403,373.32,100,2026-01-08,907,113.02
16.56763,80.79832,307.65,62,2026-01-27,2010,1.75
17.87765,82.94599,373.76,86,2026-07-29,1974,59.01
29.58024,76.79092,383.21,96,2026-03-12,219,34.7
16.23468,80.76531,363.65,98,2026-06-28,2146,65.51
17.42688,78.29321,391.67,92,2026-06-28,767,89.0
28.48279,77.54395,374.24,94,2026-08-27,1284,78.18
19.71111,75.43696,386.83,100,2026-03-15,37,119.81
19.56086,73.05886,391.49,97,2026-04-16,749,95.85
27.11347,81.10047,364.99,85,2026-07-18,1723,27.07
10.69196,77.09665,342.84,83,2026-01-06,1009,15.05
17.92571,83.34345,380.69,82,2026-06-28,464,26.14
27.12926,75.65277,302.81,51,2026-06-11,1578,17.18
18.40423,74.08706,374.36,94,2026-03-06,1644,28.32
22.6168,86.10807,408.45,98,2026-06-08,2156,50.27
25.32786,86.47892,373.28,91,2026-01-01,2168,91.64
30.5689,75.98278,338.95,66,2026-08-07,1419,11.14
12.99314,80.36084,392.59,96,2026-08-15,1267,86.88
26.78872,75.80059,389.91,85,2026-07-06,167,38.16
25.60321,84.90306,378.85,92,2026-07-26,1003,40.95
19.55618,75.57013,391.64,97,2026-04-13,2019,113.32
24.57577,84.96609,402.02,99,2026-03-20,1468,44.42
25.05276,76.06416,394.23,92,2026-09-11,2171,84.81
23.40188,85.85401,367.99,87,2026-05-23,1027,13.42
31.69644,74.62864,378.43,90,2026-08-12,1864,56.94
27.22616,78.09796,395.9,91,2026-09-15,1027,75.56
19.96302,73.63176,408.19,98,2026-07-20,1471,106.2
26.99078,75.51715,383.22,95,2026-01-12,1908,54.87
28.26416,77.16918,375.09,99,2026-07-28,1211,92.37
29.60904,76.90004,311.64,78,2026-06-30,1392,13.87
21.0992,72.78298,388.41,99,2026-07-13,597,113.77
25.72388,86.09785,380.55,95,2026-09-16,1492,119.31
28.5002,77.3068,389.05,93,2026-03-25,1262,48.06
31.8506,74.61974,373.98,90,2026-01-02,464,15.48
20.56022,72.61204,321.54,42,2026-08-06,400,7.67
27.22616,78.09783,377.97,91,2026-03-01,690,97.7
16.25407,80.31211,377.81,97,2026-03-15,172,56.66
23.20939,85.59345,359.51,93,2026-04-07,275,14.48
23.0219,85.92827,369.85,92,2026-03-25,2013,24.25
23.77184,87.13301,374.27,97,2026-08-06,2345,43.09
22.8095,87.10189,344.08,85,2026-08-11,2281,4.71
23.41,72.43161,331.02,82,2026-09-01,1624,21.87
23.43399,85.2789,378.61,94,2026-01-25,147,60.93
28.12009,73.11112,405.53,98,2026-03-24,431,117.12
24.27396,86.4951,339.88,84,2026-03-03,430,20.46
19.41413,73.05598,401.86,93,2026-08-17,2183,71.83
20.91715,79.16983,401.23,99,2026-08-15,2022,35.57
25.32781,86.47905,377.74,96,2026-03-06,2051,106.74
23.5949,86.73905,374.54,100,2026-04-16,1460,40.71
20.21057,86.02658,351.83,99,2026-04-21,45,57.49
26.87435,75.60313,316.57,65,2026-03-24,390,12.62
20.39195,85.86372,353.66,89,2026-02-09,965,66.83
29.58406,78.43055,330.64,88,2026-03-12,1960,14.87
21.13181,81.56407,403.02,98,2026-09-02,1990,49.06
24.10107,84.26435,325.69,81,2026-02-11,1625,20.15
23.28389,72.85928,344.12,56,2026-04-14,992,5.63
19.11135,73.05853,310.83,68,2026-02-04,590,13.96
23.16504,72.11015,374.07,97,2026-03-17,949,58.19
25.2871,75.75589,387.81,92,2026-08-19,2134,49.02
22.39325,75.76222,406.46,99,2026-08-30,1012,96.57
17.6791,83.44184,401.65,99,2026-08-01,1777,116.95
10.01412,76.17391,380.72,91,2026-02-19,2279,52.22
12.76185,80.03252,309.87,47,2026-06-18,373,10.86
21.11222,81.89181,407.53,98,2026-07-17,1507,86.41
22.02467,73.09926,305.73,46,2026-01-08,1865,5.0
20.58034,85.75867,351.47,84,2026-03-10,2126,33.81
28.23605,77.39463,346.6,71,2026-02-13,1592,17.62
23.11093,85.31314,405.21,100,2026-05-23,1409,53.07
21.24768,72.83974,386.0,99,2026-07-29,1257,55.17
28.86667,77.20839,323.58,66,2026-07-17,1289,12.48
24.66176,85.28823,327.39,86,2026-04-06,1110,18.62
24.24052,76.45117,338.5,92,2026-09-20,1961,14.12
19.22647,73.2251,384.94,91,2026-06-11,174,46.5
22.20718,80.03337,327.1,94,2026-03-02,936,14.09
23.09712,72.56184,399.98,100,2026-04-23,1949,90.96
26.13401,91.61771,311.98,54,2026-05-02,348,7.66
25.89514,80.26571,321.66,95,2026-08-17,1281,13.84
11.13892,77.03794,374.4,99,2026-05-19,583,58.28
20.00601,73.65188,384.78,97,2026-03-31,1101,41.23
26.96738,77.72549,334.77,43,2026-02-01,404,9.63
19.14854,72.79744,364.81,85,2026-02-12,1037,67.56
25.02557,75.9419,325.2,41,2026-02-22,1143,9.08
25.19779,75.66984,400.77,91,2026-08-06,2058,53.1
27.24793,78.19196,382.47,95,2026-08-24,1391,29.87
12.99283,80.36113,372.42,93,2026-09-08,499,108.01
25.84976,85.27615,407.45,97,2026-02-03,1206,97.51
27.49094,77.88386,394.51,96,2026-03-25,1158,108.04
24.56529,85.13964,331.8,62,2026-09-14,2129,9.53
23.42806,86.13595,384.7,91,2026-07-13,2288,94.28
23.72279,87.3348,381.33,96,2026-02-11,890,78.28
29.58014,76.79117,383.32,98,2026-08-17,67,60.49
28.12004,73.11098,372.78,94,2026-04-23,1295,75.95
27.5666,75.0651,324.86,87,2026-03-23,774,15.19
25.19582,75.92392,398.31,93,2026-06-14,1417,57.47
23.49008,87.09583,394.42,93,2026-04-30,782,39.89
11.11475,76.63386,325.65,38,2026-09-20,1760,14.58
20.19293,85.86375,368.15,84,2026-07-06,1927,43.38
17.51091,83.19616,385.62,95,2026-02-14,1592,49.88
17.24621,81.34306,327.69,80,2026-07-04,2077,7.34
23.48979,87.09623,374.22,95,2026-03-08,698,94.82
25.0532,76.06407,391.93,100,2026-02-10,1940,67.22
31.61275,74.69222,389.48,96,2026-09-19,1568,51.58
18.50601,73.7978,389.88,92,2026-06-27,1813,27.45
23.05685,77.24092,378.54,91,2026-03-03,1054,104.05
31.53713,74.76076,404.01,98,2026-07-21,2314,102.65
12.87792,77.55689,373.71,99,2026-03-13,2032,50.52
31.02017,76.00118,390.32,100,2026-04-15,701,25.41
26.90399,80.89524,384.47,91,2026-03-16,1538,118.84
25.26312,75.79776,372.56,99,2026-06-14,2338,93.62
25.7169,85.30218,387.33,94,2026-08-30,2097,99.37
19.91252,73.98838,389.04,93,2026-04-10,1799,48.41
25.1679,85.97084,373.56,99,2026-06-09,770,116.0
21.079,81.49283,398.36,92,2026-06-30,44,111.5
21.4572,72.71208,394.62,98,2026-02-04,894,26.69
28.63794,77.37295,375.03,91,2026-07-11,765,57.83
23.42928,87.39999,323.6,68,2026-04-30,251,0.74
31.46076,75.47397,386.77,95,2026-07-25,1916,78.95
23.68485,86.95689,384.0,100,2026-02-03,617,42.91
23.63411,86.06081,387.97,92,2026-01-27,1042,102.21
18.42389,73.69922,373.93,96,2026-08-21,268,76.19
13.2033,77.66934,366.66,88,2026-07-16,1843,75.44
28.82802,77.55183,376.25,97,2026-06-16,1161,79.5
27.98119,73.23008,408.49,92,2026-02-19,1514,74.82
12.74926,77.44618,355.5,89,2026-08-13,1796,74.43
26.16748,77.13007,343.99,84,2026-01-31,740,13.45
20.34644,85.84361,357.42,92,2026-06-14,371,75.37
17.72016,83.34524,400.46,94,2026-01-08,98,30.38
31.24404,75.70512,401.48,96,2026-03-16,2387,91.1
25.22691,86.20888,401.52,93,2026-08-13,483,113.54
22.35408,75.71923,402.98,95,2026-06-09,1289,39.07
28.10801,77.57203,347.56,49,2026-01-29,744,3.58
27.24912,79.46599,342.37,93,2026-06-15,1966,23.37
24.72347,85.19104,304.15,75,2026-05-24,1075,13.13
17.47634,73.02262,328.61,89,2026-05-02,2051,19.4
20.45382,85.59977,402.37,97,2026-03-29,2280,38.69
10.15202,76.07101,396.46,97,2026-06-28,252,33.5
32.48675,75.85424,339.12,88,2026-08-03,2231,6.46
18.51189,73.95813,386.9,99,2026-09-05,1018,69.95
20.06295,72.75281,313.71,63,2026-08-23,729,16.88
20.98228,81.55247,380.93,88,2026-04-03,1467,23.4
23.92043,85.521,340.22,88,2026-06-15,32,21.35
14.2299,81.31866,342.35,87,2026-04-03,496,3.38
31.14794,75.50976,381.59,98,2026-04-08,1318,94.06
28.59015,77.26006,391.57,97,2026-05-26,1913,57.6
17.24267,78.56947,386.95,97,2026-01-08,1441,54.0
21.1115,78.88256,328.5,35,2026-06-19,2035,14.15
21.13484,78.97724,384.74,100,2026-04-29,2303,58.15
25.85011,85.2758,383.35,91,2026-01-31,1932,96.44
26.55746,80.59349,359.72,84,2026-04-05,706,39.04
22.40813,71.01209,341.94,48,2026-01-01,1075,8.86
24.87125,85.26318,357.04,98,2026-04-12,2181,55.41
31.04472,75.78272,326.01,61,2026-05-08,1662,15.66
28.384,77.17563,351.67,91,2026-02-23,2173,58.37
27.2262,78.09777,378.97,99,2026-09-07,2108,49.75
30.79895,75.97416,407.33,99,2026-04-23,1094,60.53
19.09505,72.91796,386.14,92,2026-09-06,559,80.63
26.17788,91.7622,389.24,94,2026-07-21,833,35.78
26.75084,75.62691,386.58,100,2026-01-31,625,105.9
23.68445,87.50835,311.32,52,2026-03-11,886,3.79
25.5284,84.10642,332.46,93,2026-02-02,845,20.79
25.63954,79.27157,323.72,86,2026-05-11,701,16.74
26.31407,91.76008,395.26,99,2026-04-08,1614,32.49
23.4558,89.34976,325.11,80,2026-06-01,1975,24.36
21.24921,72.7198,406.44,99,2026-03-19,2183,25.15
23.47279,87.25266,353.48,89,2026-06-19,715,75.7
28.11976,73.11086,400.9,96,2026-02-25,1647,56.83
30.88585,75.92009,375.43,91,2026-05-06,697,26.63
28.47179,76.98021,344.18,67,2026-03-04,2377,9.66
19.41425,73.05589,380.16,98,2026-06-28,798,57.78
23.51706,87.0158,370.78,82,2026-02-05,151,49.87
22.83982,86.19296,375.56,94,2026-02-14,2270,57.4
16.78803,80.5062,345.26,48,2026-06-28,2285,13.03
19.06427,73.18298,321.54,72,2026-06-01,1825,2.08
19.90092,75.12774,319.42,46,2026-05-02,861,6.87
22.67417,88.27814,404.96,95,2026-03-02,1941,77.65
22.48457,88.4781,344.2,59,2026-03-07,554,8.86
27.16442,75.61136,374.03,83,2026-07-25,2305,43.93
10.09306,76.10915,373.41,92,2026-03-09,1618,90.02
24.26376,76.92162,332.08,82,2026-08-06,697,24.61
21.03211,72.50201,406.99,97,2026-03-05,373,28.65
21.32217,72.30545,326.67,88,2026-01-16,1434,3.66
20.42306,85.72881,385.09,96,2026-01-16,1732,91.42
25.63961,79.27169,340.41,94,2026-08-01,655,4.83
26.2068,80.59312,366.64,91,2026-01-30,962,21.43
23.63918,87.14481,374.03,97,2026-07-24,1483,70.66
27.0968,80.90329,315.54,54,2026-05-28,1038,7.57
22.39283,75.76221,380.94,98,2026-08-30,1953,95.0
20.28692,73.73698,396.68,99,2026-08-02,1286,101.93
9.21064,75.38169,334.42,90,2026-02-11,2242,12.3
28.44912,77.0338,404.88,92,2026-04-03,2121,36.68
20.23276,85.97187,389.0,100,2026-06-13,914,28.23
25.22684,86.20876,383.86,95,2026-04-19,936,30.55
27.50474,78.00862,320.08,83,2026-04-05,1268,8.33
13.84375,76.50789,326.76,84,2026-08-27,1574,22.04
23.86197,87.33249,332.11,49,2026-01-31,2220,4.54
32.49146,75.58264,321.28,84,2026-01-21,2083,18.63
26.09579,73.00186,398.29,95,2026-05-06,48,38.64
26.48194,84.33977,322.95,92,2026-06-30,93,19.64
18.47526,73.54928,312.57,58,2026-02-04,2264,4.65
17.50492,83.25577,308.6,35,2026-04-07,315,8.36
22.36611,73.14692,405.44,96,2026-04-25,1501,33.45
25.19813,75.66997,376.1,95,2026-06-02,2177,40.43
31.31707,75.40223,381.35,91,2026-07-17,1838,55.68
28.63498,77.06758,315.61,75,2026-06-10,1194,17.05
20.45294,72.83103,376.5,99,2026-01-21,1741,111.89
23.59498,86.73892,396.38,97,2026-02-16,380,118.76
16.82182,83.95473,340.99,90,2026-08-28,755,11.33
26.29544,91.8744,342.58,41,2026-04-02,2172,14.26
26.72407,80.84808,403.44,98,2026-07-07,1904,117.55
28.35186,76.9502,385.88,96,2026-08-30,1144,82.18
24.84917,84.86351,374.12,88,2026-06-01,1612,45.85
11.25707,76.7645,366.01,95,2026-05-21,1789,41.84
30.8859,75.92006,375.07,93,2026-02-27,1927,93.37
29.63785,76.30294,331.0,83,2026-04-30,463,13.35
27.90721,73.13882,389.96,94,2026-02-20,1980,44.63
18.36484,73.8359,373.39,92,2026-02-15,937,37.65
31.72713,75.12224,322.68,38,2026-08-15,1476,17.71
31.64058,75.01843,332.46,44,2026-01-16,1151,5.83
23.28489,85.3371,393.6,100,2026-02-08,1935,105.81
26.02497,73.21185,397.6,96,2026-08-19,772,42.6
20.45322,72.83112,394.21,92,2026-09-04,957,86.44
23.18781,77.60388,405.27,98,2026-03-02,2328,29.98
25.37944,84.85614,371.96,92,2026-07-19,1222,75.21
18.14941,79.27446,339.3,92,2026-06-18,772,10.51
21.26766,86.559,326.04,95,2026-08-05,196,5.89
24.92795,84.88125,374.66,93,2026-05-12,654,81.28
31.65304,75.06851,332.54,92,2026-07-06,468,5.43
17.58905,78.47599,381.68,93,2026-08-12,1587,88.59
16.42255,80.40337,335.53,55,2026-05-12,1271,8.1
28.54978,77.2318,386.52,95,2026-09-09,517,91.81
24.09403,84.06907,321.11,80,2026-09-19,308,17.23
16.31501,80.57321,373.16,91,2026-04-07,2218,97.15
25.66598,85.25796,393.31,93,2026-03-21,2060,57.63
20.21318,82.57273,327.25,80,2026-03-14,1506,20.13
18.71602,73.90281,408.77,96,2026-02-05,1007,34.51
25.019,75.64892,390.15,93,2026-08-09,1582,84.76
12.70875,77.88028,362.93,85,2026-04-13,1585,57.21
22.19205,70.84417,377.24,100,2026-08-20,840,58.51
25.28702,75.75591,385.52,97,2026-04-01,190,76.52
31.79716,74.95419,406.6,97,2026-08-01,913,47.9
24.576,84.96589,397.94,97,2026-05-28,2332,113.59
10.77783,77.41708,341.91,90,2026-02-28,1027,8.45
10.33697,76.07835,341.45,82,2026-07-13,2300,19.03
19.24878,72.47885,395.76,96,2026-06-15,2014,39.64
14.22997,81.31876,324.8,92,2026-05-06,818,5.09
28.47903,77.36095,409.48,97,2026-08-08,1310,40.45
22.50241,88.35009,378.69,83,2026-04-17,264,17.84
13.01884,80.37505,380.01,94,2026-01-23,938,41.33
28.43093,77.11385,341.13,52,2026-08-16,611,14.34
27.24107,80.85721,396.96,97,2026-03-28,2376,89.09
19.5137,72.86114,383.74,82,2026-05-13,1536,23.57
26.63601,81.13805,382.61,91,2026-01-02,1475,56.22
28.21818,77.20421,373.7,96,2026-08-15,1045,49.47
29.57977,76.79103,375.39,95,2026-07-22,1471,44.98
22.59225,88.44089,381.92,95,2026-04-10,524,34.54
25.1681,85.97113,394.02,96,2026-05-22,1829,63.16
16.25422,80.31209,397.98,94,2026-07-25,1428,31.78
28.41213,77.02797,373.13,94,2026-06-18,2108,55.72
21.25321,73.00575,393.56,98,2026-06-18,304,65.31
23.75387,87.2438,385.67,93,2026-05-02,1471,35.14
22.80917,86.52996,378.99,96,2026-04-10,787,82.01
26.40896,91.90296,392.92,94,2026-03-28,825,28.04
10.01377,76.17419,385.15,91,2026-04-28,1168,47.52
26.74409,75.59724,373.51,92,2026-04-01,1287,56.78
29.429,76.21489,344.5,94,2026-04-11,269,10.72
22.36842,88.10532,360.75,84,2026-09-04,1448,58.03
10.87289,77.07793,400.91,95,2026-06-29,1769,65.22
23.77187,87.13306,385.0,93,2026-02-18,1928,82.84
26.75087,75.62682,391.7,95,2026-07-11,2044,49.75
26.50687,80.37705,396.91,91,2026-07-27,1856,113.2
22.33486,73.1741,375.79,92,2026-04-14,1398,44.85
21.00479,79.24412,378.67,91,2026-01-03,640,54.14
19.40931,72.69869,344.1,35,2026-01-05,284,1.65
31.31725,75.40177,405.36,94,2026-08-21,796,82.31
22.29104,73.39957,327.25,81,2026-04-06,661,20.76
28.49822,76.88185,373.74,93,2026-08-07,745,59.37
20.92816,79.13063,309.41,45,2026-08-01,26,11.88
28.41222,77.02799,401.03,93,2026-01-01,1587,26.9
28.50216,77.43315,300.69,51,2026-04-04,1553,12.49
28.2988,77.26951,372.72,95,2026-01-05,685,27.65
18.14962,79.27455,330.98,95,2026-08-07,2102,20.98
25.12841,86.35155,381.65,95,2026-08-29,602,38.81
12.1937,78.5107,344.87,84,2026-07-10,96,15.91
22.33521,73.17386,398.5,98,2026-06-01,1808,68.99
22.31945,72.96338,374.31,86,2026-03-02,1127,54.46
11.8464,76.02526,332.51,89,2026-08-27,1260,16.26
21.04518,81.45317,380.47,85,2026-02-19,2104,64.05
17.39214,83.36718,388.92,85,2026-08-14,2281,50.06
22.29619,70.8168,409.43,97,2026-01-09,311,37.2
21.32244,72.30501,325.96,85,2026-06-28,1107,23.84
31.52919,75.73806,394.55,98,2026-02-10,2299,47.55
17.60515,78.54589,394.72,97,2026-04-13,2061,57.07
20.28796,85.73223,404.07,91,2026-04-28,1464,31.12
16.31498,80.57278,388.62,100,2026-08-23,1522,80.15
18.83571,73.04698,370.88,87,2026-04-20,1715,43.8
26.63599,81.13792,391.95,98,2026-06-23,30,31.04
26.16726,77.13006,321.04,93,2026-01-05,277,7.67
22.52301,75.77476,361.33,90,2026-06-23,1458,23.27
27.90724,73.13888,402.23,93,2026-06-18,96,32.81
13.26281,77.442,378.94,94,2026-02-05,2185,64.07
31.52099,75.2012,329.05,56,2026-03-21,737,2.02
26.06805,91.76185,382.59,95,2026-09-03,2380,111.89
22.35478,73.21075,378.23,94,2026-06-28,2017,59.83
27.63161,76.19984,333.37,88,2026-03-26,84,9.28
22.27961,70.51577,313.8,49,2026-07-22,1408,0.73
30.9288,75.53397,320.18,84,2026-07-21,1055,10.68
20.4562,73.05608,373.07,99,2026-04-02,1148,38.46
24.60168,85.26556,368.41,98,2026-08-08,927,39.8
31.24798,74.93024,396.82,98,2026-05-10,2228,83.25
27.06208,76.0266,374.16,91,2026-08-16,438,47.27
20.13795,73.76423,303.04,53,2026-08-07,792,8.32
19.09514,72.91803,385.17,92,2026-09-03,2112,58.69
27.36498,78.06687,388.68,96,2026-04-06,2308,76.34
19.16315,72.96118,409.64,94,2026-01-01,499,64.01
31.79699,74.95402,399.07,99,2026-07-12,1159,87.76
10.01423,76.17384,406.72,97,2026-09-08,1921,83.25
24.24087,76.45122,322.16,92,2026-04-02,454,14.42
20.16593,73.69389,400.17,95,2026-04-22,600,32.09
22.95507,72.68811,404.03,96,2026-03-21,720,63.65
24.61827,87.09671,335.31,84,2026-08-29,391,15.58
27.12209,75.78092,404.26,93,2026-03-28,1572,68.21
22.69279,88.47097,385.1,99,2026-07-22,797,84.25
21.00719,72.76697,406.94,100,2026-04-14,1622,82.41
18.49592,73.79384,374.98,97,2026-03-05,865,117.17
25.26385,85.20846,337.96,35,2026-04-18,2324,12.62
28.46422,77.14484,406.27,99,2026-07-31,1457,39.13
22.36112,72.99981,366.9,86,2026-04-08,1776,51.53
18.42387,73.69889,391.96,92,2026-01-30,799,26.74
17.51095,83.19615,406.49,97,2026-04-03,116,103.5
22.52428,70.89441,389.06,92,2026-07-19,1321,77.11
23.34297,85.39411,399.07,99,2026-01-11,2052,116.67
28.68584,77.27707,390.97,96,2026-01-25,2065,47.93
27.5048,78.00822,334.58,95,2026-07-25,317,10.21
23.32014,85.40038,342.8,50,2026-03-31,957,8.74
22.83979,86.19294,379.62,92,2026-04-14,1128,44.6
10.88592,76.93917,397.02,92,2026-08-24,1768,99.27
29.36681,77.01911,406.07,95,2026-01-26,1594,119.36
23.40751,74.0474,330.71,89,2026-04-27,745,19.88
26.66804,80.96216,389.16,94,2026-08-15,743,69.53
23.58881,86.03306,393.96,94,2026-09-15,169,94.97
21.15606,78.99984,387.34,93,2026-07-03,1409,67.07
22.24205,70.82418,386.17,98,2026-08-19,220,95.81
21.31923,73.02693,371.74,99,2026-06-06,944,49.15
23.37906,86.01123,384.26,97,2026-02-14,1939,115.22
24.7701,85.03019,407.69,97,2026-05-02,2123,88.09
16.79268,80.9112,386.19,91,2026-01-08,1607,53.28
25.33767,86.09304,303.29,42,2026-07-27,1837,15.63
22.307,70.74298,387.95,96,2026-01-03,433,94.79
20.54741,85.67326,335.15,40,2026-04-08,986,11.34
29.29487,77.16208,376.0,93,2026-02-21,1650,82.08
23.05695,77.2411,391.08,98,2026-08-16,2056,115.97
23.45305,86.91413,378.24,98,2026-08-04,788,99.49
28.36293,77.28223,386.98,98,2026-08-18,982,72.29
27.24821,78.19186,397.16,93,2026-01-30,1449,78.11
23.47102,87.14278,396.46,99,2026-02-02,1219,72.72
22.35401,75.71915,373.69,96,2026-05-14,2388,73.71
29.29791,76.87379,382.05,100,2026-06-04,1989,36.83
23.09514,77.08364,306.53,59,2026-09-01,718,9.33
27.81915,73.37708,386.51,99,2026-07-11,1032,110.2
31.65286,75.06855,327.97,88,2026-02-19,1149,20.79
31.52883,75.73824,398.4,100,2026-01-23,1023,49.89
27.63143,76.19996,338.14,92,2026-08-25,192,4.7
23.42984,77.07826,337.49,74,2026-04-01,300,15.24
26.17775,91.76206,394.48,96,2026-01-30,1304,49.16
12.73408,79.88191,394.69,91,2026-09-02,1967,110.44
12.90605,77.40247,383.35,84,2026-04-16,780,44.56
19.23892,73.01061,323.47,82,2026-04-27,1914,15.95
17.71133,83.45666,316.8,48,2026-02-09,1847,9.73
29.50358,77.15547,313.43,76,2026-06-09,194,17.5
30.63673,75.73207,386.99,99,2026-08-03,2145,68.95
22.40912,73.64604,408.94,100,2026-03-31,2359,56.23
25.16089,75.935,376.8,93,2026-01-07,1466,110.7
25.19601,75.92418,409.68,98,2026-04-05,102,94.89
28.91055,72.28107,344.37,89,2026-01-07,429,20.42
16.39198,80.59023,388.52,92,2026-08-09,72,42.09
24.10091,84.26444,333.7,82,2026-03-08,2272,15.43
25.47119,86.50383,380.45,82,2026-07-17,599,59.08
22.34673,88.24238,382.2,94,2026-01-17,432,41.53
23.77936,87.65406,307.33,62,2026-06-03,1583,12.22
29.26642,76.95215,352.79,87,2026-08-31,1598,34.34
28.48281,77.40581,387.59,95,2026-09-11,1839,55.1
26.14977,72.94423,395.9,95,2026-05-10,2169,50.43
18.80476,72.69113,380.17,96,2026-08-14,633,83.33
21.23379,79.13306,397.86,100,2026-07-21,111,46.68
22.07573,87.07462,324.28,90,2026-07-04,2240,22.08
20.22301,73.95294,369.15,82,2026-04-23,2240,49.11
24.3772,84.96919,404.76,95,2026-01-15,1205,48.2
27.04293,75.60725,400.67,98,2026-03-14,1042,111.54
9.65014,76.67378,390.93,95,2026-07-01,1179,107.07
19.94983,75.62255,371.68,96,2026-04-17,1005,68.66
27.84821,73.23192,400.11,96,2026-02-25,1909,49.52
22.28615,73.18392,405.48,97,2026-09-01,876,105.79
21.24911,72.7201,391.0,98,2026-08-29,996,43.92
29.13904,77.01381,397.23,98,2026-03-10,2280,114.24
25.26417,75.81479,385.83,96,2026-08-28,167,52.61
23.69195,86.88486,382.37,95,2026-09-10,522,82.22
29.12732,77.2111,365.6,85,2026-01-29,1251,35.2
22.34509,70.988,374.55,100,2026-02-21,1412,116.94
23.53808,87.47288,387.34,92,2026-09-19,26,99.82
19.17656,73.21932,337.11,76,2026-06-18,916,17.14
13.16292,77.6491,407.98,98,2026-01-24,2246,99.95
22.24178,70.82425,393.28,98,2026-08-12,37,57.04
23.01118,76.025,382.41,95,2026-07-15,95,108.33
28.28032,76.87197,353.46,95,2026-06-02,1834,51.35
28.2548,77.12952,340.68,45,2026-06-03,900,9.18
17.42704,78.2932,386.72,92,2026-07-21,1346,95.52
23.38383,87.20914,355.98,91,2026-08-23,144,36.87
23.43476,77.37487,395.85,100,2026-02-14,383,46.24
22.42798,70.89103,357.29,91,2026-01-04,957,22.18
23.60181,87.03601,402.91,100,2026-08-26,1549,107.36
23.2685,85.24358,389.21,82,2026-09-20,2203,27.5
29.50174,77.24822,374.11,93,2026-07-28,1646,31.45
21.3848,81.403,392.87,91,2026-08-18,324,31.66
16.51987,80.4108,393.04,93,2026-07-10,396,80.36
26.02386,91.7489,390.79,92,2026-05-18,2077,98.36
28.12,73.11087,384.49,93,2026-07-05,116,91.52
22.73798,86.17618,377.8,88,2026-05-30,2033,25.4
28.52588,77.38419,392.3,93,2026-02-03,535,78.39
22.80194,86.40685,383.99,99,2026-08-17,274,97.46
25.89829,73.23944,320.22,75,2026-05-31,1419,4.48
27.18798,78.08379,385.55,96,2026-04-29,1166,29.62
31.57601,74.99738,346.28,50,2026-08-23,727,7.8
20.05179,72.74414,381.68,98,2026-01-22,463,27.76
31.0289,76.09197,371.54,90,2026-08-27,1909,31.65
10.22422,77.6312,339.15,90,2026-02-11,2288,19.78
28.13596,77.59313,345.29,55,2026-08-12,1125,12.56
10.09624,76.18277,390.14,91,2026-06-13,1537,119.21
20.317,73.66298,337.68,61,2026-07-02,926,11.28
30.95685,75.60092,379.7,96,2026-06-10,819,48.13
26.44999,72.71682,380.19,92,2026-02-25,2233,119.4
22.37902,73.33296,409.18,97,2026-05-23,1311,95.63
25.54457,85.99643,330.47,44,2026-08-30,1132,16.56
17.58918,78.47589,389.01,95,2026-04-27,64,36.71
25.66582,85.25805,373.81,99,2026-04-06,2129,39.84
22.3363,70.80676,378.33,98,2026-02-11,910,43.95
20.16677,72.97382,386.36,97,2026-01-28,246,30.9
18.8969,73.00133,326.67,55,2026-04-24,1624,15.35
11.99162,77.947,340.26,83,2026-06-26,1197,7.09
19.85023,74.91683,377.73,93,2026-05-20,1468,86.27
31.66681,75.84903,403.66,98,2026-03-11,1962,72.35
27.46242,77.79184,374.46,91,2026-06-27,1484,23.26
31.87791,74.55407,327.16,47,2026-08-16,73,13.49
10.0562,76.30717,384.15,98,2026-04-14,987,37.97
16.38507,80.61876,377.63,91,2026-01-23,1494,111.69
22.86219,86.42055,317.7,77,2026-01-03,1314,4.56
25.19612,75.92395,373.47,97,2026-06-14,1767,71.96
20.84315,79.06815,397.9,97,2026-08-01,247,102.61
26.44976,72.71689,405.1,98,2026-02-06,2141,32.45
23.80091,75.19746,326.04,85,2026-07-31,324,6.73
22.35377,75.71878,402.87,100,2026-01-15,276,41.97
22.84317,72.7268,395.77,98,2026-02-24,443,40.97
25.54121,86.09802,404.45,96,2026-08-30,1350,103.95
28.47913,77.36094,394.0,98,2026-06-26,467,119.53
23.32497,85.01308,352.58,91,2026-08-24,2214,21.65
23.61742,86.69253,387.17,91,2026-07-22,1660,37.96
25.29589,86.27779,407.16,98,2026-05-23,330,33.12
25.01887,75.64897,390.25,96,2026-01-19,939,79.53
23.62517,86.3359,383.84,100,2026-04-10,132,55.61
16.92868,82.35735,338.1,87,2026-01-05,1675,11.98
22.69318,88.47077,403.8,99,2026-07-19,2075,68.52
18.39977,73.93244,369.75,97,2026-04-30,1975,48.83
23.83991,87.1092,373.68,93,2026-07-20,2303,50.65
20.91678,79.17017,407.37,91,2026-06-08,481,114.09
22.69349,72.51632,329.95,58,2026-05-08,1611,1.69
22.35398,75.71923,404.22,93,2026-06-23,795,66.41
22.73705,86.38105,385.67,94,2026-02-23,1353,44.92
28.71664,77.11007,314.62,74,2026-03-04,844,9.59
29.58387,78.43087,322.17,88,2026-02-04,1130,19.7
16.51811,80.84679,377.44,100,2026-09-14,67,86.9
25.19185,86.30164,318.06,77,2026-08-13,1940,7.72
20.58225,76.08395,323.98,88,2026-02-14,1641,9.71
23.57187,77.20286,385.66,91,2026-02-15,259,33.92
19.10895,72.90704,403.44,96,2026-02-09,1560,67.3
22.37901,73.33314,398.16,98,2026-06-11,1550,49.39
28.24885,73.51294,352.12,95,2026-01-25,1918,72.1
19.55589,75.56978,407.82,97,2026-04-20,1654,34.99
23.12782,72.27995,389.75,92,2026-05-20,450,39.18
18.96105,73.08009,379.32,95,2026-05-01,2108,21.94
23.37969,86.95619,336.34,43,2026-02-25,1581,12.42
11.09581,76.92148,304.56,62,2026-09-16,840,0.59
11.06642,77.09855,353.51,91,2026-05-05,210,60.97
17.60499,78.54618,391.41,100,2026-05-05,241,113.63
26.14982,72.94403,375.21,98,2026-06-23,1838,117.27
19.90783,75.27795,386.04,92,2026-06-26,240,60.39
24.52556,85.09974,312.21,59,2026-07-20,597,6.09
18.39089,73.6372,321.62,91,2026-02-13,2056,21.22
20.36497,71.93099,344.8,87,2026-05-23,1868,18.45
24.10128,84.26436,329.43,88,2026-06-19,2074,4.38
20.99802,86.94387,337.46,93,2026-09-01,1595,4.17
22.80908,86.52977,378.81,92,2026-06-02,2153,97.83
29.27464,76.87031,343.81,65,2026-08-09,442,1.49
19.57894,72.91785,402.31,93,2026-01-28,501,68.18
29.91398,76.78293,322.98,82,2026-06-06,854,14.76
13.26312,77.44215,407.07,96,2026-05-10,2186,33.56
22.80892,86.52987,383.57,94,2026-08-19,248,37.13
24.75656,88.09865,329.68,90,2026-02-21,820,16.99
25.29083,85.00628,318.77,37,2026-01-24,939,10.7
16.17715,80.9087,341.03,36,2026-01-20,389,12.43
19.69775,73.76547,302.63,50,2026-03-15,475,1.82
29.91388,76.78301,328.69,87,2026-02-13,168,16.5
28.61545,77.1939,376.63,95,2026-04-12,1925,61.15
25.87846,85.10014,334.08,59,2026-09-01,937,4.25
29.45496,76.9338,383.78,95,2026-05-30,991,93.94
28.54096,77.27105,388.48,100,2026-05-21,1963,82.15
12.88424,80.27911,402.43,96,2026-04-11,1776,56.48
17.41486,79.83345,341.85,89,2026-08-12,1362,24.87
26.13807,74.82037,320.48,93,2026-08-02,2358,11.48
19.80901,71.75654,341.8,83,2026-08-09,1788,16.67
19.39852,73.00715,319.84,62,2026-03-09,998,16.18
26.72411,80.84824,398.56,93,2026-05-14,892,82.58
26.75826,80.16855,344.35,60,2026-09-07,1928,7.24
25.38376,86.21297,383.64,98,2026-02-23,1054,107.26
31.20207,75.61657,322.88,37,2026-08-06,544,4.86
26.36215,80.59379,392.06,98,2026-03-23,1986,94.97
26.93493,81.26461,340.96,65,2026-09-17,622,14.44
17.76915,83.10626,378.25,82,2026-07-12,1508,32.53
20.97007,79.31014,383.37,91,2026-01-07,1400,32.53
26.31417,91.75984,407.34,93,2026-05-04,419,53.03
29.29489,77.1622,385.22,95,2026-09-14,1934,61.48
10.71876,77.001,406.4,100,2026-08-22,127,69.28
11.04912,76.81592,389.95,97,2026-06-07,137,34.32
22.90113,86.44644,301.74,43,2026-07-21,708,12.33
24.56797,84.81305,379.51,93,2026-04-21,1127,83.48
16.72966,80.87328,336.65,55,2026-07-13,1467,8.73
25.72494,86.22997,380.15,94,2026-01-27,158,102.91
31.52905,75.73776,385.68,99,2026-03-08,568,110.86
22.43812,71.03513,328.59,42,2026-04-06,1683,9.52
25.89502,80.2654,332.11,92,2026-05-25,29,18.06
26.82703,75.66391,387.29,91,2026-09-19,2284,36.94
26.06983,91.7141,394.62,98,2026-04-22,2004,112.22
25.44612,86.20217,390.17,92,2026-05-13,1998,28.91
17.53255,78.77297,358.49,92,2026-03-16,97,69.33
21.17693,86.80345,341.21,81,2026-09-03,1462,11.33
23.62628,85.07269,339.45,83,2026-09-03,605,10.45
26.261,73.38781,406.7,99,2026-09-03,1517,59.45
27.0804,74.0138,340.41,80,2026-05-20,1677,3.15
28.36324,77.28221,379.41,95,2026-07-25,1430,51.2
16.2816,80.39649,363.85,94,2026-03-11,387,51.59
31.31708,75.40182,401.81,97,2026-06-19,547,93.65
16.7101,84.16875,323.06,92,2026-07-02,804,6.57
23.19592,85.30513,402.55,96,2026-04-18,2310,37.71
28.74108,77.0646,331.49,62,2026-01-02,742,4.71
22.4092,73.64602,391.09,99,2026-02-22,1409,108.36
21.16609,72.58911,393.15,96,2026-04-21,78,89.98
29.91361,76.78295,325.17,87,2026-02-13,816,23.62
27.09681,75.78683,372.28,98,2026-06-12,671,106.84
24.45978,87.26031,340.05,89,2026-06-18,523,13.08
19.17492,73.12025,380.22,97,2026-05-21,1266,80.48
15.47886,79.97982,323.09,80,2026-03-04,2061,19.31
25.5637,86.79702,341.89,39,2026-01-20,376,8.53
31.66694,75.84894,387.58,100,2026-07-06,2248,48.41
22.86495,72.62895,388.73,93,2026-07-20,2025,89.69
25.05071,84.67109,316.57,47,2026-09-16,812,15.8
22.29601,70.81705,374.26,96,2026-01-25,210,61.87
31.44089,75.71093,392.14,99,2026-07-21,2101,99.21
26.79104,81.15308,371.49,85,2026-06-17,1663,68.99
22.91318,72.6201,335.26,50,2026-07-08,741,4.45
26.07011,91.71376,406.39,100,2026-06-26,388,54.96
13.84349,76.50763,332.53,87,2026-05-14,1931,10.04
32.20873,76.37977,340.39,90,2026-01-22,1749,17.34
21.09883,72.78298,389.59,100,2026-01-12,931,33.68
28.44987,76.76078,380.5,94,2026-01-04,81,118.82
18.50612,73.79794,395.01,100,2026-03-30,2329,82.82
27.84989,73.00865,312.59,61,2026-01-18,2368,9.4
10.79877,77.08197,387.8,95,2026-04-03,670,44.21
11.05657,76.78525,387.61,90,2026-09-09,1610,31.03
25.42005,76.13574,354.93,90,2026-03-13,198,53.65
24.27005,86.06512,338.06,90,2026-05-27,1753,20.23
22.86264,72.60599,360.68,95,2026-09-14,2279,25.17
25.227,86.20893,381.96,93,2026-07-16,1591,78.64
15.48946,81.77185,329.48,87,2026-03-08,741,15.7
17.1251,78.55263,345.8,59,2026-07-24,1484,12.66
19.5558,75.56993,404.16,94,2026-04-20,1375,57.38
26.30423,80.10757,378.31,93,2026-06-10,299,36.53
24.50698,87.36087,328.9,87,2026-05-30,32,12.46
24.63381,84.95714,391.9,93,2026-07-17,280,33.63
26.92408,81.1612,390.89,91,2026-06-10,2028,50.67
23.90767,86.05989,321.22,45,2026-09-07,1421,7.37
19.88708,73.86911,391.79,94,2026-04-16,1090,106.38
16.71011,84.16842,334.1,81,2026-04-15,1949,9.08
22.77521,75.76518,389.22,94,2026-06-23,568,85.19
23.06186,86.02401,360.55,96,2026-01-22,861,33.45
31.60864,74.75115,314.59,42,2026-07-12,344,5.28
12.93599,77.71479,381.15,95,2026-02-15,1856,31.56
12.82958,80.179,354.76,98,2026-01-26,678,56.08
21.26789,86.559,332.7,89,2026-02-03,2112,13.26
25.71681,85.30211,397.13,100,2026-03-31,416,113.6
16.57707,80.51717,335.36,42,2026-07-21,1157,3.03
26.50678,80.37685,374.21,95,2026-06-23,1472,56.23
26.50706,80.37721,374.78,92,2026-02-04,1631,80.07
22.54522,86.12624,304.22,69,2026-08-29,1770,8.88
21.156,78.99987,400.3,91,2026-02-27,1556,26.86
23.57205,77.20289,405.54,94,2026-03-06,2132,36.19
23.34178,86.72872,313.2,55,2026-09-06,2214,13.71
18.49602,73.79408,376.27,97,2026-08-16,520,56.27
26.92416,81.16094,404.37,99,2026-04-12,999,86.94
26.89771,76.07617,300.33,58,2026-03-19,1686,16.87
17.4268,78.29289,373.12,91,2026-08-04,2303,110.15
26.04981,85.38438,323.24,81,2026-05-06,352,7.2
28.46395,77.14489,400.24,94,2026-06-23,1833,28.46
23.0971,72.56197,406.08,91,2026-08-07,416,68.31
23.04087,86.19948,311.94,56,2026-05-16,1716,3.44
23.20495,72.6639,357.58,88,2026-05-28,425,38.21
21.22668,79.12019,389.52,82,2026-06-26,2192,78.2
17.72021,83.34496,405.75,94,2026-01-01,117,80.78
27.28187,77.70226,342.25,45,2026-06-09,1292,10.69
10.33693,76.07816,324.68,84,2026-08-29,18,14.37
21.25277,73.00591,396.46,93,2026-01-12,999,119.37
23.63404,86.06116,387.88,91,2026-01-06,1704,61.83
28.70772,77.58518,343.39,59,2026-01-28,677,5.56
28.19978,77.10387,408.21,95,2026-09-03,331,35.73
19.9891,75.04708,383.3,96,2026-03-20,474,106.12
24.63388,84.95722,396.18,94,2026-07-31,765,49.53
9.9992,76.38867,354.39,96,2026-06-30,1605,24.47
19.91887,73.83513,376.22,93,2026-03-20,1679,28.13
20.42612,72.95199,397.81,92,2026-08-11,1677,47.36
31.53696,74.76082,372.76,95,2026-03-07,301,82.66
23.43488,77.37477,402.25,91,2026-05-08,1676,59.84
28.68224,76.23969,332.73,93,2026-06-20,1841,10.5
28.18587,77.32507,304.56,51,2026-03-09,793,17.23
28.35179,76.9501,408.27,95,2026-02-15,1000,28.79
26.77593,80.88811,365.95,84,2026-03-23,1709,66.07
20.22323,73.61704,404.6,93,2026-07-13,735,119.75
12.87005,77.73516,393.66,92,2026-06-10,2140,51.52
24.89182,85.15858,351.95,97,2026-07-26,654,67.88
27.50439,78.0083,340.17,83,2026-08-09,1894,24.84
26.92424,81.16113,377.82,95,2026-09-07,1976,56.6
31.66919,75.01034,364.43,94,2026-01-02,38,52.92
31.63792,76.92568,325.47,87,2026-07-20,592,5.92
31.36334,74.81932,329.16,42,2026-08-22,1563,8.69
31.44091,75.71114,406.17,96,2026-03-26,202,47.76
18.08024,72.0353,335.65,93,2026-02-09,422,17.47
26.17596,91.95518,395.39,94,2026-07-17,1128,63.79
27.12646,75.96794,308.35,61,2026-01-24,56,7.31
19.80933,71.7565,340.91,80,2026-05-22,750,19.39
12.81264,80.17506,373.63,83,2026-09-18,2308,37.24
26.09887,79.05809,326.16,82,2026-01-15,1105,23.9
31.54092,74.87276,377.77,92,2026-01-12,1555,32.02
24.72128,84.95872,341.48,65,2026-07-08,1860,16.43
11.04416,76.81422,386.11,92,2026-07-10,1572,86.73
18.77075,73.54601,409.53,96,2026-08-15,1138,65.62
13.16291,77.64896,401.12,92,2026-09-14,109,112.74
25.44623,86.20187,395.71,93,2026-07-18,1891,101.47
29.70713,77.19882,388.68,93,2026-04-28,299,49.89
26.02407,91.74914,387.62,100,2026-02-05,1350,32.84
23.41034,72.43156,330.46,88,2026-03-14,1840,10.24
22.61503,75.82915,406.43,100,2026-05-04,1203,46.15
28.28889,75.98639,344.82,85,2026-05-14,1303,13.56
25.16785,85.97099,397.78,93,2026-08-04,1107,98.12
26.16742,77.12992,327.16,84,2026-01-13,2374,23.15
31.00947,75.77957,337.41,68,2026-01-06,270,15.14
22.95497,72.68784,403.0,91,2026-05-13,46,49.64
23.55412,87.47417,386.62,92,2026-08-22,1706,66.45
21.00693,72.76676,396.43,96,2026-07-05,505,41.9
22.07572,87.07454,332.72,83,2026-01-11,1954,9.88
21.38518,81.40303,373.84,100,2026-07-11,2070,101.84
18.51212,73.9579,381.49,94,2026-05-31,81,44.51
21.11216,81.8918,396.2,97,2026-06-01,1398,39.07
20.12378,71.84253,339.1,81,2026-06-13,1480,24.46
19.85006,74.91693,392.35,94,2026-02-19,2322,50.8
20.37106,85.74306,316.25,60,2026-01-07,129,7.27
23.17865,85.56481,353.47,93,2026-06-05,1055,34.13
18.34527,83.92251,340.44,89,2026-09-02,1297,10.48
25.05304,76.06395,376.63,95,2026-02-26,1652,72.73
19.98884,75.04699,391.07,92,2026-05-21,1477,68.29
12.9372,77.78506,399.5,98,2026-05-03,75,36.19
20.5141,85.57824,387.68,91,2026-02-17,2387,97.21
31.14292,75.52554,310.37,50,2026-02-19,1935,12.82
26.33101,91.73483,322.46,63,2026-03-12,425,3.1
20.20253,80.49087,324.59,91,2026-04-13,663,16.92
23.86017,73.30426,338.84,88,2026-05-17,124,16.45
23.57393,77.61708,318.61,64,2026-08-31,580,16.36
26.03549,73.13095,377.55,90,2026-01-02,2214,43.12
27.24802,78.1922,393.39,93,2026-05-29,1186,90.99
23.34418,77.39999,373.29,91,2026-03-21,435,88.89
24.50524,84.65796,341.82,73,2026-01-19,1963,8.71
20.30623,85.48603,324.57,58,2026-07-02,1969,10.53
23.12817,72.2799,394.87,95,2026-04-13,1556,108.69
22.80215,86.40718,388.43,96,2026-04-20,1725,114.92
25.53677,85.26819,391.9,98,2026-08-02,254,35.21
18.8478,74.66036,342.13,90,2026-02-22,542,3.47
27.12198,75.78085,378.13,93,2026-02-25,2016,61.01
20.23279,85.97193,377.37,91,2026-09-16,132,51.68
23.43277,85.40403,383.51,100,2026-08-10,495,77.78
19.29192,72.91377,392.72,100,2026-07-02,1105,99.72
27.68386,78.30726,341.77,86,2026-08-15,505,14.36
20.99791,86.94371,336.39,95,2026-08-16,2152,24.62
29.32684,76.99631,341.52,41,2026-08-17,49,15.17
26.09577,73.00181,396.42,94,2026-04-10,539,91.26
27.79584,77.85979,322.29,90,2026-03-06,1775,7.22
21.55313,87.36852,320.15,95,2026-06-27,64,18.51
23.69817,86.73228,311.81,36,2026-07-25,1696,3.96
19.02791,72.80902,400.63,96,2026-02-15,2189,101.16
20.4329,72.83242,338.98,78,2026-02-17,85,13.04
26.86821,80.75106,374.96,93,2026-04-24,285,79.95
23.57176,77.20276,383.73,94,2026-09-15,30,53.82
25.52865,84.1064,341.06,88,2026-08-16,1032,6.96
29.91353,76.78281,335.87,89,2026-01-17,490,20.31
29.09985,72.43304,329.67,92,2026-08-10,425,12.47
25.86117,84.70105,394.55,95,2026-02-15,11,32.12
27.77092,73.38982,381.69,99,2026-03-28,381,34.2
23.82694,86.89444,322.16,59,2026-02-17,535,3.37
25.65278,85.38805,389.28,91,2026-07-23,1669,58.15
28.69781,77.007,408.37,97,2026-07-28,1753,96.77
12.20379,81.41154,339.02,84,2026-05-10,1844,23.85
25.26296,75.79819,403.7,99,2026-01-21,2163,64.01
22.16143,72.94636,375.3,95,2026-09-06,703,66.68
12.9371,77.785,380.41,96,2026-03-10,2287,57.68
21.25579,72.68818,400.23,97,2026-01-07,320,112.98
26.86777,80.75124,400.63,93,2026-01-25,929,67.8
22.37903,73.33318,396.23,98,2026-01-26,854,25.87
28.37265,77.06828,309.49,35,2026-02-22,930,9.18
23.0362,72.69112,328.71,50,2026-06-13,807,14.57
20.42619,72.9521,406.51,98,2026-05-26,1621,85.28
21.11179,81.89205,396.49,92,2026-05-12,1020,43.22
21.09916,72.78314,388.19,92,2026-05-17,1928,107.43
31.48181,74.96374,345.13,39,2026-08-13,938,9.52
25.65325,85.38823,404.46,100,2026-08-17,173,48.54
17.46596,78.53802,400.98,100,2026-01-03,572,37.31
28.87118,77.67124,409.7,98,2026-01-20,123,103.51
27.81897,73.37694,392.39,91,2026-03-15,629,76.41
25.17356,75.79986,358.85,91,2026-03-21,1755,46.75
29.63595,76.90382,377.25,98,2026-06-01,2240,83.48
10.06892,76.44403,388.77,91,2026-03-29,1080,81.93
23.3409,85.41003,344.28,56,2026-05-22,1640,9.73
30.26869,77.94553,341.73,91,2026-02-22,2097,20.1
22.04457,80.19019,341.94,83,2026-07-03,515,22.13
25.44595,86.20205,409.29,93,2026-03-17,1060,36.78
23.4711,87.14302,396.68,92,2026-06-20,391,55.61
26.97606,81.22202,374.39,88,2026-02-05,2047,66.23
23.56422,87.29166,343.94,89,2026-03-31,1611,24.52
30.74612,76.05153,375.37,99,2026-03-17,1527,41.85
20.06491,73.78336,335.91,92,2026-04-01,1669,10.35
22.99064,86.11746,385.79,83,2026-08-13,965,24.05
26.26123,73.38796,396.35,94,2026-03-10,373,101.49
28.69821,77.00715,404.21,95,2026-07-08,2370,110.9
25.93621,92.01635,384.09,93,2026-07-25,1892,47.87
10.77307,76.83486,381.16,95,2026-04-05,619,42.69
22.62357,86.90814,343.31,82,2026-05-14,2026,20.11
23.6021,87.03593,377.15,100,2026-09-01,715,25.91
16.66184,80.71307,390.41,91,2026-08-16,469,66.08
26.51811,72.89981,358.23,96,2026-02-11,2086,54.49
28.82816,77.55207,379.21,96,2026-08-27,69,118.46
22.60142,88.06655,384.79,95,2026-06-07,1173,78.29
25.35678,86.34653,364.85,83,2026-08-04,468,18.59
21.27798,78.91636,384.42,87,2026-06-11,1449,34.36
28.37545,77.35071,334.07,63,2026-07-05,561,5.48
10.77753,77.41728,326.21,93,2026-04-12,281,17.91
9.19183,75.18737,321.46,90,2026-06-23,1734,9.17
26.63577,81.13777,394.45,94,2026-09-08,1884,79.66
28.37835,77.63725,330.12,75,2026-07-18,394,15.46
12.87014,77.73517,382.64,92,2026-04-19,1321,94.56
31.83298,74.78512,395.1,94,2026-08-26,1494,55.41
19.56092,73.05908,407.85,96,2026-08-31,2187,82.56
22.24225,70.82411,373.68,99,2026-02-23,1631,62.14
21.1792,81.55211,370.85,91,2026-08-24,1589,48.74
12.8891,77.27724,396.05,94,2026-03-23,987,73.54
27.81916,73.37705,403.73,93,2026-08-12,533,83.06
20.28692,73.73687,387.46,96,2026-01-19,2110,101.0
12.1939,78.51043,331.96,94,2026-05-24,666,23.0
28.85653,77.35937,342.9,49,2026-05-27,754,2.83
19.96318,73.63212,406.86,93,2026-06-26,347,90.44
21.93999,76.53368,329.03,90,2026-03-12,2005,19.21
22.64056,88.30186,361.85,97,2026-06-03,1120,56.54
25.15322,86.56185,379.48,94,2026-01-14,917,95.97
21.0988,72.78314,392.75,92,2026-06-25,1074,79.49
20.91723,79.17024,404.28,91,2026-03-28,856,44.16
17.22923,78.50588,389.27,95,2026-03-29,616,94.54
24.26969,86.06506,338.04,95,2026-02-12,1043,9.61
27.84808,73.23185,380.91,99,2026-01-23,1427,119.1
26.3141,91.76008,399.61,98,2026-08-15,801,72.34
23.86449,86.78422,377.69,90,2026-02-24,1273,24.28
31.29395,75.85425,378.28,96,2026-04-17,1837,59.84
20.45408,85.59996,388.73,100,2026-09-03,2028,71.41
28.63806,77.3731,388.45,94,2026-05-28,2110,34.11
24.79781,86.07405,340.65,83,2026-03-10,1117,20.89
17.63816,83.39713,307.64,66,2026-06-12,489,15.86
17.63971,82.93296,379.92,86,2026-03-07,82,64.51
18.08032,72.03511,331.33,89,2026-05-21,2028,12.89
23.4559,89.34971,320.74,89,2026-05-07,1164,15.52
22.39785,88.26781,338.12,87,2026-04-18,696,4.26
23.45292,86.91393,377.93,93,2026-03-22,1917,101.93
31.58465,75.61341,332.47,76,2026-05-14,0,4.56
27.04295,75.60679,385.67,92,2026-07-08,2059,85.98
20.9185,81.30121,303.82,63,2026-07-02,1592,1.75
20.4509,85.91308,395.05,96,2026-06-05,207,25.65
25.83789,85.37038,382.39,84,2026-08-17,1784,17.1
17.42714,78.29307,409.11,93,2026-01-18,1226,35.89
27.68375,78.30761,326.45,91,2026-02-17,242,11.44
23.00696,86.28402,404.11,92,2026-01-20,541,82.06
23.626,85.07304,334.7,84,2026-01-13,1510,15.95
29.63595,76.90396,400.72,95,2026-09-01,566,113.63
23.7961,86.20983,389.54,91,2026-03-03,2247,110.31
23.58907,86.03286,386.43,91,2026-06-12,273,25.89
22.97916,72.34584,383.95,96,2026-01-15,1437,63.35
27.35239,74.08411,335.95,80,2026-08-04,316,24.8
22.12391,80.01392,330.82,92,2026-08-26,294,13.46
11.13922,77.03804,375.68,98,2026-08-09,226,107.49
24.09411,84.06887,340.86,83,2026-09-03,40,18.08
27.22594,78.09775,374.3,91,2026-03-27,2290,108.18
26.2963,73.005,351.39,84,2026-06-08,1643,31.16
27.98089,73.23007,389.67,92,2026-08-14,2067,111.38
23.26618,77.32012,405.51,94,2026-04-27,630,108.09
22.28347,70.74538,305.12,49,2026-05-22,2050,6.01
25.5411,86.09777,407.11,93,2026-05-14,1320,31.33
23.51724,87.33521,352.66,95,2026-07-17,615,43.97
24.57614,84.96589,404.3,91,2026-08-02,576,59.4
20.0062,73.65199,395.68,100,2026-05-07,1491,83.11
26.50713,80.37689,378.01,91,2026-06-29,2064,55.55
28.82777,77.55204,377.29,97,2026-08-24,2041,35.45
28.20023,77.1042,405.79,92,2026-03-26,536,92.94
22.98904,77.09686,320.11,46,2026-06-12,2298,15.75
22.3349,73.174,391.54,99,2026-01-05,1600,39.59
20.16595,73.69421,390.07,97,2026-06-23,1371,119.56
22.69311,88.47104,373.97,100,2026-02-18,459,52.68
26.14939,73.07363,360.16,86,2026-01-11,963,35.5
21.25324,73.00609,380.07,96,2026-01-02,2104,45.45
27.86304,73.43485,383.12,98,2026-02-14,1940,71.16
13.26294,77.44205,373.96,92,2026-06-17,818,81.63
30.79919,75.97387,404.87,94,2026-07-01,548,49.53
17.74777,83.3402,398.46,100,2026-06-15,1522,116.89
19.77534,71.99689,321.86,89,2026-03-28,2344,16.0
23.22547,72.72258,340.55,60,2026-01-07,1108,5.87
26.74412,75.59705,395.9,97,2026-04-11,938,82.57
26.31635,73.20543,301.54,41,2026-05-22,1173,2.38
28.54059,77.16233,383.68,86,2026-03-09,1866,59.39
25.65295,85.3881,380.79,97,2026-06-05,172,106.31
23.04012,77.57379,394.36,93,2026-08-09,365,52.74
17.29821,78.39404,387.89,90,2026-01-15,1781,28.0
26.55232,80.51295,351.69,95,2026-01-01,1514,33.89
20.45444,72.73804,325.0,40,2026-05-08,1182,12.82
31.67969,74.59167,352.38,90,2026-04-26,1776,65.45
22.80936,87.10179,334.2,92,2026-02-08,574,24.59
26.41786,80.57998,344.44,70,2026-04-21,1097,15.94
25.47718,86.47383,304.3,43,2026-04-11,1288,14.76
18.91506,72.71092,401.17,98,2026-07-26,114,79.51
21.59106,81.62913,301.07,35,2026-09-19,2115,17.9
19.49187,73.27115,389.06,91,2026-06-21,2195,54.23
25.54083,86.09816,376.77,93,2026-04-04,465,100.48
10.06883,76.4438,407.1,94,2026-03-14,1921,40.87
25.05285,76.06385,377.17,92,2026-07-30,54,98.89
18.14954,79.27431,327.08,94,2026-03-31,1485,4.8
23.28493,85.33708,380.65,97,2026-03-07,1139,86.27
23.27544,72.43985,364.99,85,2026-04-22,1704,41.73
23.02371,85.63201,335.7,70,2026-08-22,8,15.32
30.89042,76.04634,341.06,38,2026-04-25,433,16.75
26.009,73.29222,376.71,98,2026-04-13,1469,80.39
11.36195,76.82576,340.3,46,2026-05-25,117,5.21
30.44597,74.45953,328.5,86,2026-06-15,1247,23.19
13.16299,77.64898,373.17,99,2026-08-08,1664,97.1
24.24652,87.57159,335.98,80,2026-01-08,1365,15.94
13.23794,77.39194,378.14,85,2026-08-25,2199,71.74
18.75645,74.08249,322.91,43,2026-01-22,2384,13.8
22.07595,87.07452,333.23,91,2026-08-05,1594,5.86
22.2767,80.74397,342.08,90,2026-08-08,1546,17.82
9.63959,76.58607,309.91,59,2026-04-05,319,6.4
19.77546,71.99682,337.2,85,2026-03-16,1993,6.53
28.64327,77.00373,379.97,97,2026-08-15,1189,33.59
29.36407,76.97245,374.23,84,2026-06-04,444,26.94
20.12895,75.08227,376.82,85,2026-07-10,434,13.6
22.80206,86.40715,383.62,94,2026-04-03,982,100.63
31.2292,75.74692,389.58,92,2026-08-30,589,104.01
28.21783,77.20388,379.3,93,2026-04-11,1327,110.48
30.44589,74.45969,341.92,83,2026-09-18,1549,11.16
19.3751,73.25226,388.94,97,2026-03-01,1668,44.7
27.36512,78.06722,377.46,91,2026-07-25,509,44.82
20.42606,72.95186,377.25,97,2026-05-31,1113,81.8
18.50852,73.6673,368.3,96,2026-06-01,780,30.16
23.75385,87.2439,380.14,94,2026-01-31,1961,92.28
18.65291,73.87093,405.52,95,2026-03-14,1929,72.75
27.09708,75.78693,391.24,98,2026-03-19,1381,75.07
20.11593,73.90093,378.47,95,2026-07-31,638,62.13
25.57487,81.06977,320.3,83,2026-01-10,771,4.96
29.63617,76.90402,385.8,91,2026-02-01,1152,49.08
19.88811,75.71497,404.5,95,2026-01-23,2328,85.97
21.84971,73.88731,326.04,87,2026-04-25,1570,21.45
22.39791,88.26809,322.64,83,2026-04-06,1669,23.73
21.27976,81.80922,388.89,97,2026-08-08,335,107.87
13.11691,80.36364,303.12,39,2026-05-04,533,1.49
32.20868,76.3797,325.98,88,2026-05-24,1167,4.44
20.80377,79.14648,333.87,47,2026-09-02,1144,3.96
26.44882,79.05965,322.7,90,2026-04-07,362,23.14
20.00581,73.65198,372.1,100,2026-09-07,1737,34.63
28.48125,76.8417,357.38,84,2026-05-24,2362,70.97
11.13891,77.03782,387.75,100,2026-08-09,1802,33.78
22.27333,70.80568,389.4,91,2026-01-20,1952,60.75
25.66414,86.52623,336.21,66,2026-07-16,1070,14.39
10.87298,77.07803,387.32,91,2026-05-20,949,47.29
23.91548,71.66107,323.81,85,2026-03-04,808,22.07
28.80032,77.19226,325.59,66,2026-08-08,1060,2.61
26.09607,73.00178,373.65,91,2026-08-13,105,79.4
28.26222,77.40995,392.79,100,2026-05-15,1005,83.2
27.9809,73.22979,387.44,100,2026-01-08,939,64.42
28.47159,77.01855,365.28,87,2026-01-19,408,27.64
24.42447,85.369,329.45,95,2026-01-26,1800,3.19
20.23313,85.97186,381.14,97,2026-06-08,130,78.0
13.01904,80.37519,389.35,95,2026-04-21,556,100.37
27.44518,77.96918,403.58,98,2026-01-11,1264,33.75
24.24653,87.57148,331.68,93,2026-04-24,1741,22.26
28.49803,76.88191,378.71,96,2026-05-01,2067,26.3
25.53565,86.7318,351.98,84,2026-03-01,352,30.61
11.04919,76.81599,372.49,96,2026-01-18,1684,104.21
11.19384,76.77045,379.19,97,2026-07-11,1587,53.46
19.24878,72.47879,401.22,99,2026-08-19,498,51.28
27.33214,77.76215,408.54,100,2026-03-26,1054,108.23
21.38515,81.40281,386.82,100,2026-05-23,1082,49.92
31.54077,74.87305,373.18,92,2026-01-11,1273,95.32
16.98664,82.54082,338.07,90,2026-02-16,745,20.69
20.84587,72.73494,305.07,37,2026-01-09,482,1.87
22.80886,86.52978,404.93,91,2026-02-23,2337,86.55
21.98501,70.63876,377.95,91,2026-04-16,519,55.38
23.37894,86.01112,394.03,97,2026-06-09,925,71.28
24.7341,85.00917,385.32,92,2026-06-13,1092,73.0
23.05713,77.24096,375.46,98,2026-04-20,1047,32.78
21.58891,74.77701,324.0,85,2026-03-18,102,7.89
12.97418,80.36077,408.89,92,2026-03-01,1833,44.03
25.63914,79.27186,336.52,89,2026-08-30,1360,13.77
27.24086,80.85681,408.88,100,2026-03-23,809,31.07
26.74399,75.59699,384.59,94,2026-08-14,1175,38.44
28.2529,77.45614,402.62,94,2026-02-07,1637,119.28
26.15503,72.97306,386.66,96,2026-08-28,1326,34.83
21.27985,81.80893,404.56,93,2026-08-02,47,69.33
13.01888,80.37491,397.81,97,2026-03-31,23,74.31
27.86371,73.53044,331.5,63,2026-03-01,145,7.93
31.29386,75.85392,391.01,92,2026-06-16,704,34.86
22.90791,72.48257,388.15,88,2026-07-13,1930,74.03
18.31833,74.0395,367.47,98,2026-02-22,888,58.85
23.16478,72.10994,374.25,92,2026-06-25,1172,81.13
28.50086,76.95832,388.71,83,2026-01-11,642,59.03
25.18993,86.13998,331.79,53,2026-08-18,2372,13.46
23.57222,77.20313,376.11,95,2026-06-17,1325,92.25
22.48613,72.93935,316.92,64,2026-03-02,876,5.89
23.63921,86.86701,309.1,49,2026-04-04,535,5.15
10.71911,77.00118,403.38,91,2026-01-13,1634,82.62
26.668,80.96204,389.42,99,2026-03-13,1824,62.6
26.24584,80.31876,380.61,99,2026-06-10,826,94.9
23.67703,86.62551,334.77,64,2026-09-14,47,7.71
28.54113,77.27117,390.87,96,2026-08-06,393,62.89
15.48937,81.77181,335.76,90,2026-01-20,527,12.43
18.71623,73.90302,389.0,95,2026-03-26,723,119.97
17.31198,78.60683,391.46,96,2026-07-04,1858,101.39
28.28897,75.98621,337.64,89,2026-09-10,1809,5.51
25.60876,85.44712,380.58,91,2026-04-13,2310,69.76
19.06512,72.78278,384.6,95,2026-06-12,1856,68.55
19.14805,73.03514,378.23,93,2026-03-17,1609,27.57
24.57622,84.96592,401.12,99,2026-07-16,1870,38.66
19.24924,72.47876,406.43,91,2026-08-02,2298,45.19
23.42309,77.39731,321.94,52,2026-08-20,1964,16.81
22.13984,73.05517,345.16,45,2026-08-12,338,13.66
18.6529,73.87122,390.19,91,2026-01-01,559,35.46
30.11906,76.71533,342.17,84,2026-06-22,127,23.69
32.49147,75.58266,325.53,84,2026-04-10,1014,24.39
26.82721,75.66412,386.07,94,2026-03-25,830,72.95
30.9569,75.60084,392.61,97,2026-06-28,565,46.66
26.24607,80.31918,377.45,99,2026-03-28,604,63.55
23.32018,77.5879,387.84,92,2026-05-27,2151,99.02
28.28098,76.8549,400.18,97,2026-03-06,1026,79.42
19.18321,72.97798,406.05,91,2026-07-06,1341,62.22
25.60322,84.90318,387.71,100,2026-05-26,46,99.93
18.39843,72.1898,344.28,90,2026-05-23,15,5.78
18.91512,72.71102,372.2,92,2026-07-01,1006,31.77
12.87019,77.73523,376.62,93,2026-04-08,1612,91.39
22.30713,70.74314,387.32,94,2026-03-27,548,90.25
23.09712,72.56208,388.29,91,2026-07-25,2281,115.25
25.32823,86.47891,372.81,94,2026-03-14,337,88.21
23.50198,87.50891,380.42,93,2026-09-07,88,109.37
27.98082,73.22978,386.75,98,2026-09-07,2231,107.75
26.0239,91.74876,379.37,94,2026-03-17,1706,37.15
29.20875,76.97746,372.12,97,2026-09-05,1160,51.36
19.4237,86.70895,321.48,90,2026-03-04,728,8.38
22.73299,86.30561,367.09,86,2026-04-07,265,12.85
17.57503,83.29386,374.0,97,2026-06-30,459,96.91
19.55615,75.56989,393.05,97,2026-09-08,826,97.21
22.34341,78.35195,344.05,92,2026-07-18,1746,11.02
21.18351,73.87311,337.77,88,2026-02-21,1082,12.02
22.6471,88.38217,382.74,96,2026-09-18,1366,99.8
23.12966,72.36643,373.84,87,2026-08-19,186,27.73
18.8332,73.6365,327.36,56,2026-05-23,2042,11.32
22.54271,73.16912,357.41,87,2026-08-11,2104,30.83
25.52849,84.1066,332.83,92,2026-06-08,2175,11.82
22.36598,73.14693,404.41,99,2026-07-16,337,61.05
21.10485,81.79993,353.16,93,2026-03-03,2109,39.46
19.57916,72.91803,399.02,92,2026-04-03,765,79.54
25.65284,85.38792,387.92,97,2026-05-13,1973,111.07
28.55089,77.06989,403.86,96,2026-04-24,1186,28.62
31.54122,74.87314,397.52,97,2026-04-07,1039,59.13
23.53415,86.40884,378.13,96,2026-06-04,1712,77.53
20.28712,73.73694,398.79,91,2026-02-24,2396,28.6
28.73669,77.45966,319.66,38,2026-04-20,20,15.64
19.4236,86.70901,328.88,90,2026-08-31,2190,10.32
31.30537,75.47304,375.5,97,2026-07-17,769,78.83
28.28893,75.98622,341.4,83,2026-03-16,2007,11.91
22.65467,75.97771,335.91,43,2026-01-21,2058,17.93
26.74341,85.87828,334.85,92,2026-08-04,25,19.81
20.32282,85.6281,407.69,96,2026-03-22,2265,70.54
16.31524,80.57276,388.04,100,2026-06-19,1836,118.07
9.90321,76.39568,334.7,50,2026-06-02,79,13.44
23.32016,77.58815,397.83,95,2026-04-27,1901,51.91
21.00469,78.82766,380.1,93,2026-02-04,499,13.02
22.69717,75.78908,380.76,94,2026-02-07,1287,93.26
20.052,72.74398,405.06,96,2026-04-25,1816,116.66
24.73421,85.00895,385.59,96,2026-08-18,422,31.72
25.36723,85.80811,306.22,75,2026-08-06,2282,6.71
21.15617,79.00017,388.95,97,2026-08-20,1349,52.43
22.11312,88.18775,384.73,92,2026-02-24,290,72.12
23.7401,86.11137,359.5,85,2026-08-27,128,19.1
12.93613,77.71504,390.29,97,2026-05-01,634,82.48
9.78948,76.33413,385.0,99,2026-08-26,1182,59.04
24.6615,85.28809,336.02,94,2026-09-19,2309,8.8
25.53711,85.26818,397.61,92,2026-06-13,2180,28.65
19.05738,72.88617,304.23,70,2026-08-19,1383,13.22
27.78985,76.35807,323.56,85,2026-03-31,594,14.68
22.83678,85.9386,334.55,73,2026-09-03,1357,11.18
26.74385,85.87804,344.7,83,2026-03-18,258,20.2
28.36568,77.03022,373.45,95,2026-05-10,1683,76.55
25.58207,86.7583,367.82,82,2026-02-23,1824,37.55
18.41853,73.70795,362.68,95,2026-07-25,1211,23.47
22.65131,73.07178,345.98,52,2026-05-16,425,4.46
10.19373,76.60388,332.33,77,2026-01-26,1312,2.27
28.21606,73.41404,378.7,99,2026-06-06,2356,73.17
26.28261,92.02295,344.61,47,2026-05-30,5,5.43
21.18323,73.87327,325.29,84,2026-07-11,2360,6.31
22.96843,75.79538,388.9,84,2026-04-17,1875,35.41
20.98129,81.59904,331.14,73,2026-07-27,1091,4.83
20.06541,75.15419,343.09,71,2026-09-08,1213,11.82
25.86905,91.38855,300.63,74,2026-03-23,462,3.25
28.95084,76.99101,327.29,43,2026-07-31,1393,15.83
17.54308,78.23156,388.86,88,2026-02-21,1818,77.03
19.17516,73.12021,375.69,94,2026-04-01,677,116.58
16.39684,80.91049,387.23,84,2026-07-25,1493,55.83
26.99989,80.94387,401.26,97,2026-02-03,283,119.2
28.30949,73.19422,300.2,74,2026-08-07,2350,10.93
25.98086,91.85304,370.52,97,2026-07-21,380,24.58
23.22371,87.24957,305.97,76,2026-03-04,1495,6.49
28.9107,72.28076,326.78,88,2026-04-04,1691,11.27
17.6325,83.47831,376.44,94,2026-01-27,1363,42.16
20.58234,76.08428,339.97,86,2026-04-02,192,14.65
25.29583,86.27778,406.43,93,2026-02-15,395,96.95
23.53815,87.47316,384.76,95,2026-02-14,1365,103.22
24.53351,88.06942,344.6,88,2026-01-13,41,10.1
21.09417,78.76598,403.2,97,2026-08-17,2131,94.75
12.20405,81.41164,341.98,81,2026-09-06,1138,8.64
26.27728,86.86967,344.5,84,2026-08-03,2106,9.26
26.4088,91.90276,375.68,97,2026-07-13,225,77.1
21.98508,70.63924,383.44,92,2026-09-04,1118,45.46
24.79798,86.0737,337.73,91,2026-02-24,1590,8.97
19.38709,73.18868,382.97,94,2026-09-18,2133,18.28
19.80387,75.42502,389.8,92,2026-05-16,1982,71.83
28.54111,77.27095,388.03,91,2026-01-03,1223,68.82
21.06498,72.71106,366.0,97,2026-09-18,1265,40.04
27.96023,76.89838,341.32,89,2026-01-05,715,9.55
11.24539,76.95776,337.38,47,2026-09-11,666,5.67
21.13479,78.97713,377.37,100,2026-05-28,724,113.35
20.32401,72.88106,398.34,94,2026-01-27,2175,106.51
19.32106,72.77295,394.08,93,2026-08-22,2096,46.19
21.90172,73.70706,320.72,81,2026-05-22,684,19.15
17.67586,82.88624,321.65,77,2026-05-04,1489,14.6
31.01312,75.77297,372.86,94,2026-04-28,504,30.33
29.45506,76.93405,372.49,92,2026-09-10,1951,86.43
25.65888,86.32964,305.64,43,2026-06-03,2036,3.03
20.91722,79.17001,389.02,91,2026-02-14,1703,91.91
22.28588,73.18396,403.06,95,2026-03-18,1307,111.69
22.64698,88.38194,380.0,94,2026-09-06,1053,113.09
22.95489,72.68775,398.69,100,2026-01-08,2067,88.54
17.75184,83.17868,313.64,77,2026-03-06,1725,12.54
24.62917,86.49818,341.36,87,2026-03-16,1482,11.09
26.05711,73.27467,302.27,70,2026-03-29,2151,9.48
23.524,87.25051,329.7,90,2026-04-27,679,23.72
19.0897,72.68534,366.13,85,2026-03-18,2271,25.19
18.77076,73.54624,377.62,100,2026-02-16,767,111.08
25.30522,86.1411,405.96,93,2026-03-17,1223,25.09
23.11094,85.31287,399.75,96,2026-04-11,605,108.78
24.80724,84.70691,374.5,98,2026-07-09,2340,87.1
28.2531,77.45609,389.14,96,2026-02-02,2338,48.4
22.6972,75.78897,384.53,92,2026-03-01,1541,111.88
19.88709,73.86875,374.43,97,2026-03-07,849,97.26
16.44524,80.66225,346.29,75,2026-04-25,191,4.87
26.63313,75.49292,314.35,50,2026-04-14,54,1.83
27.0968,75.78683,387.01,96,2026-03-03,255,41.76
17.58907,78.47593,375.14,95,2026-08-24,29,57.16
21.29407,81.64294,409.82,93,2026-05-11,2322,78.9
32.49155,75.58224,332.36,87,2026-04-07,1976,10.98
31.79696,74.95401,398.12,98,2026-07-04,692,108.55
21.11216,81.89208,389.73,100,2026-07-03,1329,96.7
29.38154,78.11517,334.83,86,2026-03-16,2184,9.7
23.23826,87.03578,337.72,65,2026-06-18,1080,12.31
25.12125,76.17473,344.96,77,2026-02-03,275,15.57
19.56086,73.05891,404.51,98,2026-07-12,1028,78.18
28.21791,77.20396,409.04,94,2026-02-21,1259,39.88
26.15511,72.97323,405.93,100,2026-07-27,1462,114.17
19.71105,75.43721,407.72,94,2026-03-14,1088,106.44
22.80917,86.19896,403.92,99,2026-06-24,1378,99.76
25.35065,86.13496,312.17,59,2026-09-12,606,15.89
29.63593,76.90376,397.65,96,2026-03-06,1390,27.25
18.09547,73.82253,337.84,90,2026-02-28,1349,10.91
22.80905,86.52983,391.08,99,2026-04-02,876,45.65
22.27662,79.86991,338.19,82,2026-05-04,1587,9.41
10.01239,76.11767,343.43,85,2026-08-02,2103,20.44
28.50037,77.38181,354.69,87,2026-09-18,914,35.69
21.25615,72.68788,382.23,95,2026-09-04,962,40.91
18.20208,74.02222,316.34,53,2026-03-16,1138,17.46
31.53685,74.76117,398.19,95,2026-07-03,2262,90.95
10.88618,76.93902,387.93,94,2026-04-27,1075,68.42
18.42409,73.59705,368.85,84,2026-06-14,887,62.9
25.1979,75.67001,409.47,98,2026-05-15,1460,109.92
30.67969,75.89188,367.06,99,2026-08-11,2053,38.44
23.91626,86.29018,316.33,64,2026-02-20,1542,9.15
30.80306,75.51923,407.13,98,2026-09-17,110,82.5
24.14185,74.92161,343.27,81,2026-04-25,392,21.08
22.12394,80.01389,324.23,93,2026-06-03,460,13.4
22.23221,73.51119,405.97,99,2026-02-10,742,71.3
17.58887,78.47584,403.48,94,2026-04-21,702,49.86
12.86984,77.73506,382.0,95,2026-03-18,1135,33.11
31.4769,74.86884,374.2,96,2026-05-02,1949,85.52
26.25717,80.50517,335.68,73,2026-08-04,1251,3.32
19.27616,72.64866,303.93,60,2026-09-02,2103,15.04
16.38476,80.61884,391.48,95,2026-01-14,257,108.84
21.36649,72.01886,340.85,91,2026-04-05,2034,4.76
19.63783,75.4794,377.76,92,2026-06-10,1218,49.2
19.67961,75.62052,380.93,97,2026-03-17,1544,46.33
27.02248,75.72967,359.23,99,2026-02-11,90,77.94
10.77784,77.41705,331.98,88,2026-06-20,248,19.17
18.42401,73.96702,400.31,97,2026-01-12,2279,28.64
27.88793,73.24605,342.99,65,2026-06-14,2031,3.81
24.05491,86.23216,325.86,93,2026-02-11,621,22.48
16.25412,80.31213,392.69,91,2026-04-11,2097,40.55
28.01308,74.85691,339.02,92,2026-06-03,143,11.64
27.98105,73.23021,401.73,100,2026-01-29,968,34.17
25.29643,75.55059,321.69,68,2026-03-29,1903,16.12
25.44588,86.20224,374.48,92,2026-05-03,1112,39.6
22.70032,75.90069,340.25,60,2026-09-03,716,10.81
22.37887,73.333,396.11,91,2026-01-10,790,107.05
27.95232,73.29109,339.91,74,2026-02-22,1626,5.46
29.63612,76.90409,382.96,94,2026-01-29,382,51.88
27.73599,73.18478,385.97,84,2026-07-02,1584,13.32
23.88189,86.97593,408.49,91,2026-05-11,797,56.78
11.84632,76.02525,331.1,81,2026-08-30,85,24.1
22.64718,88.3822,407.1,99,2026-04-29,1405,40.84
23.00683,86.28414,381.31,92,2026-08-10,341,58.95
26.82731,75.86007,352.19,87,2026-04-29,1084,73.36
28.37388,77.04687,399.35,94,2026-07-28,592,82.16
23.58901,86.03307,397.47,92,2026-04-13,317,113.38
16.66202,80.71297,402.96,95,2026-07-11,1711,60.5
10.77948,76.98313,341.82,44,2026-02-18,1746,8.2
23.04004,77.57402,390.18,91,2026-07-27,764,74.27
27.09712,75.78723,407.67,94,2026-05-16,295,70.21
17.31185,78.60694,392.61,96,2026-05-13,2136,52.58
23.11097,85.31314,390.98,99,2026-04-21,304,100.67
